email,nps,survey_year,primary_category,gender,age,total_sessions,follower_count,w2_active,m2_active,genres_books,genres_screenpla,genres_podcasts,first_app_open_d,user_type
0001,5,21,TV/Movies,Female,65+,127,1,TRUE,TRUE,"[""Romance"",""Whodunit""]","[""Comedy"",""Romantic Comedy"",""Romance"",""Drama"",""Fantasy"",""Whodunit""]","[""Science & Technology"",""TV & Movies""]",undefined,app_user
0002,5,21,Books,Male,45-54,3841,0,TRUE,TRUE,"[""Fantasy"",""Dark Fantasy"",""Tearjerkers"",""Comedy"",""Humor"",""Magic"",""Romance"",""Science Fiction"",""Horror"",""Dystopian Fiction""]","[""Action & Adventure"",""Drama""]",undefined,undefined,app_user
0003,5,21,Books,Female,45-54,801,11,TRUE,TRUE,"[""Young Adult"",""Thriller"",""Shocking Twists"",""Spy Thrillers"",""Psychological Thrillers"",""Historical Fiction"",""Classics"",""Tearjerkers"",""True Crime"",""Memoirs"",""British Classics"",""Coming of Age"",""Comedy""]","[""Comedy"",""Romantic Comedy"",""Dark Comedy"",""Spoofs and Mockumentaries"",""Drama"",""British Dramas"",""Period Dramas"",""Romance"",""Tearjerkers"",""Crime"",""True Crime"",""Heists"",""Superheroes"",""Comic Book Adaptations"",""Marvel"",""Thriller"",""Shocking Twists"",""Psychological Thrillers"",""Spy Thrillers"",""Action & Adventure"",""Action"",""Adventure"",""Reality"",""Competition"",""Documentary"",""Docuseries"",""Whodunit"",""Biopic""]","[""Comedy"",""Comedian"",""Crime"",""True Crime"",""Pop Culture"",""TV & Movies"",""Celebrities"",""Society & Culture"",""Unsolved Crime""]",2021-05-11T17:16:22,app_user
0004,6,21,Books,Female,25-34,195,0,TRUE,TRUE,"[""Fantasy"",""Romance"",""Historical Fiction"",""High Fantasy"",""Epic Fantasy"",""Magic"",""Dark Fantasy"",""Urban Fantasy""]",undefined,undefined,2021-07-11T00:50:15,app_user
0005,6,21,Books,Female,35-44,92,0,TRUE,TRUE,"[""Fantasy"",""Magic"",""Epic Fantasy"",""High Fantasy"",""Romance"",""Historical Fiction"",""Dystopian Fiction""]","[""Romance"",""Romantic Comedy"",""Drama"",""Family Friendly"",""Disney"",""Period Dramas"",""Family Dramas"",""Teen Romance"",""Fantasy"",""Magic"",""Epic Fantasy"",""Mind Bending""]",undefined,2021-07-07T05:55:37,app_user
0006,6,21,TV/Movies,Female,25-34,690,11,TRUE,FALSE,"[""Comedy"",""True Crime"",""Thriller""]",undefined,"[""Crime"",""Comedy"",""Unsolved Crime"",""True Crime"",""TV & Movies""]",2020-07-27T20:52:22,app_user
0007,6,21,Books,Female,25-34,114,1,TRUE,TRUE,"[""Fantasy"",""Horror"",""Classics"",""LGBTQ+"",""Whodunit"",""Paranormal"",""Slasher"",""British Classics"",""Science Fiction"",""Comedy"",""Humor"",""Magic"",""Time Travel"",""Historical Fiction"",""Dystopian Fiction"",""Outer Space"",""Thriller"",""Psychological Thrillers"",""Mystery"",""Shocking Twists"",""High Fantasy"",""Dark Fantasy"",""Epic Fantasy"",""Urban Fantasy""]","[""Comedy"",""Spoofs and Mockumentaries"",""Dark Comedy"",""Adult Cartoon"",""British Comedy"",""Period Dramas"",""British Dramas"",""Crime"",""Superheroes"",""Comic Book Adaptations"",""Marvel"",""Fantasy"",""Magic"",""Mind Bending"",""Dark Crime"",""Vigilante"",""Thriller"",""Psychological Thrillers"",""Suspense"",""Mystery"",""Horror"",""Supernatural"",""Slasher"",""Family Friendly"",""Disney"",""Sitcoms"",""Science Fiction"",""Outer Space"",""Time Travel"",""Robots"",""Anime"",""Action & Adventure"",""Action"",""Adventure"",""Documentary"",""Docuseries"",""LGBTQ+"",""Whodunit""]","[""Pop Culture"",""Society & Culture"",""Fiction"",""Comedy"",""Comedian"",""TV & Movies"",""Crime"",""True Crime"",""Music"",""History""]",undefined,app_user
0008,6,21,Books,Male,45-54,121,0,TRUE,TRUE,"[""Science Fiction"",""Dystopian Fiction"",""Historical Fiction"",""Outer Space"",""Fantasy"",""High Fantasy"",""Epic Fantasy"",""True Crime""]",undefined,"[""Crime"",""True Crime"",""Unsolved Crime"",""History"",""Fiction"",""Science & Technology"",""Technology"",""TV & Movies""]",undefined,app_user
0009,7,21,Books,Female,18-24,undefined,undefined,FALSE,FALSE,undefined,undefined,undefined,undefined,app_user
0010,7,21,Podcasts,Female,18-24,66,0,TRUE,TRUE,"[""Fantasy"",""Magic"",""Epic Fantasy"",""Comedy"",""Humor"",""Thriller"",""Mystery"",""Spy Thrillers"",""Science Fiction"",""Time Travel"",""Outer Space"",""Classics"",""British Classics"",""Poetry"",""Whodunit"",""Children's Books""]","[""Comedy"",""Romantic Comedy"",""British Comedy"",""Workplace Comedy"",""Superheroes"",""Marvel"",""Family Friendly"",""Disney"",""Science Fiction"",""Anime"",""Action & Adventure"",""Action"",""Adventure"",""Whodunit"",""Music"",""Survival"",""Sports"",""Baseball"",""Fantasy""]","[""Comedy"",""Fiction"",""History"",""Science & Technology"",""Science"",""Technology"",""News"",""Politics"",""Business""]",undefined,app_user
0011,7,21,Books,Female,18-24,null,null,null,null,null,null,null,null,newsletter
0012,7,21,TV/Movies,Female,55-64,88,0,FALSE,FALSE,undefined,undefined,undefined,2019-08-25T16:00:45,app_user
0013,7,21,TV/Movies,Female,18-24,133,1,FALSE,FALSE,"[""Self Help"",""Young Adult"",""Memoirs"",""Teen Romance"",""Comedy""]",undefined,undefined,2019-07-03T19:33:27,app_user
0014,8,21,Books,Female,18-24,525,0,TRUE,TRUE,"[""Romance"",""Young Adult"",""Coming of Age"",""Thriller"",""LGBTQ+"",""Fantasy""]","[""Drama"",""Family Dramas"",""Teen"",""High School"",""Comedy"",""Workplace Comedy""]",undefined,2021-07-06T06:51:36,app_user
0015,8,21,Books,Male,45-54,394,2,TRUE,TRUE,"[""Thriller"",""Mystery"",""Psychological Thrillers"",""Science Fiction"",""Dystopian Fiction"",""Time Travel"",""Horror"",""Paranormal"",""Whodunit"",""True Crime"",""Shocking Twists"",""Spy Thrillers""]","[""Thriller"",""Suspense"",""Shocking Twists"",""Horror"",""Mystery"",""Psychological Thrillers"",""Superheroes"",""Marvel"",""Science Fiction"",""Zombie"",""Dystopian"",""Time Travel"",""Outer Space"",""Alien"",""Action & Adventure"",""Action"",""Spy Thrillers"",""Western"",""Adventure""]",undefined,undefined,app_user
0016,8,21,TV/Movies,Male,25-34,7188,11,TRUE,TRUE,"[""Fantasy"",""Magic"",""High Fantasy"",""Dark Fantasy"",""Epic Fantasy"",""Comedy"",""Urban Fantasy"",""Humor"",""Comedian"",""Thriller"",""Shocking Twists"",""Mystery"",""Science Fiction"",""Dystopian Fiction"",""Time Travel"",""Outer Space"",""Historical Fiction"",""Classics"",""World War 2"",""Horror"",""Slasher"",""Paranormal"",""True Crime"",""Self Help"",""Cooking"",""Cookbooks"",""Psychology""]","[""Comedy"",""Workplace Comedy"",""Stoner Comedy"",""British Comedy"",""Dark Comedy"",""Spoofs and Mockumentaries"",""Adult Cartoon"",""Thriller"",""Suspense"",""Shocking Twists"",""Psychological Thrillers"",""Mystery"",""Horror"",""Supernatural"",""Slasher"",""Science Fiction"",""Outer Space"",""Time Travel"",""Robots"",""Zombie"",""Dystopian"",""Alien"",""Anime"",""Action & Adventure"",""Action"",""Adventure"",""War"",""Fantasy"",""Epic Fantasy"",""Magic"",""Mind Bending"",""Superheroes"",""Comic Book Adaptations"",""Marvel"",""Drama"",""Courtroom Dramas"",""Western""]",undefined,undefined,app_user
0017,8,21,Books,Other,18-24,428,8,TRUE,TRUE,"[""Fantasy"",""Science Fiction"",""High Fantasy"",""Epic Fantasy"",""Young Adult"",""Romance"",""Comedy"",""Historical Fiction"",""Classics"",""LGBTQ+"",""Poetry"",""Whodunit"",""Urban Fantasy"",""Magic"",""British Classics"",""Humor""]","[""Comedy"",""British Comedy"",""Fantasy"",""Family Friendly"",""Anime"",""Disney"",""Magic"",""Epic Fantasy"",""LGBTQ+"",""Action & Adventure"",""Whodunit"",""Adventure"",""Science Fiction""]","[""Crime"",""Comedy"",""Pop Culture"",""Fiction"",""History""]",undefined,app_user
0018,8,21,Books,Male,55-64,837,0,TRUE,FALSE,"[""Whodunit"",""True Crime""]",undefined,undefined,2020-10-30T12:42:34,app_user
0019,8,21,TV/Movies,Male,25-34,137,2,TRUE,FALSE,"[""Fantasy"",""Self Help"",""Motivation"",""Business""]","[""Fantasy"",""Horror"",""Supernatural"",""Superheroes"",""Epic Fantasy"",""Marvel"",""Romance"",""Comedy"",""Workplace Comedy"",""Biopic""]",undefined,undefined,app_user
0020,9,21,Books,Female,25-34,3958,57,TRUE,FALSE,"[""Fantasy"",""Historical Fiction"",""Science Fiction"",""Cookbooks""]",undefined,undefined,2020-10-16T07:22:23,app_user
0021,9,21,TV/Movies,Female,25-34,999,18,TRUE,TRUE,"[""Romance"",""Thriller"",""Spy Thrillers"",""Mystery"",""Classics"",""Horror"",""Paranormal"",""Whodunit"",""True Crime"",""Historical Fiction""]","[""Action & Adventure"",""Documentary"",""Western"",""Whodunit"",""Thriller"",""Suspense"",""Mystery"",""Spy Thrillers"",""Political"",""Biopic"",""Crime"",""Heists"",""Drama"",""Courtroom Dramas"",""Supernatural""]",undefined,undefined,app_user
0022,9,21,TV/Movies,Female,25-34,null,null,null,null,null,null,null,null,newsletter
0023,9,21,Books,Female,35-44,154,1,TRUE,TRUE,"[""Fantasy"",""Romance"",""Young Adult"",""True Crime"",""Poetry"",""Magic"",""High Fantasy"",""Urban Fantasy"",""Dark Fantasy"",""Epic Fantasy"",""Romantic Comedies"",""Coming of Age"",""Thriller"",""Psychological Thrillers"",""Shocking Twists"",""Mystery"",""Cooking"",""Cookbooks"",""Holiday Cookbooks""]","[""Comedy"",""Romance"",""Crime"",""Drama"",""Fantasy"",""Family Friendly"",""Music"",""Action & Adventure""]",undefined,2021-04-06T13:01:22,app_user
0024,10,21,Books,Female,55-64,103,0,TRUE,TRUE,"[""Romance"",""Thriller""]","[""Romance"",""Comedy"",""Drama"",""Documentary""]",undefined,2021-04-22T19:31:58,app_user
0025,10,21,Books,Female,25-34,514,0,FALSE,TRUE,"[""Thriller"",""Shocking Twists"",""Psychological Thrillers"",""Science Fiction"",""Dystopian Fiction"",""Horror"",""Slasher"",""Paranormal"",""True Crime"",""Self Help"",""Mental Health"",""Motivation"",""Psychology"",""Fantasy"",""Dark Fantasy"",""Young Adult"",""Cooking"",""Cookbooks"",""Tearjerkers"",""Business"",""Leadership""]","[""Anime"",""Science Fiction"",""Dystopian"",""Thriller"",""Suspense"",""Shocking Twists"",""Psychological Thrillers"",""Horror"",""Supernatural"",""Slasher"",""Alien"",""Zombie"",""Robots"",""Action & Adventure"",""Action"",""Adventure"",""Survival"",""Post Apocalyptic"",""Documentary"",""Time Travel"",""Food"",""Competition"",""Reality"",""Outer Space"",""Spy Thrillers"",""Mystery"",""Marvel"",""Comic Book Adaptations"",""Superheroes"",""Tearjerkers"",""Drama""]",undefined,undefined,app_user
0026,10,21,Books,Male,35-44,129,0,TRUE,TRUE,"[""Science Fiction"",""Dystopian Fiction"",""Time Travel"",""Outer Space"",""Historical Fiction""]","[""Science Fiction"",""Outer Space"",""Time Travel"",""Robots"",""Zombie"",""Dystopian"",""Alien"",""Black Cinema"",""Music"",""Documentary"",""Docuseries"",""Western"",""Outlaw Western"",""Political"",""Biopic""]","[""Music"",""History"",""Fiction"",""News"",""Politics"",""Science & Technology"",""Science"",""Technology""]",undefined,app_user
0027,10,21,TV/Movies,Female,45-54,886,5,TRUE,TRUE,"[""Historical Fiction"",""World War 2"",""Romance"",""Tearjerkers"",""Thriller"",""Psychological Thrillers"",""Shocking Twists"",""Whodunit""]","[""Comedy"",""Drama"",""British Dramas"",""Tearjerkers"",""Family Friendly"",""Sitcoms"",""Romantic Comedy""]","[""Interviews"",""TV & Movies"",""Health & Fitness"",""Mental Health"",""Fitness"",""Meditation""]",undefined,app_user
0028,10,21,Books,Female,45-54,621,5,TRUE,TRUE,"[""Horror"",""Fantasy"",""High Fantasy"",""Magic"",""Science Fiction"",""Dystopian Fiction"",""Outer Space"",""Time Travel"",""Classics"",""LGBTQ+"",""Dark Fantasy""]",undefined,"[""Music""]",undefined,app_user
0029,10,21,Books,Female,25-34,69,12,TRUE,TRUE,"[""Young Adult"",""Thriller"",""Psychological Thrillers"",""Horror"",""Slasher"",""Poetry"",""Shocking Twists"",""Teen Romance"",""Coming of Age"",""Paranormal"",""Spy Thrillers"",""Mystery"",""Fantasy"",""Epic Fantasy"",""Magic""]",undefined,undefined,2021-08-03T15:25:58,app_user
0030,10,21,TV/Movies,Female,35-44,3096,521,TRUE,FALSE,"[""Coming of Age"",""Thriller"",""Memoirs"",""Whodunit"",""Comedy"",""Classics""]","[""Comedy"",""Crime"",""Whodunit"",""Reality""]","[""Comedy"",""Pop Culture"",""History"",""Interviews"",""True Crime""]",2020-09-20T20:54:36,app_user
0031,10,21,Books,Female,35-44,3826,66,TRUE,FALSE,"[""Historical Fiction"",""World War 2"",""Classics"",""Romance"",""Young Adult"",""British Classics"",""Romantic Comedies"",""Teen Romance"",""Coming of Age"",""Tearjerkers"",""Children's Books"",""Memoirs"",""Books for Kids""]","[""Comedy"",""Romantic Comedy"",""Workplace Comedy"",""British Comedy"",""Romance"",""Family Friendly"",""Disney"",""Drama"",""Family Dramas"",""British Dramas"",""Period Dramas"",""Tearjerkers"",""Teen"",""High School"",""Fantasy"",""Epic Fantasy"",""Magic"",""Superheroes"",""Comic Book Adaptations"",""Teen Romance"",""Marvel"",""Sitcoms"",""Action & Adventure"",""Action"",""Adventure"",""Music"",""Science Fiction"",""Outer Space"",""Time Travel"",""Dystopian"",""Documentary"",""Docuseries"",""Survival"",""Post Apocalyptic"",""War"",""Whodunit"",""Western"",""Outlaw Western"",""Biopic"",""Political""]",undefined,undefined,app_user
0032,10,21,TV/Movies,Female,25-34,null,null,null,null,null,null,null,null,newsletter
0033,10,21,Books,Female,18-24,536,5,FALSE,FALSE,"[""Fantasy"",""Magic"",""Young Adult"",""Comedy"",""Romance"",""Dark Fantasy"",""True Crime"",""Horror"",""Slasher"",""Paranormal"",""Tearjerkers"",""Self Help"",""Mental Health"",""Cooking"",""Cookbooks""]","[""Comedy"",""Music"",""Anime"",""Family Friendly"",""Disney"",""Drama"",""Tearjerkers"",""Fantasy"",""Magic"",""Family Dramas""]",undefined,undefined,app_user
0034,10,21,Books,Female,35-44,3819,23,TRUE,FALSE,"[""Romance"",""Fantasy"",""Historical Fiction"",""Science Fiction"",""Whodunit"",""True Crime"",""Horror"",""Thriller"",""Memoirs""]",undefined,undefined,undefined,app_user
0035,10,21,Books,Female,25-34,64,1,FALSE,FALSE,undefined,undefined,undefined,undefined,app_user
0036,10,21,Books,Female,35-44,201,0,TRUE,TRUE,"[""Horror"",""Paranormal"",""Slasher"",""True Crime"",""Whodunit"",""Thriller"",""Shocking Twists"",""Psychological Thrillers"",""Mystery""]",undefined,undefined,undefined,app_user
0037,7,21,TV/Movies,Male,35-44,undefined,undefined,FALSE,FALSE,undefined,undefined,undefined,2022-09-07T16:26:37,app_user
0038,6,21,Books,Female,35-44,null,null,null,null,null,null,null,null,newsletter
0039,6,21,TV/Movies,Female,35-44,2807,587,TRUE,TRUE,"[""Horror"",""Science Fiction"",""Outer Space"",""Dystopian Fiction"",""Time Travel""]","[""Drama"",""Tearjerkers"",""Horror"",""Science Fiction"",""Dystopian"",""Anime"",""Alien"",""Sports"",""Boxing"",""Martial Arts"",""Reality"",""Documentary"",""War"",""Fantasy"",""Mind Bending""]",undefined,undefined,app_user
0040,8,21,Books,Female,25-34,152,54,TRUE,TRUE,"[""Tearjerkers"",""Romance"",""Young Adult"",""Poetry"",""Teen Romance"",""Thriller"",""Shocking Twists"",""Psychological Thrillers"",""Memoirs"",""Children's Books"",""Books for Kids"",""Romantic Comedies""]","[""Romance"",""Comedy"",""Romantic Comedy"",""Teen Romance"",""Teen"",""High School"",""Thriller"",""Shocking Twists"",""Suspense"",""Action & Adventure"",""Adventure"",""Music"",""Family Friendly"",""Sitcoms"",""Drama"",""Courtroom Dramas"",""Crime"",""Heists"",""Mystery"",""Spy Thrillers""]","[""Crime"",""True Crime"",""TV & Movies"",""Unsolved Crime"",""Music"",""History"",""Interviews"",""Family Friendly"",""News"",""Politics"",""Fiction"",""Relationship"",""Love"",""Dating"",""Health & Fitness"",""Health"",""Mental Health"",""Fitness"",""Self Help"",""Kids""]",undefined,app_user
0041,9,21,Books,Female,35-44,null,null,null,null,null,null,null,null,newsletter
0042,9,21,TV/Movies,Female,35-44,650,0,TRUE,FALSE,"[""Comedy"",""Horror"",""Romance"",""Young Adult"",""Historical Fiction"",""Classics""]","[""Comedy"",""Romance"",""Music"",""Thriller"",""Tearjerkers"",""Science Fiction"",""Fantasy"",""Superheroes"",""Teen"",""Documentary"",""War"",""Anime"",""Horror"",""Western"",""Whodunit"",""Crime""]",undefined,2020-11-08T17:57:08,app_user
0043,10,21,TV/Movies,Male,18-24,5361,145,TRUE,TRUE,"[""Fantasy"",""Poetry"",""Classics"",""British Classics"",""Historical Fiction"",""Coming of Age"",""Epic Fantasy"",""Dark Fantasy"",""Urban Fantasy"",""High Fantasy"",""Magic"",""Science Fiction"",""Dystopian Fiction"",""Outer Space"",""Time Travel"",""Young Adult"",""Thriller"",""Psychological Thrillers"",""Shocking Twists"",""Cooking"",""Cookbooks"",""Children's Books"",""Books for Kids"",""Sports"",""Memoirs"",""Comedy"",""Humor""]","[""Superheroes"",""Fantasy"",""Epic Fantasy"",""Mind Bending"",""Magic"",""Comedy"",""Romantic Comedy"",""Dark Comedy"",""British Comedy"",""Spoofs and Mockumentaries"",""Adult Cartoon"",""Comic Book Adaptations"",""Marvel"",""Thriller"",""Psychological Thrillers"",""Shocking Twists"",""Horror"",""Slasher"",""Supernatural"",""Science Fiction"",""Time Travel"",""Outer Space"",""Robots"",""Zombie"",""Dystopian"",""Anime"",""Alien"",""Survival"",""Post Apocalyptic"",""Action & Adventure"",""Action"",""Adventure"",""Courtroom Dramas"",""Workplace Comedy"",""Teen"",""Suspense""]","[""Fiction"",""History"",""TV & Movies"",""Comedy"",""Comedian"",""Pop Culture"",""Society & Culture"",""Parenting"",""Family Friendly"",""Science & Technology"",""Science"",""Technology"",""Interviews"",""Music"",""Relationship"",""Dating"",""Love""]",2021-05-08T01:44:30,app_user
0044,10,21,Books,Female,35-44,544,17,TRUE,TRUE,"[""Fantasy"",""Magic"",""Urban Fantasy"",""Dark Fantasy"",""Epic Fantasy"",""High Fantasy"",""Comedy"",""Humor"",""Thriller"",""Psychological Thrillers"",""Mystery"",""Science Fiction"",""Dystopian Fiction"",""Time Travel"",""Outer Space"",""Historical Fiction"",""Horror"",""Paranormal"",""True Crime"",""Romantic Comedies""]","[""Comedy"",""British Comedy"",""Adult Cartoon"",""Crime"",""True Crime"",""Fantasy"",""Epic Fantasy"",""Magic"",""Mind Bending"",""Superheroes"",""Comic Book Adaptations"",""Marvel"",""Thriller"",""Psychological Thrillers"",""Mystery"",""Horror"",""Supernatural"",""Family Friendly"",""Disney"",""Science Fiction"",""Outer Space"",""Time Travel"",""Robots"",""Zombie"",""Dystopian"",""Alien"",""Anime"",""Action & Adventure"",""Action"",""Adventure""]","[""Crime"",""True Crime"",""Pop Culture"",""Society & Culture"",""Science & Technology"",""History"",""Science"",""Comedy""]",undefined,app_user
0045,10,21,TV/Movies,Female,18-24,946,0,TRUE,TRUE,"[""Horror"",""Thriller""]","[""Horror"",""Romance""]",undefined,undefined,app_user
0046,3,21,TV/Movies,Male,55-64,1151,8,FALSE,FALSE,undefined,undefined,undefined,2018-10-08T12:24:06,app_user
0047,3,21,TV/Movies,Female,55-64,251,1,TRUE,TRUE,"[""Fantasy"",""Comedy"",""Science Fiction"",""Historical Fiction"",""Classics"",""British Classics"",""LGBTQ+"",""Cooking"",""Cookbooks"",""Holiday Cookbooks"",""Memoirs"",""Magic"",""Epic Fantasy"",""Dark Fantasy"",""High Fantasy""]","[""Comedy"",""Workplace Comedy"",""Stoner Comedy"",""British Comedy"",""Dark Comedy"",""Spoofs and Mockumentaries"",""Adult Cartoon"",""Romance"",""Fantasy"",""Epic Fantasy"",""Magic"",""Superheroes"",""Family Friendly"",""Science Fiction"",""Marvel"",""Disney"",""Documentary"",""LGBTQ+"",""Docuseries"",""Biopic"",""Reality"",""Food"",""Home Improvement"",""Competition"",""Reality Dating"",""Time Travel"",""Outer Space""]","[""Comedy"",""Crime"",""Relationship"",""Interviews"",""News"",""Science & Technology""]",undefined,app_user
0048,4,21,Books,Female,35-44,52,0,TRUE,TRUE,"[""Fantasy"",""Dark Fantasy"",""Epic Fantasy"",""Young Adult"",""Science Fiction"",""Dystopian Fiction"",""Historical Fiction"",""Horror"",""Paranormal"",""Classics"",""British Classics"",""True Crime""]","[""Horror"",""Thriller"",""Supernatural"",""Psychological Thrillers"",""Shocking Twists"",""Drama"",""British Dramas"",""Period Dramas"",""Comedy"",""Dark Comedy"",""Adult Cartoon"",""Crime"",""Dark Crime"",""True Crime"",""Science Fiction"",""Dystopian"",""Zombie"",""Outer Space"",""Alien"",""Reality"",""Reality Dating"",""Food"",""Documentary"",""Docuseries"",""Survival"",""Post Apocalyptic"",""Biopic"",""Whodunit"",""War"",""Political""]","[""Crime"",""True Crime"",""Unsolved Crime"",""History"",""Science & Technology"",""Fiction"",""Science""]",undefined,app_user
0049,4,21,TV/Movies,Prefer not to say,18-24,353,0,TRUE,TRUE,"[""Fantasy"",""Magic"",""Urban Fantasy"",""High Fantasy""]","[""Fantasy"",""Magic"",""Mind Bending"",""Anime"",""Action & Adventure"",""Adventure"",""Comedy"",""Romantic Comedy"",""Dark Comedy"",""Adult Cartoon"",""British Comedy"",""Family Friendly""]","[""Relationship"",""Celebrities"",""Comedy"",""Science & Technology""]",undefined,app_user
0050,5,21,TV/Movies,Female,55-64,758,2,FALSE,FALSE,undefined,undefined,undefined,2020-03-31T06:06:07,app_user
0051,5,21,TV/Movies,Female,25-34,47,0,TRUE,TRUE,"[""Comedy"",""Comedian"",""Historical Fiction"",""True Crime"",""Whodunit"",""Memoirs"",""Romance"",""Romantic Comedies""]","[""Comedy"",""Romantic Comedy"",""British Comedy"",""Dark Comedy"",""Crime"",""True Crime"",""Heists"",""Fantasy"",""Epic Fantasy"",""Superheroes"",""Marvel"",""Thriller"",""Mystery"",""Whodunit"",""Music""]","[""Crime"",""True Crime"",""History"",""Comedy""]",undefined,app_user
0052,5,21,TV/Movies,Female,18-24,41,0,TRUE,FALSE,"[""Young Adult"",""Poetry"",""Memoirs"",""Science Fiction"",""Dystopian Fiction""]","[""Comedy"",""Dark Comedy"",""Crime"",""True Crime"",""Dark Crime"",""Thriller"",""Suspense"",""Psychological Thrillers"",""Mystery"",""Horror"",""Documentary"",""Docuseries"",""Biopic""]","[""Crime"",""History"",""Celebrities"",""Interviews"",""True Crime"",""Unsolved Crime""]",undefined,app_user
0053,5,21,TV/Movies,Female,65+,347,10,TRUE,TRUE,"[""Romance"",""Romantic Comedies"",""Comedy"",""Humor"",""Thriller"",""Shocking Twists"",""Psychological Thrillers"",""Mystery"",""Classics"",""British Classics"",""Tearjerkers"",""Whodunit""]","[""Comedy"",""Romantic Comedy"",""British Comedy"",""Dark Comedy"",""Spoofs and Mockumentaries"",""Romance"",""Drama"",""British Dramas"",""Period Dramas"",""Tearjerkers"",""Crime"",""Dark Crime"",""Thriller"",""Suspense"",""Shocking Twists"",""Psychological Thrillers"",""Mystery"",""Horror"",""Slasher"",""Action & Adventure"",""Action"",""Music"",""Whodunit""]",undefined,undefined,app_user
0054,7,21,TV/Movies,Male,35-44,540,0,FALSE,FALSE,undefined,undefined,undefined,2020-05-14T04:29:56,app_user
0055,7,21,TV/Movies,Male,55-64,113,0,TRUE,FALSE,"[""Thriller"",""Shocking Twists"",""Psychological Thrillers"",""Spy Thrillers"",""Classics"",""Horror""]","[""Drama"",""Courtroom Dramas"",""Crime"",""Dark Crime"",""Heists"",""Vigilante"",""Thriller"",""Suspense"",""Shocking Twists"",""Spy Thrillers"",""Horror"",""Action & Adventure"",""Documentary"",""War"",""Western"",""Outlaw Western"",""Biopic""]","[""TV & Movies"",""History"",""Music"",""Science & Technology""]",undefined,app_user
0056,7,21,TV/Movies,Male,65+,431,0,FALSE,FALSE,undefined,undefined,undefined,undefined,app_user
0057,7,21,Podcasts,Female,35-44,689,0,FALSE,FALSE,"[""Historical Fiction"",""Business"",""Whodunit"",""Thriller"",""Memoirs"",""Horror""]","[""Crime"",""Documentary"",""Whodunit"",""Drama"",""Political""]",undefined,undefined,app_user
0058,7,21,TV/Movies,Male,25-34,null,null,null,null,null,null,null,null,newsletter
0059,7,21,TV/Movies,Male,25-34,283,1,FALSE,FALSE,undefined,undefined,undefined,undefined,app_user
0060,8,21,TV/Movies,Male,65+,286,0,TRUE,TRUE,undefined,"[""Comedy"",""Thriller"",""Mystery"",""Psychological Thrillers"",""Suspense"",""Action & Adventure"",""Documentary"",""Survival"",""Western"",""Biopic""]",undefined,undefined,app_user
0061,8,21,TV/Movies,Other,18-24,402,0,FALSE,FALSE,undefined,"[""Romance"",""Teen"",""Action & Adventure"",""LGBTQ+"",""Romantic Comedy"",""Drama"",""Teen Romance"",""Thriller"",""Horror"",""Supernatural"",""Science Fiction"",""Outer Space"",""Time Travel"",""Dystopian"",""Adventure"",""Music""]",undefined,2021-03-02T18:01:48,app_user
0062,8,21,TV/Movies,Female,55-64,355,0,TRUE,TRUE,"[""Romance"",""Thriller"",""Shocking Twists"",""Psychological Thrillers"",""Mystery"",""Historical Fiction"",""Tearjerkers"",""Whodunit"",""Memoirs""]","[""Romance"",""Romantic Comedy"",""Thriller"",""Shocking Twists"",""Psychological Thrillers"",""Mystery"",""Whodunit"",""Drama"",""Family Dramas"",""Tearjerkers"",""Courtroom Dramas"",""Suspense""]","[""Comedy"",""Relationship"",""Interviews""]",2021-05-25T16:39:49,app_user
0063,8,21,TV/Movies,Male,45-54,185,2,FALSE,FALSE,undefined,undefined,undefined,2019-07-09T18:12:24,app_user
0064,8,21,TV/Movies,Male,35-44,undefined,1,FALSE,FALSE,undefined,undefined,undefined,undefined,app_user
0065,8,21,TV/Movies,Female,45-54,717,12,FALSE,FALSE,undefined,undefined,"[""Comedy"",""Crime"",""Celebrities"",""Unsolved Crime""]",2020-03-05T20:39:16,app_user
0066,8,21,TV/Movies,Female,35-44,null,null,null,null,null,null,null,null,newsletter
0067,8,21,Books,Female,25-34,45,0,TRUE,TRUE,"[""Fantasy"",""Dark Fantasy"",""Magic"",""Urban Fantasy"",""High Fantasy"",""Epic Fantasy"",""Romance"",""Young Adult"",""Thriller"",""Shocking Twists"",""Psychological Thrillers"",""Spy Thrillers"",""Mystery"",""Science Fiction"",""Dystopian Fiction"",""Time Travel"",""Outer Space"",""Historical Fiction"",""World War 2"",""Horror"",""Slasher"",""Paranormal"",""True Crime"",""Tearjerkers""]","[""Romance"",""Drama"",""Thriller"",""Fantasy"",""Crime"",""Survival"",""Horror""]","[""Crime"",""True Crime"",""Unsolved Crime"",""Fiction""]",undefined,app_user
0068,8,21,TV/Movies,Male,45-54,454,5,TRUE,FALSE,"[""Fantasy"",""Magic"",""High Fantasy"",""Dark Fantasy"",""Epic Fantasy"",""Young Adult"",""Teen Romance"",""Coming of Age"",""Historical Fiction"",""Classics"",""British Classics"",""True Crime"",""LGBTQ+""]","[""Romance"",""Teen Romance"",""Drama"",""Family Dramas"",""British Dramas"",""Period Dramas"",""Tearjerkers"",""Crime"",""Dark Crime"",""True Crime"",""Teen"",""High School"",""Fantasy"",""Epic Fantasy"",""Magic"",""Mind Bending"",""Horror"",""Slasher"",""Family Friendly"",""Sitcoms"",""Disney"",""Anime"",""Music"",""Sports"",""Football"",""Baseball"",""Basketball"",""LGBTQ+""]",undefined,undefined,app_user
0069,8,21,TV/Movies,Female,65+,810,1,FALSE,FALSE,"[""Romance"",""Historical Fiction"",""Classics"",""Tearjerkers"",""Memoirs""]",undefined,undefined,2020-07-18T18:26:25,app_user
0070,8,21,TV/Movies,Male,25-34,284,0,FALSE,TRUE,"[""Science Fiction"",""Dystopian Fiction"",""Time Travel"",""Outer Space"",""World War 2"",""Classics"",""Horror"",""True Crime"",""Slasher"",""Whodunit"",""Historical Fiction"",""Thriller"",""Shocking Twists"",""Mystery"",""Psychological Thrillers"",""Business""]","[""Comedy"",""War"",""Sports"",""Thriller"",""Shocking Twists"",""Psychological Thrillers"",""Mystery"",""Science Fiction"",""Zombie"",""Dystopian"",""Robots"",""Time Travel"",""Outer Space"",""Suspense"",""Crime"",""True Crime"",""Heists"",""Drama"",""Tearjerkers"",""Dark Crime"",""Workplace Comedy"",""Documentary"",""Whodunit"",""Reality"",""Docuseries"",""Food"",""Competition"",""Home Improvement""]",undefined,2021-03-23T16:58:17,app_user
0071,8,21,TV/Movies,Female,25-34,null,null,null,null,null,null,null,null,newsletter
0072,8,21,TV/Movies,Female,45-54,371,8,TRUE,TRUE,"[""Thriller"",""Shocking Twists"",""Mystery"",""Psychological Thrillers"",""Historical Fiction"",""Tearjerkers"",""World War 2"",""Spy Thrillers"",""Young Adult""]","[""Drama"",""British Dramas"",""Period Dramas"",""Courtroom Dramas"",""Crime""]",undefined,2021-06-23T18:35:20,app_user
0073,8,21,Books,Female,65+,192,0,TRUE,TRUE,"[""Historical Fiction"",""Science Fiction"",""Time Travel"",""World War 2"",""Memoirs"",""Comedy"",""Cooking"",""Poetry"",""Classics"",""Cookbooks"",""Children's Books""]","[""Family Friendly"",""Documentary"",""Drama"",""Comedy"",""British Comedy"",""Family Dramas"",""Period Dramas"",""Science Fiction"",""Time Travel"",""Alien"",""Outer Space"",""Docuseries"",""Biopic"",""Romantic Comedy"",""British Dramas""]","[""Health & Fitness"",""Meditation"",""Self Help"",""Science"",""History"",""Mental Health"",""Comedy""]",undefined,app_user
0074,9,21,TV/Movies,Female,35-44,447,0,TRUE,TRUE,"[""Science Fiction"",""True Crime"",""Self Help"",""Psychology"",""Cooking"",""Cookbooks"",""Memoirs"",""Horror"",""Mental Health"",""Thriller"",""Psychological Thrillers"",""Shocking Twists"",""Children's Books"",""Classics""]","[""Crime"",""Thriller"",""Psychological Thrillers"",""Suspense"",""Horror"",""LGBTQ+"",""Shocking Twists"",""Supernatural"",""Music""]",undefined,undefined,app_user
0075,9,21,TV/Movies,Male,35-44,2886,860,TRUE,FALSE,undefined,"[""Thriller"",""Science Fiction"",""Horror"",""Documentary"",""Reality"",""Anime"",""Superheroes"",""Fantasy"",""Music"",""Survival""]",undefined,undefined,app_user
0076,9,21,Books,Female,55-64,185,0,TRUE,TRUE,"[""Thriller"",""Mystery"",""Shocking Twists""]",undefined,undefined,undefined,app_user
0077,9,21,Podcasts,Female,25-34,1148,153,TRUE,TRUE,"[""Fantasy"",""Magic"",""High Fantasy"",""Dark Fantasy"",""Urban Fantasy"",""Epic Fantasy"",""Young Adult"",""Comedy"",""Humor"",""Coming of Age"",""Science Fiction"",""Thriller"",""Shocking Twists"",""Psychological Thrillers"",""Mystery"",""Dystopian Fiction"",""Time Travel"",""Historical Fiction"",""Classics"",""British Classics"",""Horror"",""Paranormal"",""Poetry"",""Children's Books"",""Whodunit"",""Cooking""]","[""Comedy"",""Workplace Comedy"",""Stoner Comedy"",""Dark Comedy"",""Spoofs and Mockumentaries"",""Drama"",""Family Dramas"",""British Dramas"",""Period Dramas"",""Crime"",""Dark Crime"",""Teen"",""Fantasy"",""Epic Fantasy"",""Magic"",""Mind Bending"",""Superheroes"",""Comic Book Adaptations"",""Marvel"",""Thriller"",""Suspense"",""Shocking Twists"",""Psychological Thrillers"",""Horror"",""Supernatural"",""Slasher"",""Family Friendly"",""Sitcoms"",""Disney"",""Science Fiction"",""Outer Space"",""Time Travel"",""Zombie"",""Dystopian"",""Action & Adventure"",""Adventure"",""Action"",""Music"",""Reality"",""Home Improvement"",""Food"",""Survival"",""Post Apocalyptic"",""Whodunit"",""Western"",""Outlaw Western""]","[""Comedy"",""Comedian"",""TV & Movies"",""Relationship"",""Love"",""Music"",""History"",""Health & Fitness"",""Fiction"",""Fitness"",""Mental Health"",""Meditation"",""Self Help"",""Family Friendly"",""Kids"",""Science & Technology"",""Science""]",undefined,app_user
0078,9,21,Books,Female,25-34,768,7,TRUE,TRUE,"[""Fantasy"",""Magic"",""High Fantasy"",""Dark Fantasy"",""Urban Fantasy"",""Epic Fantasy"",""Young Adult"",""Coming of Age"",""Science Fiction"",""Dystopian Fiction"",""Outer Space"",""Time Travel""]",undefined,"[""Pop Culture"",""History"",""Fiction"",""News"",""Science & Technology"",""Science"",""Technology"",""Comedy"",""TV & Movies"",""Comedian"",""Interviews""]",undefined,app_user
0079,10,21,TV/Movies,Female,25-34,227,0,TRUE,FALSE,undefined,undefined,undefined,2020-07-05T07:05:26,app_user
0080,10,21,TV/Movies,Female,65+,568,0,FALSE,FALSE,undefined,undefined,undefined,2019-06-27T17:25:56,app_user
0081,10,21,TV/Movies,Female,65+,325,0,FALSE,FALSE,undefined,undefined,undefined,2019-09-23T18:00:41,app_user
0082,10,21,TV/Movies,Female,35-44,119,4,FALSE,TRUE,"[""Fantasy"",""Magic"",""Urban Fantasy"",""Young Adult"",""Thriller"",""Psychological Thrillers"",""Science Fiction"",""Dystopian Fiction"",""Time Travel"",""Shocking Twists"",""Tearjerkers"",""Self Help"",""Mental Health"",""Psychology"",""Motivation"",""Children's Books"",""Books for Kids""]","[""Comedy"",""Dark Comedy"",""Stoner Comedy"",""Adult Cartoon"",""Crime"",""Fantasy"",""Mind Bending"",""Magic"",""Epic Fantasy"",""Superheroes"",""Comic Book Adaptations"",""Marvel"",""Thriller"",""Suspense"",""Shocking Twists"",""Psychological Thrillers"",""Mystery"",""Spy Thrillers"",""Family Friendly"",""Black Cinema"",""Science Fiction"",""Alien"",""Time Travel"",""Dystopian"",""Zombie"",""Action & Adventure"",""Action"",""Adventure"",""Reality"",""Competition"",""Food"",""Documentary"",""Docuseries"",""Survival"",""Post Apocalyptic"",""Biopic"",""Romance"",""Drama"",""Family Dramas"",""Period Dramas"",""British Dramas"",""Courtroom Dramas"",""Tearjerkers"",""True Crime"",""Vigilante"",""Teen"",""Sitcoms"",""Outer Space"",""Home Improvement"",""Political""]","[""Relationship"",""Love"",""Pop Culture"",""Society & Culture"",""Fiction"",""Science & Technology"",""Science"",""Technology"",""Parenting"",""Family Friendly""]",undefined,app_user
0083,10,21,TV/Movies,Female,25-34,2254,15,TRUE,FALSE,"[""Comedy"",""Romance"",""Young Adult"",""Cookbooks"",""Thriller""]","[""Comedy"",""Romance"",""Family Friendly"",""Tearjerkers"",""Superheroes"",""Teen"",""Drama""]","[""Health & Fitness"",""Comedy"",""Fiction"",""History"",""TV & Movies"",""Music"",""Celebrities"",""Fitness"",""Health"",""Crime"",""True Crime"",""Unsolved Crime""]",undefined,app_user
0084,10,21,Books,Male,25-34,1360,21,TRUE,FALSE,"[""Fantasy"",""Historical Fiction"",""Science Fiction"",""Horror"",""Thriller"",""LGBTQ+"",""Whodunit"",""Classics"",""Young Adult""]","[""Science Fiction"",""Fantasy"",""Superheroes"",""Anime"",""Horror"",""LGBTQ+"",""Survival"",""Whodunit"",""Teen""]","[""True Crime"",""Fiction"",""History"",""Pop Culture"",""TV & Movies""]",undefined,app_user
0085,10,21,Books,Female,55-64,324,2,TRUE,TRUE,"[""Fantasy"",""Urban Fantasy"",""Epic Fantasy"",""Young Adult"",""Whodunit"",""Romance"",""Dark Fantasy"",""Magic"",""High Fantasy""]","[""Fantasy"",""Action & Adventure"",""Science Fiction"",""Magic"",""Epic Fantasy"",""Action"",""Dystopian"",""Time Travel"",""Thriller"",""Mystery"",""Psychological Thrillers"",""Shocking Twists"",""Suspense""]","[""TV & Movies"",""Pop Culture"",""Celebrities"",""Relationship"",""Crime"",""Comedy"",""Interviews"",""True Crime""]",undefined,app_user
0086,10,21,Books,Female,35-44,80,0,TRUE,TRUE,"[""Romance"",""Historical Fiction"",""Tearjerkers"",""Teen Romance"",""Fantasy"",""Young Adult"",""Coming of Age"",""Classics"",""British Classics""]","[""Romance"",""Teen Romance"",""Romantic Comedy"",""Fantasy""]",undefined,undefined,app_user
0087,2,21,Books,Male,65+,18,0,TRUE,TRUE,"[""Science Fiction"",""Time Travel""]",undefined,undefined,undefined,app_user
0088,4,21,Books,Male,18-24,3301,95,TRUE,FALSE,"[""Comedy"",""Fantasy""]",undefined,undefined,undefined,app_user
0089,5,21,Books,Female,65+,586,0,TRUE,FALSE,undefined,undefined,undefined,2020-07-25T10:58:33,app_user
0090,6,21,Books,Female,55-64,496,0,TRUE,TRUE,"[""Fantasy"",""Magic"",""High Fantasy"",""Young Adult"",""Classics"",""British Classics"",""Whodunit""]","[""Comedy"",""British Comedy"",""Spoofs and Mockumentaries"",""Adult Cartoon"",""Action & Adventure"",""Adventure""]","[""Crime"",""True Crime"",""History""]",2021-07-02T20:44:36,app_user
0091,6,21,Books,Female,45-54,null,null,null,null,null,null,null,null,newsletter
0092,6,21,Books,Female,65+,22,0,TRUE,FALSE,"[""Historical Fiction"",""Memoirs"",""Science Fiction"",""Dystopian Fiction"",""Thriller"",""Shocking Twists"",""Outer Space"",""True Crime""]","[""Documentary"",""Science Fiction"",""Dystopian"",""Survival"",""Post Apocalyptic"",""Outer Space"",""Action & Adventure""]",undefined,undefined,app_user
0093,6,21,Books,Female,35-44,439,2,TRUE,TRUE,"[""Fantasy"",""Urban Fantasy"",""High Fantasy"",""Magic"",""Romance"",""Romantic Comedies"",""Young Adult"",""Comedy"",""Science Fiction"",""Dystopian Fiction"",""Time Travel"",""Outer Space"",""Historical Fiction"",""World War 2"",""Classics"",""British Classics"",""Self Help"",""Motivation"",""Psychology"",""Cooking"",""Memoirs""]",undefined,undefined,undefined,app_user
0094,6,21,TV/Movies,Female,25-34,1558,36,FALSE,FALSE,undefined,undefined,"[""Comedy"",""Crime"",""True Crime"",""Unsolved Crime"",""Music"",""Fiction"",""History""]",2020-01-13T19:19:43,app_user
0095,7,21,Books,Female,55-64,58,0,TRUE,TRUE,"[""Romance"",""Romantic Comedies"",""Memoirs"",""Historical Fiction""]","[""Comedy"",""Romantic Comedy"",""Workplace Comedy"",""Romance"",""Music"",""Documentary"",""Biopic"",""Family Friendly""]",undefined,2021-07-13T19:50:39,app_user
0096,7,21,TV/Movies,Female,45-54,1170,93,TRUE,TRUE,"[""Fantasy"",""Magic"",""Urban Fantasy"",""Dark Fantasy"",""High Fantasy"",""Epic Fantasy"",""Thriller"",""Shocking Twists"",""Psychological Thrillers"",""Mystery"",""Horror"",""Paranormal"",""Whodunit"",""Science Fiction"",""Dystopian Fiction""]","[""Comedy"",""Romantic Comedy"",""Workplace Comedy"",""British Comedy"",""Dark Comedy"",""Romance"",""Drama"",""Family Dramas"",""Period Dramas"",""British Dramas"",""Tearjerkers"",""Crime"",""Dark Crime"",""Fantasy"",""Epic Fantasy"",""Magic"",""Mind Bending"",""Superheroes"",""Comic Book Adaptations"",""Marvel"",""Horror"",""Thriller"",""Suspense"",""Shocking Twists"",""Psychological Thrillers"",""Mystery"",""Spy Thrillers"",""Supernatural"",""Science Fiction"",""Time Travel"",""Outer Space"",""Dystopian"",""Robots"",""Alien"",""Action & Adventure"",""Action"",""Adventure"",""Reality"",""Reality Dating"",""Music"",""Competition"",""Food"",""Home Improvement"",""Documentary"",""Survival"",""Post Apocalyptic"",""Docuseries"",""LGBTQ+"",""War"",""Whodunit"",""Political"",""Biopic"",""True Crime"",""Heists"",""Vigilante"",""Courtroom Dramas""]","[""Music"",""Relationship"",""Dating"",""Health & Fitness"",""Fitness"",""Interviews"",""News"",""Politics"",""TV & Movies"",""Comedy"",""Pop Culture"",""Society & Culture""]",2021-04-07T14:56:43,app_user
0097,7,21,TV/Movies,Male,25-34,659,2,TRUE,FALSE,"[""Fantasy"",""Epic Fantasy"",""High Fantasy"",""Magic"",""Science Fiction"",""Outer Space"",""Dystopian Fiction""]","[""Superheroes"",""Fantasy"",""Science Fiction""]",undefined,undefined,app_user
0098,7,21,Books,Female,18-24,1032,77,TRUE,TRUE,"[""Historical Fiction"",""World War 2"",""Horror"",""Paranormal"",""Fantasy"",""Magic"",""Dark Fantasy"",""Romance"",""Young Adult"",""Tearjerkers""]","[""Crime"",""Romance"",""Comedy"",""Romantic Comedy"",""Teen Romance"",""Heists"",""Vigilante"",""Fantasy"",""Teen"",""Magic"",""Superheroes"",""Marvel"",""Action & Adventure"",""War""]",undefined,undefined,app_user
0099,7,21,Books,Male,18-24,559,5,TRUE,FALSE,"[""Science Fiction"",""Classics"",""Historical Fiction"",""Fantasy"",""Romance"",""Coming of Age""]","[""Comedy"",""Romance"",""Science Fiction"",""Fantasy"",""Family Friendly""]",undefined,undefined,app_user
0100,7,21,TV/Movies,Female,35-44,4040,0,FALSE,FALSE,undefined,undefined,undefined,2020-02-07T19:46:15,app_user
0101,8,21,Books,Female,18-24,1804,25,TRUE,FALSE,"[""Romance"",""Historical Fiction"",""Classics"",""Young Adult"",""Comedy"",""Fantasy"",""British Classics"",""World War 2""]","[""Comedy"",""Romance"",""Family Friendly"",""Tearjerkers"",""Teen""]","[""History"",""Family Friendly"",""Relationship"",""News"",""Love""]",undefined,app_user
0102,8,21,Books,Female,25-34,1154,5,TRUE,TRUE,"[""Romance"",""Romantic Comedies"",""Teen Romance"",""Young Adult"",""Thriller"",""Mystery"",""Tearjerkers"",""Poetry"",""LGBTQ+"",""Whodunit""]","[""Comedy"",""Romantic Comedy"",""Workplace Comedy"",""Adult Cartoon"",""Romance"",""Drama"",""Tearjerkers"",""Superheroes"",""Marvel"",""Anime"",""Thriller"",""Shocking Twists""]","[""Comedy"",""Relationship"",""Love"",""Dating"",""Music"",""Celebrities""]",2021-05-22T12:35:48,app_user
0103,8,21,Books,Female,25-34,null,null,null,null,null,null,null,null,newsletter
0104,9,21,TV/Movies,Female,25-34,null,null,null,null,null,null,null,null,newsletter
0105,9,21,Books,Female,35-44,5299,54,TRUE,TRUE,"[""Romance"",""Romantic Comedies"",""Historical Fiction"",""Thriller"",""Mystery""]",undefined,undefined,2021-04-03T02:25:08,app_user
0106,10,21,TV/Movies,Female,45-54,364,4,TRUE,FALSE,"[""Thriller"",""Whodunit"",""Tearjerkers"",""True Crime""]","[""Drama"",""Whodunit"",""Political"",""Horror"",""Tearjerkers"",""Thriller"",""Crime""]",undefined,2020-10-10T11:02:53,app_user
0107,10,21,TV/Movies,Male,35-44,565,1,TRUE,TRUE,undefined,"[""Comedy"",""Spoofs and Mockumentaries"",""Drama"",""Crime"",""Action & Adventure"",""Science Fiction"",""Documentary"",""Political"",""Biopic""]",undefined,undefined,app_user
0108,10,21,TV/Movies,Other,25-34,118,0,TRUE,FALSE,undefined,"[""Comedy"",""Romance"",""Crime"",""Family Friendly"",""Sports"",""Music"",""Thriller"",""Tearjerkers"",""Science Fiction"",""Fantasy"",""Superheroes"",""Teen"",""Anime"",""Horror"",""Survival"",""Biopic"",""LGBTQ+"",""Whodunit"",""Drama""]",undefined,undefined,app_user
0109,10,21,Books,Female,Under 18,383,1,TRUE,FALSE,"[""Classics"",""Poetry"",""True Crime"",""Thriller"",""Historical Fiction""]","[""Crime"",""War"",""Music"",""Dark Crime"",""True Crime"",""Heists"",""Vigilante"",""Horror"",""Science Fiction"",""Whodunit"",""Political"",""Western"",""Outlaw Western"",""Drama"",""British Dramas"",""Tearjerkers"",""Courtroom Dramas""]","[""Crime"",""Unsolved Crime"",""True Crime"",""History""]",undefined,app_user
0110,10,21,TV/Movies,Female,25-34,null,null,null,null,null,null,null,null,newsletter
0111,10,21,TV/Movies,Female,18-24,undefined,1,FALSE,FALSE,undefined,undefined,undefined,undefined,app_user
0112,10,21,Books,Female,18-24,217,0,FALSE,FALSE,"[""Historical Fiction"",""Tearjerkers"",""Thriller"",""True Crime"",""Science Fiction""]","[""Comedy"",""Drama"",""Science Fiction"",""Superheroes"",""Thriller"",""Time Travel"",""Action & Adventure"",""Suspense"",""Outer Space"",""Dystopian"",""Music"",""Reality"",""Documentary"",""Docuseries"",""Survival"",""Post Apocalyptic"",""Crime"",""Stoner Comedy"",""Dark Comedy"",""Marvel"",""Fantasy"",""Mind Bending"",""Mystery"",""Family Dramas"",""Period Dramas"",""British Dramas"",""Whodunit"",""Biopic""]","[""Comedy"",""TV & Movies"",""Pop Culture"",""Celebrities"",""History"",""Crime"",""True Crime"",""Unsolved Crime"",""Relationship""]",2020-12-08T22:04:46,app_user
0113,5,21,TV/Movies,Female,25-34,361,7,TRUE,TRUE,"[""Fantasy"",""Magic"",""Romance"",""Teen Romance"",""Young Adult"",""Romantic Comedies"",""Coming of Age"",""Comedy"",""Humor"",""Science Fiction"",""Dystopian Fiction"",""Historical Fiction"",""Tearjerkers"",""Poetry"",""LGBTQ+"",""Memoirs"",""Classics"",""Sports""]","[""Comedy"",""Romantic Comedy"",""Workplace Comedy"",""British Comedy"",""Romance"",""Drama"",""Family Dramas"",""Period Dramas"",""British Dramas"",""Tearjerkers"",""Crime"",""Teen"",""Fantasy"",""Superheroes"",""Magic"",""Marvel"",""Comic Book Adaptations"",""Mind Bending"",""Family Friendly"",""Disney"",""Sitcoms"",""Anime"",""Action & Adventure"",""LGBTQ+"",""Music""]",undefined,2021-03-25T17:00:02,app_user
0114,5,21,Books,Female,18-24,1034,2,FALSE,FALSE,undefined,"[""Comedy"",""Romance"",""Science Fiction"",""Fantasy"",""Superheroes"",""Documentary"",""Political"",""Drama"",""Whodunit""]","[""News"",""History""]",undefined,app_user
0115,6,21,TV/Movies,Female,35-44,1230,6,TRUE,FALSE,"[""Self Help"",""Romance"",""Comedy"",""Young Adult"",""Tearjerkers""]","[""Comedy"",""Romance"",""Crime"",""Family Friendly"",""Thriller"",""Superheroes"",""Drama"",""Tearjerkers"",""Horror"",""Teen"",""Whodunit""]","[""Relationship"",""True Crime"",""Fiction"",""Comedy"",""TV & Movies""]",undefined,app_user
0116,6,21,TV/Movies,Female,25-34,null,null,null,null,null,null,null,null,newsletter
0117,6,21,TV/Movies,Female,45-54,9486,1558,FALSE,FALSE,undefined,undefined,"[""Relationship"",""True Crime"",""Comedy"",""Health & Fitness"",""TV & Movies""]",2020-05-25T10:04:56,app_user
0118,6,21,Books,Female,25-34,376,0,TRUE,FALSE,undefined,undefined,undefined,2020-07-11T18:06:15,app_user
0119,6,21,TV/Movies,Female,35-44,548,4,TRUE,TRUE,"[""Fantasy"",""High Fantasy"",""Epic Fantasy"",""Romance"",""Romantic Comedies"",""Comedy"",""Humor"",""Thriller"",""Shocking Twists"",""Spy Thrillers"",""Mystery"",""Classics"",""British Classics"",""Self Help"",""Poetry"",""Whodunit"",""Motivation"",""Mental Health"",""Psychology"",""Time Travel"",""Dystopian Fiction"",""Science Fiction"",""Outer Space"",""Historical Fiction"",""Horror"",""Slasher"",""Tearjerkers"",""Dark Fantasy""]","[""Comedy"",""Romantic Comedy"",""Romance"",""Fantasy"",""Epic Fantasy"",""Magic"",""Crime"",""Vigilante"",""Superheroes"",""Comic Book Adaptations"",""Marvel"",""Science Fiction"",""Time Travel"",""Outer Space"",""Anime"",""Black Cinema"",""Family Friendly"",""Disney"",""Sitcoms"",""Horror"",""Slasher"",""Thriller"",""Suspense"",""Shocking Twists"",""Spy Thrillers"",""Action & Adventure"",""Adventure"",""Action"",""Whodunit"",""Dystopian"",""Mystery"",""Drama"",""Period Dramas"",""Tearjerkers"",""Adult Cartoon"",""Family Dramas"",""Stoner Comedy"",""British Comedy"",""Mind Bending"",""Teen Romance""]","[""Comedy"",""TV & Movies"",""Comedian"",""Relationship"",""Love"",""Dating"",""Music"",""Health & Fitness"",""Health"",""Fitness"",""Mental Health"",""Beauty"",""Self Help"",""History"",""Family Friendly"",""Fiction""]",undefined,app_user
0120,6,21,TV/Movies,Female,25-34,4528,305,TRUE,TRUE,"[""Fantasy"",""Urban Fantasy"",""Romance"",""Teen Romance"",""Romantic Comedies"",""Young Adult"",""Coming of Age"",""LGBTQ+""]","[""Comedy"",""Romantic Comedy"",""British Comedy"",""Romance"",""Teen Romance"",""Drama"",""Family Dramas"",""British Dramas"",""Period Dramas"",""Crime"",""Teen"",""High School"",""Fantasy"",""Music"",""Reality"",""Reality Dating"",""Food"",""Home Improvement"",""LGBTQ+"",""Political""]","[""TV & Movies"",""Comedy"",""Pop Culture"",""Society & Culture""]",undefined,app_user
0121,6,21,TV/Movies,Female,25-34,1736,3,FALSE,FALSE,undefined,undefined,undefined,2020-05-15T05:38:39,app_user
0122,6,21,Books,Male,Under 18,44,0,TRUE,TRUE,"[""Self Help"",""Mental Health"",""Psychology"",""Fantasy"",""Epic Fantasy"",""Magic"",""High Fantasy"",""Urban Fantasy"",""Dark Fantasy""]","[""Superheroes"",""Anime"",""Teen"",""Fantasy"",""Magic""]","[""Health & Fitness"",""Pop Culture""]",undefined,app_user
0123,7,21,TV/Movies,Male,35-44,851,81,TRUE,TRUE,"[""Sports"",""Memoirs"",""Whodunit"",""Comedy"",""Thriller"",""Comedian""]","[""Comedy"",""Romantic Comedy"",""Workplace Comedy"",""Stoner Comedy"",""Dark Comedy"",""Drama"",""Family Dramas"",""Crime"",""True Crime"",""Heists"",""Vigilante"",""Thriller"",""Suspense"",""Shocking Twists"",""Psychological Thrillers"",""Mystery"",""Spy Thrillers"",""Horror"",""Slasher"",""Action & Adventure"",""Adventure"",""Documentary"",""Docuseries"",""Sports"",""Baseball"",""Basketball"",""Whodunit"",""Music""]","[""Comedy"",""TV & Movies"",""Pop Culture"",""Celebrities"",""Comedian"",""Sports""]",undefined,app_user
0124,7,21,Books,Female,25-34,448,26,FALSE,FALSE,undefined,undefined,"[""Crime"",""Music"",""True Crime"",""Unsolved Crime"",""Pop Culture""]",undefined,app_user
0125,7,21,Books,Male,25-34,108,0,TRUE,TRUE,"[""Young Adult"",""Comedy"",""Science Fiction"",""Dystopian Fiction"",""Outer Space"",""Whodunit""]","[""Comedy"",""Superheroes"",""Science Fiction"",""Marvel"",""Comic Book Adaptations"",""Outer Space"",""Time Travel"",""Dystopian"",""Alien"",""Action & Adventure"",""Action"",""Adventure"",""Crime"",""True Crime""]","[""Comedy"",""Crime"",""True Crime"",""Unsolved Crime"",""TV & Movies""]",undefined,app_user
0126,7,21,TV/Movies,Male,45-54,1550,15,TRUE,FALSE,undefined,undefined,undefined,undefined,app_user
0127,7,21,Books,Female,25-34,678,2,TRUE,FALSE,undefined,undefined,undefined,undefined,app_user
0128,7,21,TV/Movies,Female,35-44,530,6,TRUE,FALSE,"[""Fantasy"",""Magic"",""Romance"",""Romantic Comedies"",""Teen Romance"",""Young Adult"",""Coming of Age"",""Comedy"",""Thriller"",""Mystery"",""Science Fiction"",""Dystopian Fiction"",""Time Travel"",""Historical Fiction"",""Classics"",""British Classics"",""Tearjerkers"",""Whodunit"",""Children's Books"",""Books for Kids"",""Psychological Thrillers"",""Shocking Twists""]","[""Whodunit"",""Music"",""Action & Adventure"",""Anime"",""Science Fiction"",""Family Friendly"",""Comedy"",""Romantic Comedy"",""Adult Cartoon"",""Romance"",""Drama"",""Period Dramas"",""Crime"",""True Crime"",""Teen"",""Fantasy"",""Epic Fantasy"",""Magic"",""Mind Bending"",""Superheroes"",""Comic Book Adaptations"",""Marvel"",""Thriller"",""Suspense"",""Mystery"",""Disney"",""Outer Space"",""Time Travel"",""Robots"",""Dystopian"",""Action"",""Adventure""]",undefined,undefined,app_user
0129,7,21,TV/Movies,Male,55-64,3,undefined,FALSE,FALSE,undefined,undefined,undefined,2018-10-03T07:31:35,app_user
0130,7,21,Books,Female,45-54,67,0,FALSE,TRUE,"[""Memoirs"",""Cooking"",""Children's Books"",""Comedy"",""Humor"",""Mystery"",""Shocking Twists"",""Cookbooks""]","[""Comedy"",""Documentary"",""Drama"",""Family Dramas""]","[""Comedy"",""Relationship"",""Interviews""]",2021-07-27T20:13:02,app_user
0131,7,21,TV/Movies,Female,45-54,1741,25,TRUE,TRUE,"[""Fantasy"",""High Fantasy"",""Magic"",""Comedy"",""Humor"",""Thriller"",""Psychological Thrillers"",""Mystery"",""Science Fiction"",""Time Travel"",""Outer Space"",""Classics"",""British Classics"",""LGBTQ+"",""Poetry"",""Self Help"",""Mental Health"",""Cooking"",""Cookbooks"",""Memoirs""]","[""Comedy"",""Romantic Comedy"",""British Comedy"",""Dark Comedy"",""Spoofs and Mockumentaries"",""Adult Cartoon"",""Fantasy"",""Anime"",""Science Fiction"",""Outer Space"",""Time Travel"",""Zombie"",""Dystopian"",""Black Cinema"",""Music"",""Documentary"",""Docuseries"",""LGBTQ+"",""Political"",""Biopic"",""Romance"",""Magic"",""Superheroes"",""Comic Book Adaptations"",""Marvel""]","[""History"",""Music"",""Science & Technology"",""Science"",""Technology"",""Comedy"",""Crime"",""True Crime"",""Unsolved Crime""]",undefined,app_user
0132,7,21,TV/Movies,Male,45-54,297,1,TRUE,TRUE,undefined,"[""Thriller"",""Suspense"",""Science Fiction"",""Drama"",""Romance"",""Romantic Comedy"",""Comedy"",""Stoner Comedy""]",undefined,undefined,app_user
0133,7,21,Books,Female,35-44,1144,610,FALSE,FALSE,undefined,undefined,undefined,2019-10-28T17:25:48,app_user
0134,7,21,TV/Movies,Male,45-54,170,1,TRUE,TRUE,"[""Thriller"",""Self Help"",""Mental Health"",""Motivation"",""Business"",""Memoirs"",""Psychological Thrillers"",""Spy Thrillers"",""Science Fiction"",""Dystopian Fiction"",""Historical Fiction"",""Psychology"",""Mystery"",""Whodunit"",""Comedy"",""Comedian"",""Humor"",""Time Travel"",""Shocking Twists""]","[""Biopic"",""Western"",""Political"",""Outlaw Western"",""Documentary"",""Action & Adventure"",""Science Fiction"",""Comedy"",""Thriller"",""Spy Thrillers"",""British Comedy"",""Drama"",""British Dramas"",""Courtroom Dramas"",""Dark Comedy"",""Period Dramas"",""Suspense"",""Action"",""Adventure"",""Survival"",""Dystopian"",""Mystery"",""Psychological Thrillers"",""Shocking Twists"",""Music"",""Docuseries"",""Whodunit"",""Time Travel"",""Post Apocalyptic"",""Alien"",""War"",""Outer Space""]","[""Science & Technology"",""Technology"",""Science"",""Comedy"",""Comedian"",""Crime"",""True Crime"",""Unsolved Crime"",""TV & Movies"",""Celebrities"",""History"",""Interviews"",""News"",""Music"",""Health & Fitness"",""Mental Health"",""Self Help"",""Fitness"",""Politics"",""Business""]",undefined,app_user
0135,7,21,Books,Female,Under 18,117,1,TRUE,TRUE,"[""Fantasy"",""Young Adult"",""Poetry"",""Dark Fantasy""]","[""Teen"",""Action & Adventure"",""Comedy""]",undefined,2021-06-27T20:56:00,app_user
0136,8,21,Books,Female,25-34,505,3,TRUE,FALSE,"[""Comedy"",""Romance"",""Young Adult"",""Classics"",""Poetry"",""Tearjerkers"",""Coming of Age"",""Memoirs""]","[""Romance"",""Comedy"",""Music"",""Tearjerkers"",""Teen"",""Drama""]",undefined,undefined,app_user
0137,8,21,TV/Movies,Female,35-44,null,null,null,null,null,null,null,null,newsletter
0138,8,21,TV/Movies,Male,18-24,13,0,TRUE,TRUE,undefined,"[""Comedy"",""Superheroes"",""Science Fiction"",""Marvel"",""Horror"",""Zombie""]",undefined,undefined,app_user
0139,8,21,TV/Movies,Female,45-54,242,6,TRUE,FALSE,undefined,"[""Comedy"",""Romance"",""Crime"",""Thriller"",""Tearjerkers"",""Science Fiction"",""Fantasy"",""Documentary"",""Political"",""Drama""]","[""Comedy"",""Relationship"",""Interviews"",""History""]",2020-09-08T04:21:38,app_user
0140,8,21,Books,Female,25-34,997,5,TRUE,FALSE,"[""Romance"",""Self Help"",""Business"",""Fantasy"",""Sports"",""Historical Fiction"",""Classics"",""Poetry""]","[""Comedy"",""Romance"",""Family Friendly"",""Sports"",""Music"",""Fantasy"",""Superheroes"",""Western"",""Drama""]",undefined,2021-01-24T21:52:07,app_user
0141,8,21,TV/Movies,Female,35-44,1241,345,TRUE,TRUE,"[""Young Adult"",""Coming of Age"",""Classics"",""Historical Fiction"",""Self Help"",""Mental Health"",""Motivation"",""Psychology"",""Memoirs"",""Romance""]","[""Comedy"",""Romantic Comedy"",""Stoner Comedy"",""Dark Comedy"",""Workplace Comedy"",""Romance"",""Teen Romance"",""Drama"",""Family Dramas"",""Period Dramas"",""Tearjerkers"",""Fantasy"",""Mind Bending"",""Epic Fantasy"",""Superheroes"",""Comic Book Adaptations"",""Thriller"",""Suspense"",""Shocking Twists"",""Psychological Thrillers"",""Mystery"",""Horror"",""Supernatural"",""Family Friendly"",""Disney"",""Science Fiction"",""Time Travel"",""Dystopian"",""Action & Adventure"",""Zombie"",""Alien"",""Adventure"",""Music"",""Reality"",""Reality Dating"",""Competition"",""Home Improvement"",""Food"",""Documentary"",""Docuseries"",""Survival"",""Post Apocalyptic""]","[""Science & Technology"",""Science"",""Technology"",""History"",""Celebrities"",""Pop Culture"",""Society & Culture""]",undefined,app_user
0142,8,21,TV/Movies,Female,18-24,410,0,TRUE,TRUE,"[""Romance"",""Teen Romance"",""Romantic Comedies"",""Thriller"",""Shocking Twists"",""Historical Fiction"",""World War 2"",""Horror"",""Paranormal"",""Self Help"",""Mental Health"",""Memoirs"",""Psychological Thrillers"",""Mystery"",""Classics"",""Whodunit""]","[""Romance"",""Drama"",""Thriller"",""Teen Romance"",""Period Dramas"",""Shocking Twists"",""Suspense"",""Horror"",""Supernatural"",""Documentary"",""Docuseries"",""Political""]","[""Comedy"",""Relationship"",""TV & Movies"",""Music"",""Comedian"",""History""]",2021-06-02T11:36:22,app_user
0143,8,21,TV/Movies,Female,45-54,4,undefined,FALSE,FALSE,undefined,undefined,undefined,2022-11-15T16:14:24,app_user
0144,8,21,Books,Female,25-34,1121,4,TRUE,FALSE,"[""Horror"",""Thriller"",""Fantasy""]",undefined,undefined,undefined,app_user
0145,8,21,TV/Movies,Female,45-54,1230,1,TRUE,FALSE,"[""Comedy"",""Fantasy"",""Historical Fiction"",""Science Fiction"",""Horror"",""Thriller""]","[""Comedy"",""Romantic Comedy"",""Workplace Comedy"",""British Comedy"",""Dark Comedy"",""Romance"",""Thriller"",""Suspense"",""Mystery"",""Horror"",""Supernatural"",""Science Fiction"",""Outer Space"",""Alien"",""Dystopian"",""Action & Adventure"",""Action"",""Adventure""]",undefined,2020-07-08T15:38:24,app_user
0146,8,21,TV/Movies,Female,35-44,34,0,TRUE,TRUE,"[""Fantasy"",""Young Adult"",""Science Fiction"",""Dystopian Fiction"",""Outer Space"",""Poetry"",""Historical Fiction"",""Time Travel""]","[""Comedy"",""Romantic Comedy"",""Workplace Comedy"",""British Comedy"",""Dark Comedy"",""Drama"",""Crime"",""Fantasy"",""Thriller"",""Science Fiction"",""Outer Space"",""Time Travel"",""Zombie"",""Dystopian"",""Alien"",""Robots"",""Psychological Thrillers"",""Shocking Twists""]","[""Science & Technology"",""Fiction"",""Comedy"",""TV & Movies"",""News"",""Comedian"",""Crime"",""True Crime"",""Unsolved Crime""]",undefined,app_user
0147,8,21,TV/Movies,Female,25-34,825,8,FALSE,FALSE,undefined,"[""Comedy"",""Workplace Comedy"",""Romantic Comedy"",""Drama"",""Courtroom Dramas"",""Dark Comedy"",""Spoofs and Mockumentaries"",""Family Dramas"",""Crime"",""True Crime"",""Dark Crime"",""Thriller"",""Psychological Thrillers"",""Horror"",""Action & Adventure"",""Music"",""Documentary"",""Reality""]",undefined,undefined,app_user
0148,8,21,TV/Movies,Female,18-24,1051,0,TRUE,TRUE,"[""Young Adult"",""Fantasy"",""Science Fiction"",""Whodunit""]","[""Comedy"",""Adult Cartoon"",""Superheroes"",""Marvel"",""Fantasy"",""Action & Adventure"",""Adventure"",""Whodunit"",""Documentary"",""Science Fiction"",""Magic"",""Romantic Comedy"",""Family Friendly""]","[""Crime"",""Comedy"",""Pop Culture"",""Society & Culture""]",2021-07-25T05:10:28,app_user
0149,8,21,Books,Female,18-24,1182,31,TRUE,TRUE,"[""Fantasy"",""Magic"",""Romance"",""Teen Romance"",""Young Adult"",""Comedy"",""Humor"",""Science Fiction"",""Historical Fiction"",""Mystery"",""Romantic Comedies"",""Tearjerkers""]","[""Comedy"",""Romantic Comedy"",""British Comedy"",""Romance"",""Fantasy"",""Family Friendly"",""Disney"",""Action & Adventure"",""Action"",""Adventure"",""Music"",""Western"",""Outlaw Western"",""Teen"",""Teen Romance""]","[""Relationship"",""Dating"",""Love"",""Health & Fitness"",""TV & Movies"",""Mental Health"",""Self Help"",""Entrepreneurs"",""Comedy""]",2021-07-18T06:55:21,app_user
0150,8,21,TV/Movies,Female,18-24,1852,13,TRUE,FALSE,"[""Romance"",""Young Adult"",""True Crime"",""Whodunit"",""Tearjerkers"",""Historical Fiction"",""Science Fiction""]","[""Romance"",""Crime"",""Music"",""Tearjerkers"",""Science Fiction"",""Teen"",""War"",""Drama"",""Whodunit"",""Comedy""]",undefined,undefined,app_user
0151,8,21,Books,Female,45-54,159,21,TRUE,FALSE,"[""Whodunit"",""Science Fiction"",""Dystopian Fiction"",""Time Travel"",""Historical Fiction"",""Fantasy"",""Thriller"",""Mystery"",""Psychological Thrillers"",""Shocking Twists"",""Urban Fantasy"",""Magic"",""Outer Space""]","[""Science Fiction"",""Fantasy"",""Thriller"",""Mystery"",""Alien"",""Action & Adventure"",""Zombie"",""Dystopian"",""Time Travel"",""Outer Space"",""Spy Thrillers"",""Psychological Thrillers"",""Shocking Twists"",""Suspense"",""Magic"",""Epic Fantasy"",""Crime"",""Heists"",""Vigilante"",""Anime"",""Action"",""Adventure"",""War"",""Whodunit"",""Horror"",""Supernatural"",""Family Friendly"",""Disney""]",undefined,undefined,app_user
0152,8,21,TV/Movies,Male,35-44,null,null,null,null,null,null,null,null,newsletter
0153,8,21,Books,Female,25-34,655,1,TRUE,FALSE,"[""Historical Fiction"",""Classics"",""Science Fiction"",""Thriller"",""Memoirs"",""Tearjerkers"",""Coming of Age""]",undefined,"[""Crime"",""True Crime"",""History"",""Science & Technology""]",2021-04-09T09:57:45,app_user
0154,8,21,Books,Male,35-44,1356,3,TRUE,TRUE,undefined,"[""Science Fiction"",""Superheroes"",""Sports"",""Comedy""]","[""History"",""Sports"",""News"",""Politics""]",undefined,app_user
0155,8,21,Books,Prefer not to say,25-34,7400,196,TRUE,FALSE,undefined,undefined,"[""Comedy"",""Fiction"",""Kids"",""TV & Movies""]",2020-10-17T10:21:07,app_user
0156,8,21,TV/Movies,Male,25-34,1836,1,FALSE,FALSE,undefined,undefined,"[""Comedy"",""Pop Culture"",""Science & Technology"",""TV & Movies"",""News"",""Interviews"",""Science"",""Technology""]",undefined,app_user
0157,8,21,TV/Movies,Male,35-44,3026,20,TRUE,FALSE,"[""Fantasy"",""Magic"",""Dark Fantasy"",""Urban Fantasy"",""Epic Fantasy"",""High Fantasy"",""Comedy"",""Humor"",""Science Fiction"",""Dystopian Fiction"",""Time Travel"",""Outer Space"",""Historical Fiction"",""Horror"",""Paranormal"",""Young Adult""]","[""Comedy"",""Stoner Comedy"",""Dark Comedy"",""British Comedy"",""Spoofs and Mockumentaries"",""Adult Cartoon"",""Crime"",""Vigilante"",""Heists"",""Superheroes"",""Comic Book Adaptations"",""Marvel"",""Thriller"",""Psychological Thrillers"",""Mystery"",""Suspense"",""Horror"",""Supernatural"",""Slasher"",""Science Fiction"",""Outer Space"",""Time Travel"",""Robots"",""Zombie"",""Dystopian"",""Alien"",""Action & Adventure"",""Action"",""Adventure"",""Survival"",""Post Apocalyptic"",""Whodunit"",""Western"",""Dark Crime"",""Fantasy"",""Epic Fantasy"",""Magic"",""Mind Bending""]","[""Comedy"",""TV & Movies"",""Comedian"",""Music"",""Fiction"",""History"",""Business"",""Science & Technology"",""Science"",""Technology""]",undefined,app_user
0158,8,21,Books,Female,18-24,278,93,TRUE,TRUE,"[""Romance"",""Romantic Comedies"",""Teen Romance"",""Young Adult"",""Coming of Age"",""Humor"",""Fantasy"",""Magic"",""Science Fiction"",""Time Travel""]",undefined,undefined,undefined,app_user
0159,8,21,Books,Female,18-24,211,0,FALSE,TRUE,"[""Romance"",""Young Adult""]","[""Romance"",""Romantic Comedy"",""Superheroes"",""Marvel""]","[""Celebrities""]",undefined,app_user
0160,9,21,Books,Female,Under 18,767,6,TRUE,TRUE,"[""Fantasy"",""Magic"",""Romance"",""Young Adult"",""LGBTQ+"",""Science Fiction"",""Outer Space"",""Time Travel"",""Teen Romance"",""Historical Fiction""]","[""Romance"",""Comedy"",""Drama"",""Fantasy"",""Magic"",""Epic Fantasy"",""Superheroes"",""Marvel"",""Science Fiction"",""Time Travel"",""Outer Space"",""Anime"",""Music"",""LGBTQ+""]","[""Comedy"",""Comedian"",""TV & Movies"",""Music"",""History"",""Fiction""]",undefined,app_user
0161,9,21,Books,Female,18-24,null,null,null,null,null,null,null,null,newsletter
0162,9,21,Books,Female,55-64,99,0,TRUE,TRUE,"[""Thriller"",""Psychological Thrillers"",""Historical Fiction""]","[""Comedy"",""Drama"",""Period Dramas"",""Crime"",""True Crime"",""Thriller"",""Psychological Thrillers"",""Suspense"",""Mystery"",""Documentary"",""Docuseries"",""Whodunit""]","[""Crime"",""Fiction"",""Unsolved Crime"",""History""]",2021-05-18T10:53:15,app_user
0163,9,21,Books,,,142,0,TRUE,TRUE,"[""Fantasy"",""Magic"",""Comedy"",""Romance"",""Romantic Comedies"",""Humor"",""Thriller"",""Spy Thrillers"",""Mystery"",""Historical Fiction"",""World War 2"",""True Crime"",""Whodunit""]",undefined,undefined,2021-07-19T19:43:43,app_user
0164,9,21,Books,Female,55-64,79,0,TRUE,TRUE,"[""Comedy"",""Comedian"",""Young Adult"",""Humor"",""Whodunit"",""Memoirs"",""Classics"",""British Classics"",""Thriller"",""Spy Thrillers""]","[""Comedy"",""Stoner Comedy"",""Dark Comedy"",""British Comedy"",""Spoofs and Mockumentaries"",""Drama"",""Courtroom Dramas"",""British Dramas"",""Sports"",""Music"",""Baseball"",""Football"",""Golf"",""Whodunit"",""Superheroes"",""Comic Book Adaptations"",""Thriller"",""Marvel"",""Psychological Thrillers"",""Spy Thrillers"",""Mystery"",""Suspense"",""Shocking Twists"",""Adult Cartoon"",""Romantic Comedy"",""Documentary"",""Black Cinema"",""LGBTQ+""]","[""Comedy"",""Pop Culture"",""TV & Movies"",""Interviews"",""Comedian"",""Music"",""News"",""Politics""]",undefined,app_user
0165,9,21,Books,Female,45-54,814,1,TRUE,FALSE,undefined,undefined,undefined,2020-08-04T17:10:42,app_user
0166,9,21,TV/Movies,Female,45-54,86,0,TRUE,TRUE,undefined,"[""Comedy"",""British Comedy"",""Romantic Comedy"",""Workplace Comedy"",""Dark Comedy"",""Spoofs and Mockumentaries"",""Romance"",""Crime"",""Heists"",""Vigilante"",""Teen"",""Fantasy"",""Epic Fantasy"",""Magic"",""Mind Bending"",""Superheroes"",""Comic Book Adaptations"",""Marvel"",""Family Friendly"",""Sitcoms"",""Disney"",""Science Fiction"",""Outer Space"",""Time Travel"",""Robots"",""Alien"",""Action & Adventure"",""Action"",""Adventure"",""Music"",""Documentary"",""Docuseries"",""Sports"",""Martial Arts"",""Whodunit"",""Biopic""]","[""Comedy"",""Science & Technology"",""Science"",""History"",""Pop Culture"",""Family Friendly"",""Kids""]",2023-02-11T19:20:44,app_user
0167,9,21,TV/Movies,Female,55-64,57,0,TRUE,TRUE,"[""Historical Fiction"",""World War 2"",""Cooking"",""Business"",""Cookbooks"",""Entrepreneurship"",""Memoirs"",""Whodunit""]","[""Crime"",""Drama"",""British Dramas"",""Period Dramas"",""Courtroom Dramas"",""Documentary"",""Political"",""Biopic"",""Docuseries""]","[""Business"",""Entrepreneurs"",""News"",""Politics""]",undefined,app_user
0168,9,21,TV/Movies,Female,25-34,333,6,TRUE,FALSE,undefined,undefined,"[""True Crime"",""Comedy"",""TV & Movies"",""Pop Culture""]",undefined,app_user
0169,9,21,TV/Movies,Female,18-24,179,1,TRUE,TRUE,"[""Comedy"",""LGBTQ+"",""Romance"",""Romantic Comedies"",""Science Fiction"",""Historical Fiction"",""Classics"",""Tearjerkers"",""Memoirs"",""Children's Books"",""Books for Kids""]","[""Comedy"",""Workplace Comedy"",""Family Friendly"",""Disney"",""Sitcoms"",""LGBTQ+"",""Romantic Comedy""]","[""Comedy"",""TV & Movies"",""Music""]",undefined,app_user
0170,9,21,TV/Movies,Other,18-24,553,2,TRUE,TRUE,"[""Fantasy"",""Magic"",""High Fantasy"",""Urban Fantasy"",""Dark Fantasy"",""Epic Fantasy"",""Young Adult"",""Coming of Age"",""Comedy"",""Comedian"",""Humor"",""Science Fiction"",""Thriller"",""Shocking Twists"",""Psychological Thrillers"",""Dystopian Fiction"",""Time Travel"",""Outer Space"",""Classics"",""British Classics"",""Horror"",""Paranormal"",""Slasher"",""Psychology"",""Poetry"",""LGBTQ+"",""Children's Books""]","[""LGBTQ+"",""Horror"",""Comedy"",""Romantic Comedy"",""Workplace Comedy"",""Stoner Comedy"",""British Comedy"",""Dark Comedy"",""Spoofs and Mockumentaries"",""Adult Cartoon"",""Fantasy"",""Epic Fantasy"",""Magic"",""Mind Bending"",""Superheroes"",""Comic Book Adaptations"",""Marvel"",""Thriller"",""Suspense"",""Shocking Twists"",""Psychological Thrillers"",""Mystery"",""Supernatural"",""Slasher"",""Science Fiction"",""Outer Space"",""Time Travel"",""Robots"",""Zombie"",""Dystopian"",""Alien"",""Anime"",""Black Cinema"",""Action & Adventure"",""Action"",""Adventure"",""Documentary"",""Docuseries"",""Whodunit"",""Romance"",""Teen Romance"",""Drama"",""Family Dramas"",""British Dramas"",""Period Dramas"",""Tearjerkers"",""Crime"",""Dark Crime"",""Courtroom Dramas"",""True Crime"",""Heists"",""Vigilante"",""Teen"",""High School"",""Family Friendly"",""Spy Thrillers"",""Sitcoms"",""Disney"",""Music"",""Reality"",""Competition"",""Reality Dating"",""Home Improvement"",""Food"",""Survival"",""Post Apocalyptic"",""Sports"",""Football"",""Baseball"",""Basketball"",""Martial Arts"",""Golf"",""Boxing"",""War"",""Political"",""Western"",""Biopic"",""Outlaw Western""]","[""Comedy"",""TV & Movies"",""Dating"",""Fiction"",""History"",""Love"",""Interviews"",""Science & Technology"",""Technology"",""Science"",""Music"",""Pop Culture"",""Society & Culture""]",undefined,app_user
0171,9,21,TV/Movies,Female,18-24,327,0,TRUE,TRUE,undefined,"[""Comedy"",""Romantic Comedy"",""Romance"",""Family Friendly"",""Superheroes"",""Horror"",""Thriller"",""Psychological Thrillers"",""Mystery"",""Sitcoms"",""Disney"",""Science Fiction"",""Anime"",""Action & Adventure"",""Music"",""War"",""Western"",""Outlaw Western""]",undefined,undefined,app_user
0172,9,21,TV/Movies,,,1342,4,TRUE,FALSE,"[""Young Adult"",""Whodunit"",""Tearjerkers"",""Coming of Age"",""Thriller"",""Romance"",""Comedy"",""Fantasy"",""Teen Romance""]","[""Teen"",""Superheroes"",""Tearjerkers"",""Whodunit"",""Drama"",""Thriller"",""Crime"",""Comedy"",""Romance"",""Family Friendly""]","[""True Crime"",""Parenting"",""TV & Movies"",""Music"",""Pop Culture"",""Celebrities"",""Comedy"",""News""]",undefined,app_user
0173,10,21,Books,Female,25-34,598,0,TRUE,TRUE,"[""Fantasy"",""Magic"",""Dark Fantasy"",""Young Adult"",""Thriller"",""Shocking Twists"",""Psychological Thrillers"",""Spy Thrillers"",""Mystery"",""Comedy"",""Humor"",""Science Fiction"",""Time Travel"",""Horror"",""Slasher"",""Paranormal"",""True Crime"",""Classics"",""Urban Fantasy"",""Epic Fantasy"",""Outer Space"",""Dystopian Fiction"",""Self Help"",""Mental Health"",""Motivation"",""Psychology""]","[""Crime"",""Fantasy"",""Magic"",""Thriller"",""Horror"",""Family Friendly"",""Disney"",""Suspense"",""Shocking Twists"",""Psychological Thrillers"",""Mystery"",""Supernatural"",""Slasher"",""Dark Crime"",""True Crime""]","[""Crime"",""True Crime""]",2021-07-22T20:08:47,app_user
0174,10,21,Books,Female,25-34,673,2,FALSE,FALSE,undefined,undefined,undefined,undefined,app_user
0175,10,21,TV/Movies,Male,18-24,undefined,0,FALSE,FALSE,undefined,"[""Comedy"",""Romantic Comedy"",""British Comedy"",""Romance"",""Crime"",""Heists"",""Documentary"",""Docuseries"",""Music"",""Fantasy"",""Superheroes"",""Marvel"",""Science Fiction"",""Time Travel"",""Sports"",""Football""]",undefined,undefined,app_user
0176,10,21,TV/Movies,Female,18-24,734,6,TRUE,FALSE,"[""Comedy"",""Romance"",""Young Adult"",""Fantasy"",""Self Help"",""Historical Fiction"",""Cookbooks"",""Classics"",""Poetry"",""Children's Books"",""Coming of Age"",""Thriller"",""Memoirs"",""LGBTQ+"",""Tearjerkers""]","[""Comedy"",""Romance"",""Fantasy"",""Drama"",""Family Friendly""]","[""Comedy"",""Relationship"",""Crime"",""Comedian"",""True Crime"",""Unsolved Crime"",""Love"",""Dating""]",2020-09-12T18:34:19,app_user
0177,10,21,TV/Movies,Other,18-24,279,10,FALSE,FALSE,"[""Young Adult"",""Historical Fiction"",""Science Fiction"",""Whodunit"",""Horror"",""Thriller"",""LGBTQ+"",""True Crime"",""Tearjerkers"",""Coming of Age"",""Fantasy""]",undefined,undefined,undefined,app_user
0178,10,21,TV/Movies,Male,45-54,118,2,TRUE,TRUE,"[""Fantasy"",""High Fantasy"",""Dark Fantasy"",""Epic Fantasy"",""Thriller"",""Shocking Twists"",""Science Fiction"",""Dystopian Fiction"",""Time Travel"",""Outer Space"",""Horror"",""Slasher"",""Paranormal"",""Psychological Thrillers"",""Historical Fiction"",""True Crime"",""Classics"",""British Classics"",""Magic""]","[""Comedy"",""British Comedy"",""Stoner Comedy"",""Workplace Comedy"",""Dark Comedy"",""Spoofs and Mockumentaries"",""Adult Cartoon"",""Drama"",""British Dramas"",""Fantasy"",""Superheroes"",""Epic Fantasy"",""Mind Bending"",""Comic Book Adaptations"",""Marvel"",""Thriller"",""Suspense"",""Shocking Twists"",""Psychological Thrillers"",""Horror"",""Supernatural"",""Slasher"",""Science Fiction"",""Outer Space"",""Time Travel"",""Robots"",""Zombie"",""Dystopian"",""Alien"",""Action & Adventure"",""Adventure"",""Action"",""Music"",""Reality"",""Competition"",""Survival"",""Home Improvement"",""Food""]","[""Comedy"",""Comedian"",""Crime"",""True Crime"",""Unsolved Crime"",""TV & Movies"",""Fiction"",""History""]",2021-05-30T17:32:41,app_user
0179,10,21,TV/Movies,Female,35-44,63,0,TRUE,TRUE,"[""Self Help"",""Motivation"",""Mental Health"",""Business"",""Leadership"",""Entrepreneurship"",""Memoirs"",""Science Fiction"",""Dystopian Fiction"",""Outer Space"",""Time Travel"",""Historical Fiction"",""Young Adult""]","[""Science Fiction"",""Time Travel"",""Dystopian"",""Zombie"",""Alien"",""Western"",""Outlaw Western"",""Action & Adventure"",""Action"",""Documentary"",""Docuseries"",""Superheroes"",""Marvel"",""Family Friendly"",""Disney"",""Sitcoms"",""Comedy"",""Stoner Comedy"",""British Comedy"",""Dark Comedy"",""Spoofs and Mockumentaries"",""Drama"",""Period Dramas"",""Fantasy"",""Mind Bending"",""Epic Fantasy"",""Magic"",""Crime"",""True Crime"",""British Dramas"",""Romance"",""Outer Space"",""Robots"",""Adventure"",""Reality"",""Home Improvement"",""Sports"",""Martial Arts"",""Biopic"",""Whodunit""]","[""Business"",""Entrepreneurs"",""Relationship"",""Love"",""Parenting"",""Comedy"",""Comedian"",""Pop Culture"",""Interviews""]",undefined,app_user
0180,10,21,Books,Female,45-54,null,null,null,null,null,null,null,null,newsletter
0181,10,21,TV/Movies,Female,35-44,800,1,TRUE,FALSE,undefined,"[""Comedy"",""Sports"",""Thriller"",""Science Fiction"",""Fantasy"",""Superheroes"",""Documentary"",""Drama""]",undefined,undefined,app_user
0182,10,21,TV/Movies,Female,35-44,1537,5,TRUE,TRUE,"[""Fantasy""]","[""Comedy"",""Romantic Comedy"",""Workplace Comedy"",""Stoner Comedy"",""British Comedy"",""Dark Comedy"",""Adult Cartoon"",""Romance"",""Drama"",""British Dramas"",""Period Dramas"",""Tearjerkers"",""Crime"",""Dark Crime"",""True Crime"",""Fantasy"",""Epic Fantasy"",""Magic"",""Mind Bending"",""Superheroes"",""Comic Book Adaptations"",""Marvel"",""Thriller"",""Suspense"",""Shocking Twists"",""Psychological Thrillers"",""Mystery"",""Horror"",""Supernatural"",""Family Friendly"",""Sitcoms"",""Disney"",""Science Fiction"",""Outer Space"",""Zombie"",""Anime"",""Action & Adventure"",""Action"",""Adventure"",""Music"",""Documentary"",""Docuseries"",""War"",""Whodunit"",""Western"",""Outlaw Western"",""Teen Romance"",""Family Dramas"",""Slasher"",""Dystopian"",""Time Travel""]","[""Comedy""]",undefined,app_user
0183,10,21,TV/Movies,Male,18-24,4876,37,TRUE,FALSE,"[""Fantasy"",""Magic"",""Dark Fantasy"",""Epic Fantasy"",""Thriller"",""Science Fiction""]","[""Comedy"",""Thriller"",""Fantasy"",""Superheroes"",""Science Fiction"",""Drama""]","[""Comedy"",""Comedian"",""TV & Movies"",""Relationship"",""Dating"",""Love"",""Music"",""Celebrities"",""History"",""Fiction"",""Interviews"",""Sports"",""Basketball"",""Science & Technology"",""Technology"",""Science""]",undefined,app_user
0184,10,21,Books,Female,45-54,3674,7,TRUE,TRUE,"[""Fantasy"",""Magic"",""High Fantasy"",""Urban Fantasy"",""Epic Fantasy"",""Romance"",""Romantic Comedies"",""Young Adult"",""Comedy"",""Humor"",""Science Fiction"",""Time Travel"",""Outer Space"",""Historical Fiction"",""Classics"",""World War 2"",""British Classics"",""True Crime"",""Tearjerkers"",""Self Help"",""Mental Health"",""Motivation"",""Psychology"",""Poetry"",""Whodunit"",""Cooking"",""Cookbooks"",""Memoirs"",""Children's Books"",""Books for Kids""]","[""Comedy"",""Romantic Comedy"",""Workplace Comedy"",""British Comedy"",""Dark Comedy"",""Spoofs and Mockumentaries"",""Romance"",""Drama"",""Family Dramas"",""British Dramas"",""Period Dramas"",""Courtroom Dramas"",""Tearjerkers"",""Crime"",""Dark Crime"",""True Crime"",""Fantasy"",""Magic"",""Mind Bending"",""Superheroes"",""Marvel"",""Thriller"",""Shocking Twists"",""Psychological Thrillers"",""Mystery"",""Spy Thrillers"",""Family Friendly"",""Sitcoms"",""Disney"",""Science Fiction"",""Outer Space"",""Time Travel"",""Action & Adventure"",""Action"",""Adventure"",""Music"",""Food"",""Documentary"",""Docuseries"",""War"",""Whodunit"",""Political"",""Biopic"",""Epic Fantasy""]","[""Comedy"",""TV & Movies"",""Relationship"",""Music"",""Pop Culture"",""Celebrities"",""Society & Culture"",""History"",""Fiction"",""Health & Fitness"",""Health"",""Mental Health"",""Fitness"",""Self Help"",""Meditation"",""Interviews"",""News"",""Science & Technology""]",undefined,app_user
0185,10,21,Books,Female,18-24,null,null,null,null,null,null,null,null,newsletter
0186,10,21,Podcasts,Female,25-34,1204,36,TRUE,TRUE,"[""Fantasy"",""Young Adult"",""Teen Romance"",""Coming of Age"",""Dark Fantasy"",""Romance"",""Thriller"",""Shocking Twists"",""Psychological Thrillers"",""Classics"",""LGBTQ+"",""Self Help"",""Mental Health"",""Memoirs"",""Whodunit"",""Tearjerkers"",""Horror"",""Comedy"",""Romantic Comedies"",""Motivation""]","[""Family Friendly"",""Teen"",""Disney"",""Sitcoms"",""Teen Romance"",""High School"",""Thriller"",""Shocking Twists"",""Horror"",""Romance"",""Drama"",""Family Dramas"",""Tearjerkers"",""Music"",""Reality"",""LGBTQ+"",""Food"",""Competition"",""Reality Dating"",""Home Improvement"",""Documentary"",""Docuseries"",""Whodunit"",""Comedy"",""Romantic Comedy"",""Stoner Comedy"",""Dark Comedy"",""Adult Cartoon"",""Fantasy"",""Epic Fantasy"",""Suspense"",""Psychological Thrillers"",""Action & Adventure""]","[""Comedy"",""Crime"",""True Crime"",""TV & Movies"",""Relationship"",""Love"",""Music"",""Pop Culture"",""Society & Culture"",""Celebrities"",""Fiction"",""Health & Fitness"",""Mental Health"",""Beauty"",""Self Help"",""Interviews"",""Family Friendly""]",undefined,app_user
0187,10,21,TV/Movies,Female,18-24,834,1,TRUE,FALSE,"[""Young Adult"",""Fantasy"",""Teen Romance"",""Coming of Age"",""Children's Books""]","[""Family Friendly"",""Sitcoms"",""Teen"",""Fantasy"",""Anime"",""Romance""]","[""Crime"",""Unsolved Crime"",""True Crime"",""History"",""Fiction""]",2021-02-20T15:31:40,app_user
0188,10,21,Books,Female,18-24,null,null,null,null,null,null,null,null,newsletter
0189,10,21,TV/Movies,Female,35-44,535,55,FALSE,FALSE,undefined,undefined,undefined,undefined,app_user
0190,10,21,TV/Movies,Female,25-34,3565,382,FALSE,FALSE,undefined,undefined,undefined,2020-01-24T22:26:00,app_user
0191,10,21,Podcasts,Female,18-24,null,null,null,null,null,null,null,null,newsletter
0192,10,21,Books,Female,18-24,156,0,TRUE,TRUE,"[""Romance"",""Young Adult"",""Coming of Age"",""LGBTQ+"",""Fantasy""]","[""Romance"",""Romantic Comedy"",""Teen Romance""]",undefined,undefined,app_user
0193,10,21,Books,Female,45-54,53,0,TRUE,TRUE,"[""Memoirs"",""Tearjerkers"",""Historical Fiction"",""World War 2"",""Romance"",""Romantic Comedies"",""Comedy"",""True Crime""]","[""Comedy"",""Romantic Comedy"",""Romance"",""Reality"",""Competition"",""Home Improvement"",""Action & Adventure"",""Action"",""Adventure""]","[""Comedy"",""Crime"",""True Crime"",""Unsolved Crime"",""Health & Fitness"",""Health"",""Fitness"",""Mental Health"",""Self Help"",""Interviews""]",undefined,app_user
0194,10,21,TV/Movies,Female,35-44,103,2,TRUE,TRUE,"[""Whodunit"",""Thriller"",""Shocking Twists"",""Psychological Thrillers"",""Mystery"",""True Crime""]","[""Comedy"",""British Comedy"",""Drama"",""Crime"",""True Crime"",""Thriller"",""Shocking Twists"",""Psychological Thrillers"",""Suspense"",""Mystery"",""Horror"",""Family Friendly"",""Disney"",""Action & Adventure"",""Reality"",""Documentary"",""Docuseries"",""Food"",""Reality Dating"",""Home Improvement""]",undefined,2021-06-20T18:02:18,app_user
0195,10,21,Books,Prefer not to say,25-34,1938,6,TRUE,FALSE,undefined,undefined,undefined,undefined,app_user
0196,10,21,TV/Movies,Female,25-34,66,0,FALSE,FALSE,undefined,undefined,undefined,undefined,app_user
0197,10,21,Books,Female,25-34,422,100,TRUE,TRUE,"[""Thriller"",""Psychological Thrillers"",""Shocking Twists"",""True Crime"",""Business"",""Entrepreneurship""]","[""Teen"",""Thriller"",""Crime"",""True Crime"",""Psychological Thrillers"",""Shocking Twists"",""Mystery"",""Comedy"",""British Comedy"",""Workplace Comedy"",""Romance""]","[""Business"",""Entrepreneurs"",""Interviews""]",2021-06-25T15:33:36,app_user
0198,3,21,Books,Female,Under 18,299,0,TRUE,TRUE,"[""Young Adult"",""Romance"",""Fantasy"",""Teen Romance"",""Thriller"",""Dark Fantasy"",""Mystery"",""Historical Fiction"",""Classics"",""British Classics"",""Science Fiction"",""Dystopian Fiction"",""LGBTQ+"",""Tearjerkers""]",undefined,"[""Crime"",""True Crime""]",2021-08-04T13:38:18,app_user
0199,3,21,Books,Male,25-34,83,1,FALSE,FALSE,undefined,undefined,"[""Comedy"",""Comedian"",""TV & Movies"",""Music"",""Fiction"",""Science & Technology"",""Science"",""Technology"",""History"",""Interviews""]",undefined,app_user
0200,4,21,TV/Movies,Male,35-44,364,3,TRUE,FALSE,undefined,"[""Comedy"",""Romance"",""Crime"",""Family Friendly"",""Thriller"",""Tearjerkers"",""Science Fiction"",""Superheroes"",""Fantasy"",""Horror"",""LGBTQ+"",""Whodunit""]","[""Celebrities"",""Comedy"",""Relationship"",""News"",""Pop Culture"",""TV & Movies"",""History""]",undefined,app_user
0201,5,21,TV/Movies,Male,55-64,null,null,null,null,null,null,null,null,newsletter
0202,5,21,Books,Female,35-44,450,3,FALSE,FALSE,undefined,"[""Comedy"",""Romance"",""Crime"",""Music"",""Thriller"",""Tearjerkers"",""Science Fiction"",""Fantasy"",""Superheroes"",""Teen"",""Documentary"",""Biopic"",""Horror"",""Western"",""Survival"",""Whodunit"",""Drama""]",undefined,undefined,app_user
0203,5,21,Books,Male,25-34,54,0,TRUE,TRUE,"[""Poetry"",""Classics"",""Fantasy"",""Science Fiction"",""Urban Fantasy"",""Humor""]",undefined,undefined,undefined,app_user
0204,5,21,Books,Female,18-24,115,1,TRUE,TRUE,"[""Romance"",""Teen Romance"",""Young Adult"",""Science Fiction"",""Dystopian Fiction"",""Outer Space"",""Fantasy"",""Urban Fantasy"",""Dark Fantasy"",""High Fantasy"",""Magic"",""Epic Fantasy""]","[""Teen"",""Fantasy"",""Magic"",""Epic Fantasy"",""Superheroes"",""Science Fiction"",""High School"",""Teen Romance"",""Comedy""]","[""Comedy"",""Comedian"",""Fiction""]",2021-07-05T17:56:21,app_user
0205,6,21,TV/Movies,Female,25-34,null,null,null,null,null,null,null,null,newsletter
0206,6,21,Books,Female,18-24,58,0,TRUE,TRUE,"[""Fantasy"",""Magic"",""High Fantasy"",""Urban Fantasy"",""Dark Fantasy"",""Epic Fantasy"",""Science Fiction"",""Dystopian Fiction"",""Outer Space""]",undefined,undefined,2021-08-19T10:53:06,app_user
0207,6,21,Books,Female,25-34,45,0,TRUE,TRUE,"[""Fantasy"",""Romance"",""Thriller"",""Mystery"",""Science Fiction"",""Historical Fiction"",""Whodunit"",""Classics"",""Magic""]","[""Fantasy"",""Magic"",""Science Fiction"",""Outer Space"",""Action & Adventure"",""Whodunit"",""Documentary"",""Crime""]",undefined,undefined,app_user
0208,6,21,TV/Movies,Female,25-34,454,55,TRUE,FALSE,"[""Thriller"",""Psychological Thrillers"",""Shocking Twists"",""Mystery"",""Historical Fiction"",""Classics"",""Horror"",""Slasher"",""Whodunit"",""Tearjerkers"",""Fantasy"",""Urban Fantasy"",""Dark Fantasy"",""Young Adult"",""Coming of Age"",""Science Fiction"",""Dystopian Fiction"",""British Classics"",""Memoirs""]","[""Comedy"",""Dark Comedy"",""Workplace Comedy"",""Romantic Comedy"",""Drama"",""Family Dramas"",""Period Dramas"",""Courtroom Dramas"",""Tearjerkers"",""Crime"",""True Crime"",""Dark Crime"",""Thriller"",""Shocking Twists"",""Suspense"",""Psychological Thrillers"",""Spy Thrillers"",""Mystery"",""Family Friendly"",""Disney"",""Sitcoms"",""Documentary"",""Docuseries"",""Political"",""Biopic"",""Whodunit"",""Action & Adventure"",""Action"",""Adventure"",""Science Fiction"",""Dystopian""]",undefined,undefined,app_user
0209,6,21,TV/Movies,Male,35-44,211,0,TRUE,TRUE,"[""Fantasy"",""Urban Fantasy"",""Young Adult"",""Science Fiction"",""Time Travel"",""Outer Space""]","[""Comedy"",""Romantic Comedy"",""Adult Cartoon"",""Romance"",""Teen Romance"",""Superheroes"",""Teen"",""Fantasy"",""Horror"",""Science Fiction"",""Outer Space"",""Time Travel"",""Anime"",""Action & Adventure"",""Action"",""Adventure"",""Alien"",""Supernatural"",""Family Friendly"",""Disney"",""Sitcoms"",""Mind Bending"",""British Comedy""]","[""Comedy"",""Science & Technology""]",undefined,app_user
0210,6,21,TV/Movies,Male,45-54,629,2,FALSE,FALSE,undefined,undefined,undefined,2020-04-21T09:41:51,app_user
0211,6,21,Books,Female,18-24,53,1,TRUE,TRUE,"[""Fantasy"",""Magic"",""High Fantasy"",""Urban Fantasy"",""Epic Fantasy"",""Romance"",""Romantic Comedies"",""Young Adult"",""Science Fiction"",""Outer Space"",""Historical Fiction""]","[""Fantasy"",""Magic"",""Family Friendly"",""Disney"",""Science Fiction"",""Anime"",""Outer Space"",""Time Travel"",""Alien"",""Action & Adventure"",""Adventure""]",undefined,undefined,app_user
0212,6,21,Books,Female,45-54,200,0,TRUE,TRUE,"[""Romance"",""Thriller""]","[""Romance"",""Comedy"",""Romantic Comedy""]",undefined,undefined,app_user
0213,6,21,TV/Movies,Male,18-24,62,0,TRUE,TRUE,"[""Young Adult"",""Coming of Age"",""Comedy"",""Science Fiction"",""Fantasy"",""Classics"",""LGBTQ+""]","[""Comedy"",""Dark Comedy"",""Workplace Comedy"",""Spoofs and Mockumentaries"",""Drama"",""Teen"",""High School"",""Superheroes"",""Marvel"",""Science Fiction"",""LGBTQ+"",""Whodunit""]","[""Comedy"",""TV & Movies""]",2021-06-22T17:24:44,app_user
0214,7,21,Books,Female,25-34,undefined,0,FALSE,FALSE,"[""Fantasy"",""Romance""]","[""Romance"",""Fantasy"",""Epic Fantasy"",""Anime"",""Romantic Comedy"",""Comedy"",""Documentary""]","[""Comedy"",""Relationship"",""Crime"",""True Crime"",""Dating"",""Love"",""Parenting"",""Pop Culture""]",undefined,app_user
0215,7,21,TV/Movies,Female,25-34,null,null,null,null,null,null,null,null,newsletter
0216,7,21,Books,Female,25-34,605,0,TRUE,TRUE,"[""Romance"",""Romantic Comedies"",""Thriller"",""Shocking Twists"",""Psychological Thrillers"",""Mystery"",""Horror"",""True Crime"",""LGBTQ+"",""Whodunit""]",undefined,"[""Crime"",""True Crime"",""Unsolved Crime""]",2021-04-22T20:34:25,app_user
0217,7,21,TV/Movies,Male,35-44,1242,2,TRUE,FALSE,undefined,undefined,"[""TV & Movies"",""Comedy"",""Pop Culture"",""Family Friendly"",""Kids"",""Celebrities"",""Society & Culture"",""History"",""Parenting"",""Science & Technology"",""News"",""Technology"",""Science"",""Interviews"",""Comedian"",""Music""]",2020-06-29T05:40:00,app_user
0218,7,21,TV/Movies,Female,18-24,516,0,TRUE,TRUE,"[""LGBTQ+"",""Fantasy"",""Science Fiction"",""Dystopian Fiction"",""Thriller"",""Psychological Thrillers"",""Mystery"",""Horror"",""Classics"",""Urban Fantasy"",""Epic Fantasy"",""Shocking Twists"",""Whodunit""]","[""Comedy"",""Spoofs and Mockumentaries"",""Drama"",""Fantasy"",""Epic Fantasy"",""Superheroes"",""Marvel"",""Thriller"",""Suspense"",""Shocking Twists"",""Psychological Thrillers"",""Mystery"",""Horror"",""Family Friendly"",""Disney"",""Science Fiction"",""Dystopian"",""Action & Adventure"",""LGBTQ+"",""Whodunit""]","[""Comedy"",""Fiction"",""Pop Culture""]",undefined,app_user
0219,7,21,Books,Female,Under 18,656,1,FALSE,FALSE,"[""Young Adult"",""Fantasy"",""Romance"",""Teen Romance""]","[""Comedy"",""Romance"",""Action & Adventure"",""Adventure"",""Action"",""Family Friendly"",""Sitcoms"",""Disney"",""Thriller"",""Spy Thrillers"",""Mystery"",""Superheroes"",""Marvel""]","[""Family Friendly""]",undefined,app_user
0220,7,21,TV/Movies,Female,55-64,1077,3,FALSE,FALSE,"[""Romance"",""Historical Fiction"",""Whodunit"",""Thriller"",""Coming of Age""]",undefined,"[""Comedy"",""Comedian"",""Relationship"",""TV & Movies"",""Music"",""Celebrities"",""History"",""Pop Culture"",""Business"",""Sports""]",2020-04-02T15:58:50,app_user
0221,7,21,Books,Female,18-24,526,3,TRUE,TRUE,"[""Fantasy"",""Romance"",""Young Adult"",""Science Fiction"",""Outer Space"",""Historical Fiction"",""Classics"",""High Fantasy"",""Magic"",""Epic Fantasy"",""Teen Romance"",""British Classics""]","[""Comedy"",""Crime"",""Heists"",""Vigilante"",""Superheroes"",""Marvel"",""Action & Adventure"",""Action"",""Adventure"",""Whodunit"",""Family Friendly"",""Disney"",""Sitcoms"",""Science Fiction""]","[""Comedy"",""TV & Movies"",""Comedian"",""Pop Culture"",""Fiction"",""Family Friendly"",""Society & Culture"",""News""]",undefined,app_user
0222,7,21,TV/Movies,Female,25-34,3385,22,TRUE,FALSE,undefined,undefined,"[""True Crime"",""Celebrities"",""Comedy"",""Parenting"",""Relationship"",""Pop Culture"",""Health & Fitness"",""TV & Movies"",""Music""]",2020-08-03T08:27:05,app_user
0223,8,21,Books,Female,65+,55,0,TRUE,TRUE,"[""Historical Fiction"",""Memoirs"",""Classics""]","[""Comedy"",""Drama"",""Period Dramas"",""Courtroom Dramas"",""Reality"",""Documentary"",""Sports"",""Golf"",""Competition"",""Food""]",undefined,2021-06-29T17:23:54,app_user
0224,8,21,TV/Movies,Female,65+,409,0,FALSE,FALSE,undefined,undefined,undefined,2019-06-21T05:06:38,app_user
0225,8,21,Books,Female,25-34,272,3,TRUE,FALSE,"[""Comedy"",""Young Adult"",""Fantasy"",""Historical Fiction"",""Science Fiction"",""Whodunit"",""LGBTQ+""]","[""Comedy"",""Crime"",""Family Friendly"",""Tearjerkers"",""Science Fiction"",""Fantasy"",""Superheroes"",""Documentary"",""Western"",""LGBTQ+"",""Reality"",""Whodunit""]",undefined,2020-11-13T12:49:04,app_user
0226,8,21,TV/Movies,Female,25-34,1299,0,TRUE,FALSE,undefined,undefined,"[""Crime"",""Comedy"",""True Crime"",""TV & Movies""]",2020-07-08T16:48:12,app_user
0227,8,21,Books,Female,25-34,296,0,TRUE,TRUE,"[""Fantasy"",""Classics"",""Dark Fantasy"",""Romance"",""Science Fiction"",""High Fantasy"",""Urban Fantasy""]",undefined,undefined,undefined,app_user
0228,8,21,TV/Movies,Female,25-34,32,0,TRUE,TRUE,"[""Historical Fiction"",""Classics"",""British Classics"",""Memoirs""]","[""Comedy"",""Workplace Comedy"",""Romantic Comedy"",""Drama"",""Family Dramas"",""Music"",""Documentary"",""Docuseries"",""Political"",""Biopic"",""British Comedy"",""Spoofs and Mockumentaries""]","[""News"",""Politics"",""Science & Technology"",""Science"",""Interviews"",""Pop Culture"",""Society & Culture"",""Comedy"",""Comedian"",""History""]",undefined,app_user
0229,8,21,Books,Female,18-24,34,0,TRUE,TRUE,"[""Fantasy"",""Science Fiction"",""Dystopian Fiction"",""Epic Fantasy"",""High Fantasy"",""Young Adult"",""Time Travel"",""Magic"",""Classics""]","[""Comedy"",""Fantasy"",""Epic Fantasy"",""Magic"",""Science Fiction""]","[""Comedy"",""History"",""Fiction""]",undefined,app_user
0230,8,21,Books,Prefer not to say,18-24,518,2,TRUE,FALSE,undefined,"[""Comedy"",""Crime"",""LGBTQ+"",""Whodunit""]","[""Comedy"",""Crime"",""Fiction"",""Pop Culture""]",undefined,app_user
0231,8,21,TV/Movies,Female,45-54,563,3,TRUE,TRUE,"[""Fantasy"",""Magic"",""High Fantasy"",""Epic Fantasy"",""Romance"",""Romantic Comedies"",""Young Adult"",""Science Fiction"",""Dystopian Fiction"",""Time Travel"",""Outer Space"",""LGBTQ+"",""Children's Books"",""Dark Fantasy""]","[""Comedy"",""Romantic Comedy"",""Workplace Comedy"",""British Comedy"",""Dark Comedy"",""Fantasy"",""Epic Fantasy"",""Magic"",""Mind Bending"",""Superheroes"",""Marvel"",""Action & Adventure"",""Action""]",undefined,2021-07-06T17:40:37,app_user
0232,8,21,TV/Movies,Female,45-54,1515,3,TRUE,FALSE,"[""Comedy"",""Classics"",""True Crime"",""Horror"",""Whodunit"",""Thriller"",""Memoirs"",""Coming of Age"",""Cookbooks"",""Children's Books""]","[""Comedy"",""Political"",""Drama"",""Whodunit"",""Horror"",""Documentary"",""Crime"",""Thriller"",""Workplace Comedy"",""British Comedy"",""Spoofs and Mockumentaries"",""Adult Cartoon"",""Dark Comedy"",""Stoner Comedy"",""British Dramas"",""Family Dramas"",""Dark Crime"",""True Crime"",""Period Dramas"",""Heists"",""Superheroes"",""Comic Book Adaptations"",""Marvel"",""Courtroom Dramas"",""Shocking Twists"",""Suspense"",""Psychological Thrillers"",""Mystery"",""Spy Thrillers"",""Supernatural"",""Slasher"",""Family Friendly"",""Sitcoms"",""Disney"",""Science Fiction"",""Outer Space"",""Time Travel"",""Robots"",""Zombie"",""Dystopian"",""Alien"",""Black Cinema"",""Action & Adventure"",""Music"",""Action"",""Adventure"",""Docuseries"",""Survival"",""Post Apocalyptic"",""Sports"",""War"",""Biopic"",""Western""]","[""True Crime"",""Interviews"",""Health & Fitness"",""Music"",""History"",""TV & Movies""]",2020-09-17T18:44:30,app_user
0233,8,21,Books,Female,18-24,436,3,TRUE,TRUE,"[""Fantasy"",""Magic"",""Dark Fantasy"",""Romance"",""Teen Romance"",""Thriller"",""Psychological Thrillers"",""Mystery"",""Shocking Twists"",""Science Fiction"",""Time Travel"",""True Crime""]","[""Comedy"",""Romantic Comedy"",""Dark Comedy"",""Romance"",""Drama"",""Teen Romance"",""Crime"",""Dark Crime"",""True Crime"",""Vigilante"",""Fantasy"",""Magic"",""Superheroes"",""Thriller"",""Suspense"",""Shocking Twists"",""Psychological Thrillers"",""Mystery"",""Horror"",""Supernatural"",""Science Fiction"",""Time Travel"",""Dystopian"",""Action & Adventure""]","[""Comedy"",""Comedian"",""Crime"",""True Crime"",""Unsolved Crime"",""TV & Movies"",""Music"",""Celebrities""]",2021-07-19T19:55:14,app_user
0234,9,21,Books,Other,18-24,426,3,TRUE,TRUE,"[""Fantasy"",""Magic"",""Thriller"",""Shocking Twists"",""Science Fiction"",""Dystopian Fiction"",""Horror"",""Poetry"",""LGBTQ+"",""Psychological Thrillers""]","[""Drama"",""Fantasy"",""Magic"",""Thriller"",""Shocking Twists"",""Psychological Thrillers"",""Horror"",""Disney"",""Science Fiction"",""Dystopian"",""Reality"",""Food"",""LGBTQ+""]",undefined,undefined,app_user
0235,9,21,TV/Movies,Female,18-24,641,1,FALSE,FALSE,undefined,undefined,undefined,undefined,app_user
0236,9,21,Podcasts,Female,35-44,267,0,TRUE,TRUE,"[""Comedy"",""Science Fiction""]",undefined,"[""History"",""Comedy"",""Fiction""]",undefined,app_user
0237,9,21,Podcasts,Male,25-34,null,null,null,null,null,null,null,null,newsletter
0238,9,21,TV/Movies,Other,Under 18,404,19,TRUE,TRUE,"[""LGBTQ+"",""Tearjerkers"",""Horror"",""Paranormal"",""Slasher"",""Mystery"",""Shocking Twists"",""Science Fiction"",""Time Travel"",""Dystopian Fiction"",""Fantasy"",""Magic"",""Dark Fantasy"",""Epic Fantasy"",""Romance"",""Teen Romance"",""Urban Fantasy"",""Young Adult"",""Thriller""]","[""Anime"",""LGBTQ+"",""Action"",""Adventure"",""Action & Adventure"",""Fantasy"",""Magic"",""Epic Fantasy"",""Mind Bending"",""Superheroes"",""Horror"",""Supernatural"",""Slasher"",""Thriller"",""Shocking Twists"",""Mystery"",""Romance"",""Teen Romance"",""Comedy"",""Tearjerkers"",""Teen"",""Zombie"",""Post Apocalyptic""]","[""Fiction"",""Interviews""]",undefined,app_user
0239,10,21,Books,Female,45-54,null,null,null,null,null,null,null,null,newsletter
0240,10,21,TV/Movies,Male,35-44,966,0,TRUE,TRUE,"[""Fantasy"",""High Fantasy"",""Epic Fantasy"",""Thriller"",""Spy Thrillers"",""Historical Fiction"",""World War 2"",""Classics"",""Business"",""Leadership"",""Sports""]","[""Comedy"",""Workplace Comedy"",""Dark Comedy"",""Adult Cartoon"",""Fantasy"",""Superheroes"",""Comic Book Adaptations"",""Marvel"",""Science Fiction"",""Dystopian"",""Action & Adventure"",""Action"",""Adventure"",""Music"",""Sports"",""Football"",""Baseball"",""Golf"",""War"",""Biopic""]","[""Comedy"",""History"",""Fiction"",""Health & Fitness"",""Comedian"",""Fitness""]",undefined,app_user
0241,10,21,Books,Female,35-44,null,null,null,null,null,null,null,null,newsletter
0242,10,21,TV/Movies,Female,35-44,1100,512,TRUE,FALSE,"[""Horror"",""Thriller"",""True Crime"",""Memoirs"",""Classics"",""Whodunit""]","[""Comedy"",""Crime"",""Thriller"",""Documentary"",""Reality"",""Horror"",""Biopic"",""Drama""]","[""True Crime""]",2020-09-06T19:18:46,app_user
0243,10,21,Books,Female,45-54,141,0,TRUE,TRUE,"[""Fantasy"",""Comedy"",""Humor"",""Magic"",""High Fantasy"",""Epic Fantasy"",""Romance"",""Romantic Comedies"",""Science Fiction"",""Thriller"",""Psychological Thrillers"",""Shocking Twists"",""Young Adult"",""Dystopian Fiction"",""Time Travel"",""Historical Fiction"",""Outer Space"",""Horror"",""Paranormal"",""Tearjerkers"",""Self Help"",""Mental Health"",""Motivation"",""Psychology"",""Cooking"",""Children's Books"",""Books for Kids"",""Mystery"",""Urban Fantasy"",""Dark Fantasy"",""Teen Romance"",""Coming of Age"",""Comedian"",""Poetry"",""Whodunit"",""Memoirs""]","[""Comedy"",""Romantic Comedy"",""British Comedy"",""Spoofs and Mockumentaries"",""Adult Cartoon"",""Fantasy"",""Epic Fantasy"",""Magic"",""Mind Bending"",""Family Friendly"",""Sitcoms"",""Disney"",""Science Fiction"",""Dystopian"",""Documentary"",""Docuseries"",""Survival"",""Post Apocalyptic""]",undefined,2021-04-30T05:08:27,app_user
0244,10,21,TV/Movies,Other,25-34,190,4,TRUE,TRUE,"[""Fantasy"",""Science Fiction"",""LGBTQ+"",""Poetry"",""Historical Fiction""]","[""Anime"",""Black Cinema"",""Science Fiction"",""Fantasy"",""LGBTQ+"",""Documentary"",""Reality""]",undefined,undefined,app_user
0245,10,21,TV/Movies,Female,25-34,null,null,null,null,null,null,null,null,newsletter
0246,10,21,Books,Female,35-44,693,7,TRUE,FALSE,undefined,"[""Whodunit"",""Comedy"",""British Comedy"",""Adult Cartoon"",""Teen"",""Thriller"",""Science Fiction""]","[""Crime"",""Unsolved Crime"",""Fiction"",""Science & Technology""]",undefined,app_user
0247,10,21,Books,Female,25-34,643,53,TRUE,FALSE,"[""Comedy"",""Young Adult"",""Fantasy"",""Science Fiction"",""Poetry"",""Children's Books"",""True Crime"",""Thriller"",""Horror"",""Memoirs"",""Coming of Age"",""LGBTQ+""]","[""Comedy"",""Romance"",""Crime"",""Tearjerkers"",""Music"",""Thriller"",""Science Fiction"",""Fantasy"",""Teen"",""Superheroes"",""Documentary"",""Biopic"",""Horror"",""Anime"",""LGBTQ+"",""Survival"",""Drama""]","[""True Crime"",""Comedy"",""TV & Movies"",""Pop Culture""]",undefined,app_user
0248,10,21,Books,Female,25-34,387,61,TRUE,FALSE,"[""Romance"",""Young Adult"",""Fantasy"",""Historical Fiction"",""Poetry"",""Classics"",""Horror"",""Tearjerkers"",""LGBTQ+""]","[""Comedy"",""Romance"",""Family Friendly"",""Music"",""Tearjerkers"",""Science Fiction"",""Fantasy"",""Superheroes"",""Documentary"",""Biopic"",""Anime"",""Horror"",""LGBTQ+"",""Drama""]","[""Comedy"",""Fiction"",""Interviews"",""Music"",""History""]",undefined,app_user
0249,9,25,TV/Movies,Male,55-64,4,3,FALSE,FALSE,undefined,"[""Romantic Comedy"",""Documentary"",""Action & Adventure"",""Science Fiction"",""Drama"",""British Dramas"",""Period Dramas"",""Courtroom Dramas"",""Dark Crime"",""Heists"",""Vigilante"",""Mind Bending"",""Magic"",""Epic Fantasy"",""Superheroes"",""Thriller"",""Horror"",""Docuseries"",""War"",""Political"",""Whodunit"",""Western""]",undefined,undefined,app_user
0250,5,25,Books,Female,18-24,null,null,null,null,null,null,null,null,newsletter
0251,9,25,TV/Movies,Male,35-44,23,2,TRUE,FALSE,undefined,undefined,undefined,2020-07-31T02:20:50,app_user
0252,8,25,Books,Female,18-24,null,null,null,null,null,null,null,null,newsletter
0253,6,25,"TV/Movies, Books, Podcasts",Male,55-64,undefined,undefined,FALSE,FALSE,undefined,undefined,undefined,undefined,app_user
0254,10,25,"TV/Movies, Books, Podcasts",Male,35-44,undefined,undefined,FALSE,FALSE,undefined,undefined,undefined,undefined,app_user
0255,10,25,"TV/Movies, Books",Female,18-24,80,1,FALSE,FALSE,"[""Romance"",""Young Adult"",""Cookbooks"",""Comedy"",""Business"",""Poetry""]",undefined,undefined,undefined,app_user
0256,10,25,"TV/Movies, Books, Podcasts",Male,65 or older,undefined,undefined,FALSE,FALSE,undefined,undefined,undefined,undefined,app_user
0257,0,25,"TV/Movies, Books, Podcasts",Male,35-44,42,5,TRUE,TRUE,"[""Historical Fiction"",""Self Help"",""Fantasy"",""Young Adult"",""Science Fiction"",""Dystopian Fiction"",""Outer Space"",""Time Travel"",""Children's Books""]","[""Anime"",""Comedy"",""Science Fiction"",""Sports"",""Documentary"",""Time Travel"",""Robots"",""Outer Space"",""Zombie"",""Dystopian"",""Alien"",""Black Cinema"",""Action & Adventure"",""Superheroes"",""Crime"",""Fantasy"",""Comic Book Adaptations"",""Marvel"",""Family Friendly"",""Action"",""Adventure"",""Sitcoms"",""Disney""]","[""TV & Movies"",""Relationship"",""Music"",""Health & Fitness"",""Interviews"",""Sports"",""Family Friendly"",""Science & Technology"",""Self Help"",""Mental Health"",""Meditation"",""Fitness"",""Health"",""Fiction"",""Dating"",""Love"",""Comedy"",""Comedian"",""Science"",""Technology"",""News"",""Business""]",undefined,app_user
0258,1,25,TV/Movies,Male,35-44,5,0,FALSE,FALSE,undefined,"[""Comedy"",""Romance"",""Family Friendly"",""Science Fiction""]",undefined,2021-01-21T18:43:43,app_user
0259,9,25,"TV/Movies, Books",Male,35-44,662,1076,FALSE,FALSE,undefined,undefined,undefined,undefined,app_user
0260,8,25,Books,Male,25-34,13,0,TRUE,TRUE,"[""Fantasy"",""Magic"",""High Fantasy"",""Epic Fantasy"",""Thriller"",""Science Fiction"",""Time Travel"",""Outer Space"",""Horror"",""Paranormal"",""Children's Books"",""Dark Fantasy"",""Dystopian Fiction"",""Classics"",""British Classics"",""Poetry""]","[""Fantasy"",""Epic Fantasy"",""Magic"",""Mind Bending"",""Horror"",""Science Fiction"",""Family Friendly"",""Outer Space"",""Time Travel"",""Robots"",""Zombie"",""Alien"",""Action & Adventure"",""Survival"",""Post Apocalyptic"",""Western"",""Outlaw Western"",""Adventure"",""Anime"",""Superheroes"",""Comic Book Adaptations"",""Comedy"",""Stoner Comedy"",""Workplace Comedy"",""Dark Comedy"",""Spoofs and Mockumentaries""]",undefined,undefined,app_user
0261,10,25,TV/Movies,Female,18-24,2,0,FALSE,FALSE,undefined,"[""Comedy"",""Drama"",""Family Dramas"",""Teen"",""High School"",""Fantasy"",""Magic"",""Superheroes"",""Marvel"",""Horror"",""Supernatural"",""Thriller"",""Psychological Thrillers"",""Suspense"",""Mystery"",""Slasher"",""Sitcoms"",""Science Fiction"",""Alien"",""Zombie"",""Action & Adventure"",""Adventure"",""Action"",""Music"",""Reality"",""Competition""]",undefined,undefined,app_user
0262,7,25,TV/Movies,Male,35-44,211,1,TRUE,TRUE,"[""Fantasy"",""Magic"",""High Fantasy"",""Dark Fantasy"",""Epic Fantasy"",""Urban Fantasy"",""Young Adult"",""Comedy"",""Humor"",""Thriller"",""Shocking Twists"",""Psychological Thrillers"",""Spy Thrillers"",""Mystery"",""Science Fiction"",""Dystopian Fiction"",""Time Travel"",""Outer Space"",""Whodunit"",""Classics"",""Horror"",""Paranormal"",""Slasher"",""Coming of Age""]",undefined,undefined,undefined,app_user
0263,8,25,TV/Movies,Male,35-44,84,0,TRUE,TRUE,"[""Fantasy"",""Magic"",""High Fantasy"",""Dark Fantasy"",""Epic Fantasy"",""Science Fiction"",""Time Travel"",""Outer Space"",""Historical Fiction"",""World War 2""]","[""Comedy"",""Romantic Comedy"",""Workplace Comedy"",""Stoner Comedy"",""British Comedy"",""Dark Comedy"",""Spoofs and Mockumentaries"",""Adult Cartoon"",""Drama"",""Tearjerkers"",""Crime"",""Dark Crime"",""True Crime"",""Fantasy"",""Epic Fantasy"",""Magic"",""Mind Bending"",""Superheroes"",""Comic Book Adaptations"",""Marvel"",""Thriller"",""Suspense"",""Shocking Twists"",""Psychological Thrillers"",""Mystery"",""Horror"",""Supernatural"",""Science Fiction"",""Outer Space"",""Time Travel"",""Robots"",""Zombie"",""Dystopian"",""Alien"",""Anime"",""Action & Adventure"",""Adventure"",""Survival"",""Post Apocalyptic"",""Sports"",""Football""]","[""Comedy"",""TV & Movies"",""Crime"",""True Crime"",""Unsolved Crime"",""Music"",""Pop Culture"",""Society & Culture"",""Fiction"",""Sports"",""Football"",""Science & Technology"",""Technology"",""Comedian""]",2021-10-03T13:40:23,app_user
0264,7,25,TV/Movies,Male,55-64,36,1,FALSE,FALSE,undefined,undefined,undefined,undefined,app_user
0265,8,25,Books,Female,55-64,undefined,undefined,FALSE,FALSE,undefined,undefined,undefined,undefined,app_user
0266,9,25,"TV/Movies, Books",Female,25-34,21,1,TRUE,FALSE,undefined,undefined,undefined,undefined,app_user
0267,8,25,"TV/Movies, Books, Podcasts",Male,35-44,18,0,FALSE,FALSE,undefined,"[""Comedy"",""Dark Comedy"",""Workplace Comedy"",""Romantic Comedy"",""Spoofs and Mockumentaries"",""Adult Cartoon"",""Fantasy"",""Epic Fantasy"",""Magic"",""Superheroes"",""Comic Book Adaptations"",""Marvel"",""Thriller"",""Suspense"",""Mystery"",""Science Fiction"",""Outer Space"",""Alien"",""Action & Adventure"",""Action"",""Adventure"",""Sports"",""Football"",""War"",""Whodunit"",""Biopic"",""Anime"",""Music"",""Documentary"",""Western"",""Political"",""Psychological Thrillers"",""Shocking Twists"",""Spy Thrillers"",""Dystopian"",""Zombie"",""Time Travel"",""Outlaw Western"",""Crime"",""British Comedy"",""Heists"",""Black Cinema""]","[""Comedy"",""TV & Movies"",""History"",""Pop Culture"",""Sports"",""Science & Technology"",""Football"",""Technology""]",2020-06-21T12:58:31,app_user
0268,7,25,TV/Movies,Male,65 or older,5,0,FALSE,FALSE,undefined,"[""Comedy"",""Romantic Comedy"",""Workplace Comedy"",""Stoner Comedy"",""British Comedy"",""Dark Comedy"",""Political"",""Western"",""Action & Adventure"",""Thriller"",""Romance"",""Teen Romance"",""Drama"",""British Dramas"",""Period Dramas"",""Courtroom Dramas"",""Tearjerkers"",""Superheroes"",""Comic Book Adaptations""]",undefined,undefined,app_user
0269,9,25,TV/Movies,Male,55-64,undefined,undefined,FALSE,FALSE,undefined,undefined,undefined,undefined,app_user
0270,10,25,"TV/Movies, Books",Male,65 or older,undefined,undefined,FALSE,FALSE,undefined,undefined,undefined,undefined,app_user
0271,10,25,TV/Movies,Male,55-64,undefined,undefined,FALSE,FALSE,undefined,undefined,undefined,undefined,app_user
0272,10,25,"TV/Movies, Books, Podcasts",Female,45-54,14,0,TRUE,TRUE,undefined,"[""Comedy"",""Teen"",""Crime"",""Drama"",""Romance"",""Biopic"",""Political"",""War"",""Whodunit"",""Western"",""Sports"",""Survival"",""Documentary"",""Reality"",""Music"",""Anime"",""Action & Adventure"",""Science Fiction"",""Family Friendly"",""Superheroes"",""Fantasy"",""Thriller"",""Horror"",""Black Cinema"",""LGBTQ+"",""Romantic Comedy"",""Workplace Comedy"",""Stoner Comedy"",""British Comedy"",""Dark Comedy"",""Spoofs and Mockumentaries"",""Adult Cartoon"",""Teen Romance"",""Family Dramas"",""Period Dramas"",""British Dramas"",""Courtroom Dramas"",""Tearjerkers"",""True Crime"",""Dark Crime"",""Vigilante"",""Heists"",""High School"",""Magic"",""Epic Fantasy"",""Mind Bending"",""Comic Book Adaptations"",""Marvel"",""Suspense"",""Shocking Twists"",""Psychological Thrillers"",""Mystery"",""Spy Thrillers"",""Supernatural"",""Slasher"",""Sitcoms"",""Disney"",""Outer Space"",""Time Travel"",""Robots"",""Zombie"",""Dystopian"",""Alien"",""Action"",""Adventure"",""Reality Dating"",""Competition"",""Home Improvement"",""Food"",""Docuseries"",""Post Apocalyptic"",""Football"",""Baseball"",""Basketball"",""Martial Arts"",""Golf"",""Boxing"",""Outlaw Western""]",undefined,undefined,app_user
0273,9,25,TV/Movies,Female,25-34,90,0,FALSE,FALSE,undefined,undefined,undefined,undefined,app_user
0274,6,25,"TV/Movies, Books",Female,55-64,13,2,FALSE,FALSE,undefined,"[""Comedy"",""Romantic Comedy"",""British Comedy"",""Dark Comedy"",""Romance"",""Drama"",""Crime"",""Science Fiction"",""Action & Adventure"",""Western""]",undefined,2023-12-02T16:54:08,app_user
0275,5,25,TV/Movies,Female,35-44,72,2,TRUE,TRUE,"[""Cooking"",""Cookbooks"",""Holiday Cookbooks"",""Horror"",""Paranormal"",""Slasher""]","[""Comedy"",""Workplace Comedy"",""Stoner Comedy"",""Romantic Comedy"",""Dark Comedy"",""Crime"",""Dark Crime"",""Vigilante"",""Heists"",""Superheroes"",""Marvel"",""Comic Book Adaptations"",""Horror"",""Thriller"",""Music"",""Action & Adventure"",""Science Fiction"",""Action"",""Supernatural"",""Family Friendly"",""Adult Cartoon"",""Fantasy"",""Mind Bending"",""Epic Fantasy"",""Magic"",""True Crime"",""Outer Space"",""Time Travel"",""Robots"",""Slasher"",""Suspense"",""Psychological Thrillers"",""Shocking Twists"",""Spy Thrillers"",""Mystery"",""Sitcoms"",""Disney"",""Adventure"",""Whodunit"",""Dystopian""]",undefined,undefined,app_user
0276,5,25,"TV/Movies, Books",Female,25-34,9,3,TRUE,FALSE,"[""Historical Fiction"",""Romance"",""Young Adult"",""Fantasy"",""Thriller"",""Coming of Age""]","[""Comedy"",""Romance"",""Crime"",""Thriller""]",undefined,undefined,app_user
0277,10,25,"TV/Movies, Books",Female,35-44,25,0,TRUE,TRUE,"[""Fantasy"",""Comedy"",""Young Adult"",""Thriller"",""True Crime"",""Horror"",""Whodunit"",""Coming of Age"",""Humor"",""Shocking Twists"",""Psychological Thrillers"",""Spy Thrillers"",""Mystery"",""Historical Fiction"",""Slasher"",""Teen Romance"",""Comedian""]","[""Comedy"",""Romance"",""Drama"",""Horror"",""Crime"",""Thriller"",""Slasher"",""Mystery"",""Psychological Thrillers"",""Shocking Twists"",""Suspense"",""Supernatural"",""Spy Thrillers"",""Music"",""Documentary"",""Docuseries"",""Biopic""]",undefined,2022-04-14T12:57:59,app_user
0278,null,25,TV/Movies,,18-24,20,0,FALSE,FALSE,undefined,"[""Romance"",""Teen"",""LGBTQ+"",""Drama""]",undefined,2020-08-20T13:48:41,app_user
0279,6,25,TV/Movies,Male,18-24,null,null,null,null,null,null,null,null,newsletter
0280,8,25,"TV/Movies, Books",Female,18-24,undefined,undefined,FALSE,FALSE,undefined,undefined,undefined,undefined,app_user
0281,4,25,TV/Movies,Male,18-24,undefined,undefined,FALSE,FALSE,undefined,"[""Family Friendly"",""Fantasy"",""Comedy"",""Superheroes"",""Science Fiction"",""Crime"",""Dark Comedy"",""Marvel""]",undefined,undefined,app_user
0282,2,25,Books,Female,18-24,6,0,FALSE,FALSE,"[""Young Adult"",""Self Help""]",undefined,undefined,2023-01-28T19:02:56,app_user
0283,5,25,"TV/Movies, Books",Female,18-24,1052,8,TRUE,FALSE,undefined,undefined,"[""Pop Culture""]",undefined,app_user
0284,null,25,"TV/Movies, Books",,18-24,4,0,FALSE,FALSE,undefined,"[""Comedy"",""Romantic Comedy"",""British Comedy"",""Workplace Comedy"",""Romance"",""Teen Romance"",""Teen"",""High School"",""Drama"",""British Dramas"",""Courtroom Dramas"",""Superheroes"",""Marvel"",""Family Friendly"",""Disney"",""Sitcoms"",""Action & Adventure"",""Music"",""War""]","[""TV & Movies"",""Pop Culture"",""Health & Fitness"",""Mental Health"",""Self Help"",""Beauty"",""Music"",""Celebrities"",""History"",""Interviews"",""Family Friendly"",""Meditation""]",undefined,app_user
0285,null,25,Books,,25-34,209,0,FALSE,TRUE,"[""Young Adult"",""Science Fiction"",""Fantasy"",""Magic"",""Epic Fantasy"",""Thriller"",""Dystopian Fiction"",""Classics"",""Poetry"",""Cooking"",""Cookbooks"",""Business"",""Entrepreneurship"",""Leadership""]","[""Fantasy"",""Epic Fantasy"",""Science Fiction"",""Anime"",""Action & Adventure"",""Action"",""Adventure"",""Crime"",""Comedy"",""Romance"",""British Comedy"",""Dystopian"",""Music"",""Reality"",""Competition"",""Home Improvement"",""Documentary"",""Romantic Comedy""]",undefined,2022-03-27T20:40:50,app_user
0286,5,25,"TV/Movies, Books",Female,18-24,802,14,TRUE,FALSE,"[""Young Adult""]","[""Teen"",""LGBTQ+"",""Thriller"",""Drama""]",undefined,2020-11-24T17:31:04,app_user
0287,4,25,TV/Movies,Male,18-24,854,0,TRUE,FALSE,"[""Young Adult"",""Science Fiction"",""Children's Books"",""LGBTQ+"",""Horror"",""Thriller"",""Coming of Age"",""Classics"",""Fantasy"",""Comedy""]","[""Superheroes""]",undefined,2020-09-27T13:36:26,app_user
0288,7,25,Books,Male,18-24,48,0,FALSE,FALSE,"[""Fantasy"",""Magic"",""Romance"",""Thriller""]",undefined,undefined,2023-04-26T16:25:54,app_user
0289,9,25,TV/Movies,Female,65 or older,null,null,null,null,null,null,null,null,newsletter
0290,9,25,TV/Movies,Male,25-34,5794,64,FALSE,FALSE,undefined,undefined,undefined,2019-11-04T06:25:31,app_user
0291,null,25,Books,,18-24,undefined,0,TRUE,FALSE,"[""Fantasy"",""Thriller"",""Psychological Thrillers"",""Dark Fantasy"",""Science Fiction"",""Tearjerkers"",""Shocking Twists"",""Mystery""]","[""Comedy"",""Drama"",""Romantic Comedy"",""Workplace Comedy"",""Dark Comedy"",""Tearjerkers"",""Science Fiction"",""Black Cinema"",""Documentary"",""Survival"",""Anime"",""War"",""Biopic"",""Thriller"",""Psychological Thrillers"",""Horror"",""Supernatural"",""Slasher"",""Shocking Twists""]",undefined,undefined,app_user
0292,5,25,"TV/Movies, Books",Female,25-34,1300,852,TRUE,TRUE,"[""Thriller"",""Shocking Twists"",""Psychological Thrillers"",""Mystery"",""Horror"",""True Crime"",""Self Help"",""Psychology""]","[""Thriller"",""Suspense"",""Psychological Thrillers"",""Shocking Twists"",""Mystery"",""Horror"",""Supernatural"",""Comedy"",""Dark Comedy"",""Adult Cartoon"",""Spoofs and Mockumentaries"",""Romantic Comedy"",""Family Friendly"",""Sitcoms"",""Whodunit"",""Documentary"",""Docuseries""]","[""Science & Technology"",""Science"",""Health & Fitness"",""Mental Health"",""Self Help"",""Health""]",2022-04-17T23:06:12,app_user
0293,8,25,"TV/Movies, Books",Male,65 or older,5,0,FALSE,FALSE,undefined,undefined,"[""History"",""TV & Movies"",""Relationship"",""Pop Culture"",""News"",""Comedy"",""Sports""]",undefined,app_user
0294,8,25,"TV/Movies, Books",Male,18-24,140,15,TRUE,FALSE,"[""Fantasy""]","[""War"",""Action & Adventure"",""Anime"",""Action"",""Comedy""]",undefined,2022-12-20T02:31:42,app_user
0295,10,25,"TV/Movies, Books",Male,35-44,12,0,FALSE,FALSE,"[""Fantasy"",""Comedy"",""Thriller"",""Shocking Twists"",""Psychological Thrillers"",""Spy Thrillers"",""Mystery"",""Science Fiction"",""Humor"",""Dark Fantasy"",""Magic"",""Epic Fantasy"",""Dystopian Fiction"",""Time Travel"",""Outer Space"",""Classics"",""Horror"",""Slasher"",""Paranormal"",""Whodunit"",""True Crime"",""Historical Fiction"",""World War 2""]","[""Comedy"",""British Comedy"",""Dark Comedy"",""Spoofs and Mockumentaries"",""Workplace Comedy"",""Stoner Comedy"",""Adult Cartoon"",""Drama"",""Courtroom Dramas"",""Tearjerkers"",""British Dramas"",""Period Dramas"",""Crime"",""Dark Crime"",""True Crime"",""Heists"",""Vigilante"",""Fantasy"",""Epic Fantasy"",""Magic"",""Mind Bending"",""Superheroes"",""Comic Book Adaptations"",""Marvel"",""Thriller"",""Suspense"",""Shocking Twists"",""Psychological Thrillers"",""Mystery"",""Spy Thrillers"",""Horror"",""Supernatural"",""Slasher"",""Science Fiction"",""Outer Space"",""Time Travel"",""Robots"",""Zombie"",""Dystopian"",""Alien"",""Action & Adventure"",""Action"",""Adventure"",""Documentary"",""Docuseries"",""Survival"",""Post Apocalyptic"",""Sports"",""Football"",""War"",""Whodunit"",""Western"",""Outlaw Western"",""Family Friendly"",""Disney""]","[""Comedy"",""Comedian""]",undefined,app_user
0296,8,25,Books,Female,35-44,4,0,FALSE,TRUE,"[""Romance"",""Historical Fiction"",""Thriller"",""Mystery""]","[""Comedy"",""Romantic Comedy"",""British Comedy"",""Dark Comedy"",""Spoofs and Mockumentaries"",""Romance"",""Drama"",""Period Dramas"",""Tearjerkers"",""Fantasy"",""Epic Fantasy"",""Superheroes"",""Comic Book Adaptations"",""Marvel"",""Family Friendly"",""Disney"",""Sitcoms"",""Science Fiction"",""Outer Space"",""Time Travel"",""Dystopian"",""Black Cinema"",""Action & Adventure"",""Action"",""Adventure""]",undefined,undefined,app_user
0297,10,25,TV/Movies,Female,25-34,367,8,FALSE,TRUE,"[""Fantasy"",""Epic Fantasy"",""Romance"",""Romantic Comedies"",""Thriller"",""Shocking Twists"",""Psychological Thrillers"",""Spy Thrillers"",""Mystery"",""Science Fiction"",""Dystopian Fiction"",""Outer Space"",""Classics"",""True Crime"",""Tearjerkers"",""Self Help"",""Mental Health"",""Motivation"",""Psychology"",""Whodunit"",""Business"",""Leadership""]","[""Comedy"",""Romantic Comedy"",""Workplace Comedy"",""British Comedy"",""Dark Comedy"",""Spoofs and Mockumentaries"",""Romance"",""Teen Romance"",""Drama"",""Family Dramas"",""Courtroom Dramas"",""Tearjerkers"",""Crime"",""Dark Crime"",""True Crime"",""Heists"",""Vigilante"",""Thriller"",""Suspense"",""Shocking Twists"",""Psychological Thrillers"",""Mystery"",""Spy Thrillers"",""Family Friendly"",""Sitcoms"",""Disney"",""Science Fiction"",""Outer Space"",""Time Travel"",""Robots"",""Dystopian"",""Black Cinema"",""Action & Adventure"",""Action"",""Adventure"",""Reality"",""Competition"",""Food"",""Documentary"",""Docuseries"",""Survival"",""Post Apocalyptic"",""Whodunit"",""Political""]","[""Crime"",""True Crime""]",2023-01-04T14:26:17,app_user
0298,10,25,"TV/Movies, Books",Female,18-24,473,332,TRUE,FALSE,"[""Fantasy"",""Magic"",""Young Adult"",""Coming of Age"",""Thriller"",""Shocking Twists"",""Psychological Thrillers"",""Mystery"",""Science Fiction"",""Time Travel"",""Outer Space"",""Dystopian Fiction"",""Classics"",""Horror"",""Slasher"",""Paranormal"",""Tearjerkers"",""Whodunit"",""Epic Fantasy"",""Comedy"",""Comedian"",""Humor"",""High Fantasy"",""Urban Fantasy"",""Dark Fantasy"",""Teen Romance"",""Romance"",""Romantic Comedies""]","[""Comedy"",""Romantic Comedy"",""Workplace Comedy"",""British Comedy"",""Dark Comedy"",""Stoner Comedy"",""Adult Cartoon"",""Drama"",""Family Dramas"",""Period Dramas"",""British Dramas"",""Tearjerkers"",""Crime"",""Dark Crime"",""Heists"",""Vigilante"",""True Crime"",""Teen"",""High School"",""Teen Romance"",""Fantasy"",""Epic Fantasy"",""Magic"",""Mind Bending"",""Superheroes"",""Comic Book Adaptations"",""Marvel"",""Thriller"",""Suspense"",""Shocking Twists"",""Psychological Thrillers"",""Mystery"",""Spy Thrillers"",""Horror"",""Supernatural"",""Slasher"",""Family Friendly"",""Sitcoms"",""Disney"",""Science Fiction"",""Outer Space"",""Time Travel"",""Robots"",""Zombie"",""Dystopian"",""Alien"",""Anime"",""Action & Adventure"",""Action"",""Adventure"",""Whodunit""]",undefined,2023-07-15T20:43:41,app_user
0299,10,25,"TV/Movies, Books",Female,45-54,44,0,FALSE,FALSE,undefined,undefined,undefined,undefined,app_user
0300,7,25,Books,Male,18-24,undefined,0,TRUE,FALSE,"[""Science Fiction"",""Fantasy"",""High Fantasy"",""Magic"",""Dystopian Fiction"",""Historical Fiction"",""World War 2""]",undefined,undefined,undefined,app_user
0301,8,25,"TV/Movies, Books",Male,45-54,84,0,FALSE,FALSE,"[""Classics"",""Horror"",""British Classics"",""True Crime"",""Thriller"",""Mystery"",""Spy Thrillers"",""Science Fiction""]",undefined,undefined,2019-11-02T20:24:24,app_user
0302,8,25,TV/Movies,Female,18-24,466,28,TRUE,TRUE,"[""Memoirs"",""Comedy"",""Classics""]","[""Comedy"",""Docuseries"",""Documentary"",""Horror"",""Black Cinema"",""LGBTQ+"",""Biopic"",""Science Fiction""]",undefined,2022-03-11T19:04:18,app_user
0303,8,25,"TV/Movies, Books",Female,65 or older,153,0,FALSE,FALSE,"[""Historical Fiction"",""Whodunit"",""True Crime"",""Thriller""]",undefined,"[""Crime"",""History"",""Fiction"",""News"",""Politics""]",2020-04-18T05:42:09,app_user
0304,null,25,TV/Movies,,45-54,56,6,TRUE,FALSE,undefined,"[""Comedy"",""Workplace Comedy"",""Adult Cartoon"",""Dark Comedy"",""Drama"",""Tearjerkers"",""Crime"",""Dark Crime"",""Heists"",""Vigilante"",""Fantasy"",""Epic Fantasy"",""Magic"",""Mind Bending"",""Superheroes"",""Comic Book Adaptations"",""Marvel"",""Thriller"",""Suspense"",""Shocking Twists"",""Psychological Thrillers"",""Mystery"",""Spy Thrillers"",""Horror"",""Supernatural"",""Slasher"",""Family Friendly"",""Sitcoms"",""Disney"",""Science Fiction"",""Time Travel"",""Outer Space"",""Robots"",""Zombie"",""Dystopian"",""Black Cinema"",""Anime"",""Alien"",""Action & Adventure"",""Action"",""Adventure"",""Music"",""Reality"",""Competition"",""Food"",""Documentary"",""Docuseries"",""Survival"",""Post Apocalyptic"",""War"",""Biopic"",""Whodunit"",""Romantic Comedy"",""Spoofs and Mockumentaries"",""Family Dramas""]",undefined,undefined,app_user
0305,8,25,"Books, Podcasts",Female,18-24,7,0,TRUE,TRUE,"[""Thriller"",""Shocking Twists"",""Psychological Thrillers"",""Mystery"",""Science Fiction"",""Horror"",""True Crime"",""Self Help"",""Mental Health"",""Psychology"",""Whodunit""]","[""Comedy"",""Drama"",""Dark Comedy"",""Spoofs and Mockumentaries"",""Workplace Comedy"",""Family Dramas"",""Crime"",""True Crime"",""Dark Crime"",""Superheroes"",""Comic Book Adaptations"",""Marvel"",""Thriller"",""Suspense"",""Shocking Twists"",""Psychological Thrillers"",""Mystery"",""Horror"",""Supernatural"",""Science Fiction"",""Anime"",""Action & Adventure"",""Music"",""Documentary"",""Docuseries"",""Biopic"",""Whodunit"",""LGBTQ+"",""Adult Cartoon""]",undefined,undefined,app_user
0306,6,25,"TV/Movies, Books, Podcasts",Male,18-24,26,0,FALSE,FALSE,"[""Historical Fiction"",""Science Fiction"",""Memoirs""]",undefined,"[""Crime"",""Comedy"",""History"",""Science & Technology"",""Science"",""Technology"",""Comedian"",""True Crime""]",2024-07-08T15:10:17,app_user
0307,5,25,"TV/Movies, Books, Podcasts",Female,35-44,undefined,undefined,FALSE,FALSE,undefined,"[""Comedy"",""Romance"",""Drama"",""Superheroes"",""Teen"",""Fantasy"",""Science Fiction"",""Action & Adventure"",""Whodunit"",""Biopic"",""Romantic Comedy"",""Spoofs and Mockumentaries"",""Family Dramas"",""Period Dramas"",""Comic Book Adaptations"",""Marvel"",""Teen Romance"",""Epic Fantasy"",""Magic"",""Time Travel"",""Outer Space"",""Robots"",""Dystopian"",""Action"",""Adventure""]",undefined,undefined,app_user
0308,4,25,"TV/Movies, Books, Podcasts",Female,45-54,29,0,TRUE,FALSE,"[""Romance"",""True Crime"",""Self Help"",""Motivation"",""Business"",""Entrepreneurship"",""Memoirs""]","[""Comedy"",""Romantic Comedy"",""Drama"",""Crime"",""True Crime"",""Documentary"",""Docuseries"",""Black Cinema"",""Biopic"",""Dark Crime""]","[""Crime"",""True Crime"",""Relationship"",""Love"",""Health & Fitness"",""Fitness"",""Self Help"",""Meditation"",""Business"",""Entrepreneurs""]",undefined,app_user
0309,5,25,TV/Movies,Male,65 or older,undefined,undefined,FALSE,FALSE,undefined,"[""Teen"",""Fantasy"",""Superheroes"",""Thriller"",""Horror"",""Science Fiction"",""Action & Adventure"",""LGBTQ+"",""Epic Fantasy"",""Magic"",""Mind Bending"",""Spy Thrillers"",""Dystopian"",""Alien"",""Action"",""Supernatural"",""Time Travel"",""Outer Space"",""Robots"",""Adventure"",""High School""]",undefined,undefined,app_user
0310,7,25,Books,Female,65 or older,null,null,null,null,null,null,null,null,newsletter
0311,5,25,TV/Movies,Female,55-64,7,0,FALSE,FALSE,"[""Thriller"",""Shocking Twists"",""Psychological Thrillers"",""Mystery"",""Historical Fiction"",""True Crime"",""Horror"",""Paranormal""]","[""Drama"",""Family Dramas"",""Period Dramas"",""Courtroom Dramas"",""Crime"",""True Crime"",""Fantasy"",""Thriller"",""Suspense"",""Shocking Twists"",""Psychological Thrillers"",""Mystery"",""Horror"",""Documentary"",""Docuseries""]","[""Crime"",""True Crime"",""Unsolved Crime""]",2023-01-22T21:07:34,app_user
0312,9,25,"TV/Movies, Books, Podcasts",Female,18-24,4913,737,TRUE,TRUE,"[""Fantasy"",""Romance"",""Young Adult"",""Comedy"",""Thriller"",""Science Fiction"",""Classics"",""Tearjerkers"",""Self Help"",""Cooking"",""Children's Books""]","[""Comedy"",""Workplace Comedy"",""Romantic Comedy"",""Adult Cartoon"",""Romance"",""Teen Romance"",""Drama"",""Family Dramas"",""Courtroom Dramas"",""Tearjerkers"",""Crime"",""True Crime"",""Teen"",""High School"",""Fantasy"",""Epic Fantasy"",""Mind Bending"",""Magic"",""Superheroes"",""Marvel"",""Family Friendly"",""Disney"",""Sitcoms"",""Action & Adventure"",""Adventure"",""Action"",""Music"",""Reality"",""Competition"",""Home Improvement"",""Food""]","[""Comedy"",""TV & Movies"",""Relationship"",""Love"",""Dating"",""Crime"",""True Crime"",""Unsolved Crime"",""Health & Fitness"",""Fitness"",""Mental Health"",""Health"",""Self Help"",""Family Friendly"",""Kids"",""Science & Technology"",""Technology"",""Beauty"",""Comedian"",""Meditation""]",undefined,app_user
0313,8,25,TV/Movies,Male,55-64,undefined,undefined,FALSE,FALSE,undefined,undefined,undefined,undefined,app_user
0314,10,25,TV/Movies,Male,45-54,4776,499,FALSE,FALSE,undefined,undefined,"[""True Crime""]",2019-12-12T22:59:42,app_user
0315,null,25,"TV/Movies, Books, Podcasts",,35-44,38,42,FALSE,FALSE,"[""Thriller"",""Psychological Thrillers"",""Mystery"",""Memoirs"",""Shocking Twists"",""Spy Thrillers"",""Horror"",""Paranormal"",""Self Help"",""Mental Health"",""Young Adult"",""Coming of Age"",""Fantasy"",""Magic"",""Dark Fantasy"",""Urban Fantasy"",""Comedy"",""Humor"",""Historical Fiction"",""Classics"",""Motivation"",""Psychology"",""Science Fiction"",""Dystopian Fiction"",""Time Travel"",""Outer Space""]","[""Thriller"",""Suspense"",""Shocking Twists"",""Psychological Thrillers"",""Mystery"",""Horror"",""Spy Thrillers"",""Supernatural"",""Comedy"",""Workplace Comedy"",""Spoofs and Mockumentaries"",""Dark Comedy"",""Drama"",""Family Dramas"",""Tearjerkers"",""Teen"",""High School"",""Documentary"",""Docuseries"",""Survival"",""Post Apocalyptic"",""Dystopian"",""Reality"",""Reality Dating"",""Competition"",""Science Fiction"",""Time Travel"",""Action & Adventure"",""Adventure"",""Music"",""Action"",""Fantasy"",""Mind Bending"",""Magic""]","[""Comedy"",""Crime"",""Unsolved Crime"",""True Crime"",""Health & Fitness"",""Mental Health"",""Fiction"",""Self Help"",""Dating""]",2023-12-28T18:17:15,app_user
0316,5,25,"TV/Movies, Books, Podcasts",Female,45-54,90,2,TRUE,FALSE,undefined,"[""Comedy"",""Fantasy"",""Science Fiction"",""Drama""]","[""Fiction""]",2020-10-05T18:12:25,app_user
0317,7,25,TV/Movies,Non-binary,45-54,106,4,FALSE,FALSE,undefined,undefined,"[""Pop Culture"",""TV & Movies"",""Fiction"",""Sports""]",undefined,app_user
0318,8,25,Books,Female,45-54,62,0,TRUE,TRUE,undefined,"[""Comedy"",""Romantic Comedy"",""Romance"",""Drama"",""Family Dramas"",""Tearjerkers"",""Crime"",""True Crime"",""Thriller"",""Suspense"",""Mystery"",""Family Friendly"",""Sitcoms"",""Disney"",""Action & Adventure"",""Action"",""Adventure"",""Music"",""Reality"",""Home Improvement"",""Documentary""]","[""Crime"",""True Crime"",""Unsolved Crime"",""TV & Movies"",""Music"",""Comedy"",""Sports"",""Football""]",2021-12-24T19:28:05,app_user
0319,5,25,"TV/Movies, Books",Female,18-24,undefined,0,FALSE,FALSE,"[""Fantasy"",""Romance"",""Young Adult"",""Science Fiction"",""Dystopian Fiction"",""Classics"",""Magic"",""Teen Romance"",""Coming of Age""]","[""Romance"",""Drama"",""Superheroes""]",undefined,undefined,app_user
0320,5,25,"TV/Movies, Books, Podcasts",Female,45-54,33,0,TRUE,TRUE,undefined,"[""Comedy"",""Romantic Comedy"",""Stoner Comedy"",""Romance"",""Thriller"",""Music""]",undefined,2022-05-26T16:01:33,app_user
0321,8,25,"Books, Podcasts",Female,55-64,null,null,null,null,null,null,null,null,newsletter
0322,6,25,"TV/Movies, Books",Female,45-54,40,0,TRUE,TRUE,"[""Romance"",""Romantic Comedies"",""Young Adult"",""Coming of Age"",""Historical Fiction"",""Self Help"",""Tearjerkers"",""Cooking"",""Motivation"",""Mental Health"",""Psychology"",""Memoirs""]","[""Comedy"",""Romantic Comedy"",""Romance"",""Drama"",""Action & Adventure"",""Documentary""]",undefined,2022-01-18T13:01:17,app_user
0323,null,25,Books,,18-24,32,0,FALSE,FALSE,"[""Fantasy"",""Magic"",""Dark Fantasy"",""Romance"",""Romantic Comedies"",""Teen Romance"",""Young Adult"",""Thriller"",""Coming of Age"",""Shocking Twists"",""Psychological Thrillers"",""Mystery"",""Science Fiction"",""Dystopian Fiction"",""Outer Space"",""Horror"",""Slasher"",""Tearjerkers"",""LGBTQ+"",""Whodunit"",""Urban Fantasy""]",undefined,undefined,undefined,app_user
0324,7,25,Podcasts,Female,35-44,53,0,FALSE,FALSE,"[""Romance"",""Romantic Comedies"",""Historical Fiction"",""World War 2"",""Self Help"",""Mental Health"",""Psychology"",""Memoirs"",""Young Adult"",""Science Fiction"",""Dystopian Fiction""]",undefined,undefined,undefined,app_user
0325,2,25,"TV/Movies, Podcasts",Male,35-44,9,0,FALSE,FALSE,undefined,undefined,undefined,2019-02-18T15:17:56,app_user
0326,7,25,Books,Female,55-64,undefined,undefined,FALSE,FALSE,undefined,undefined,undefined,undefined,app_user
0327,7,25,"Books, Podcasts",Male,35-44,undefined,undefined,FALSE,FALSE,"[""Business"",""Self Help"",""Leadership"",""Cooking""]",undefined,undefined,undefined,app_user
0328,8,25,TV/Movies,Male,55-64,72,0,FALSE,FALSE,undefined,undefined,undefined,2019-10-19T14:03:34,app_user
0329,null,25,"TV/Movies, Books",,35-44,null,null,null,null,null,null,null,null,newsletter
0330,6,25,"TV/Movies, Books",Female,18-24,7,0,TRUE,FALSE,"[""Fantasy"",""Young Adult"",""Historical Fiction"",""Science Fiction"",""Dystopian Fiction"",""Outer Space"",""Urban Fantasy"",""Dark Fantasy"",""Magic"",""High Fantasy"",""Poetry"",""LGBTQ+"",""Self Help"",""Mental Health""]","[""Comedy"",""Spoofs and Mockumentaries"",""Workplace Comedy"",""Drama"",""Period Dramas"",""Crime"",""True Crime"",""Heists"",""Science Fiction"",""Outer Space"",""Dystopian"",""Documentary"",""Docuseries"",""LGBTQ+"",""Fantasy"",""Mind Bending"",""Superheroes"",""Marvel"",""Vigilante"",""Epic Fantasy"",""Thriller"",""Suspense"",""Spy Thrillers"",""Shocking Twists"",""Anime"",""Action & Adventure"",""Action"",""Adventure""]",undefined,undefined,app_user
0331,7,25,TV/Movies,Male,65 or older,undefined,undefined,FALSE,FALSE,undefined,"[""Comedy"",""Crime"",""Thriller"",""Sports"",""Whodunit"",""Western"",""Biopic"",""Action & Adventure"",""Political"",""Romance""]",undefined,undefined,app_user
0332,null,25,"TV/Movies, Books, Podcasts",,45-54,undefined,0,FALSE,FALSE,undefined,"[""Comedy""]","[""Celebrities"",""Music"",""Pop Culture"",""Comedy"",""TV & Movies"",""Family Friendly"",""Kids"",""Comedian"",""History"",""Science & Technology"",""Technology"",""Science""]",undefined,app_user
0333,10,25,Books,Female,55-64,23,0,FALSE,TRUE,"[""Horror"",""Fantasy"",""Urban Fantasy"",""Dark Fantasy"",""Comedy"",""Thriller"",""Science Fiction"",""Shocking Twists"",""Spy Thrillers"",""Paranormal"",""Tearjerkers"",""Psychological Thrillers""]",undefined,undefined,undefined,app_user
0334,7,25,TV/Movies,Female,45-54,868,17,FALSE,FALSE,"[""Historical Fiction"",""World War 2"",""Thriller"",""Psychological Thrillers""]",undefined,undefined,2020-04-19T06:41:48,app_user
0335,5,25,"TV/Movies, Books",Female,25-34,null,null,null,null,null,null,null,null,newsletter
0336,5,25,Books,Female,65 or older,101,0,FALSE,FALSE,undefined,undefined,undefined,undefined,app_user
0337,9,25,Books,Female,45-54,undefined,undefined,FALSE,FALSE,undefined,undefined,undefined,undefined,app_user
0338,9,25,TV/Movies,Female,65 or older,83,1,FALSE,FALSE,undefined,undefined,undefined,2019-06-30T09:05:31,app_user
0339,null,25,TV/Movies,,65 or older,14,20,FALSE,FALSE,undefined,"[""Comedy"",""Drama"",""Crime"",""Period Dramas"",""Thriller"",""Psychological Thrillers"",""Horror"",""Spy Thrillers"",""Mystery"",""Supernatural"",""Action & Adventure"",""Reality"",""Documentary"",""Whodunit"",""Docuseries"",""Adventure"",""Home Improvement"",""Fantasy"",""Epic Fantasy"",""Heists""]",undefined,2023-04-02T03:24:17,app_user
0340,null,25,TV/Movies,,45-54,1505,15,TRUE,TRUE,undefined,"[""Drama"",""Family Dramas"",""British Dramas"",""Comedy"",""Romantic Comedy"",""Workplace Comedy""]",undefined,2022-02-24T19:22:27,app_user
0341,8,25,TV/Movies,Female,65 or older,null,null,null,null,null,null,null,null,newsletter
0342,5,25,"TV/Movies, Books",Male,55-64,3,3,FALSE,FALSE,undefined,undefined,"[""Celebrities"",""Comedy"",""Fiction"",""Relationship"",""Pop Culture"",""Interviews"",""News"",""Kids"",""Health & Fitness"",""TV & Movies"",""Music"",""History""]",undefined,app_user
0343,10,25,TV/Movies,Male,65 or older,undefined,undefined,FALSE,FALSE,undefined,undefined,undefined,undefined,app_user
0344,6,25,Books,Female,25-34,undefined,undefined,FALSE,FALSE,undefined,undefined,undefined,undefined,app_user
0345,9,25,TV/Movies,Female,35-44,636,0,FALSE,TRUE,"[""Thriller"",""Psychological Thrillers"",""Whodunit""]","[""Comedy"",""Romantic Comedy"",""Workplace Comedy"",""Stoner Comedy"",""Dark Comedy"",""Drama"",""Crime"",""Dark Crime"",""True Crime"",""Superheroes"",""Marvel"",""Thriller"",""Suspense"",""Shocking Twists"",""Psychological Thrillers"",""Mystery"",""Black Cinema"",""Music"",""Reality"",""Home Improvement"",""Documentary"",""Docuseries"",""LGBTQ+""]",undefined,2023-01-20T15:54:16,app_user
0346,6,25,Books,Female,25-34,11,0,FALSE,FALSE,"[""Romance"",""Historical Fiction"",""Fantasy"",""Magic""]",undefined,undefined,2022-12-24T00:37:51,app_user
0347,10,25,"TV/Movies, Books",Female,35-44,136,0,FALSE,FALSE,"[""Thriller"",""Shocking Twists"",""Psychological Thrillers"",""Mystery"",""Comedy"",""Comedian"",""Historical Fiction"",""Tearjerkers"",""True Crime"",""Memoirs"",""Children's Books"",""Books for Kids""]","[""Comedy"",""Drama"",""Family Dramas"",""Period Dramas"",""Tearjerkers"",""Thriller"",""Psychological Thrillers"",""Suspense"",""Mystery"",""Shocking Twists"",""Spy Thrillers"",""Biopic"",""Crime"",""Dark Crime"",""True Crime""]",undefined,2024-02-04T22:13:03,app_user
0348,10,25,TV/Movies,Female,35-44,1177,0,TRUE,FALSE,undefined,undefined,undefined,2020-08-19T21:18:46,app_user
0349,7,25,"TV/Movies, Podcasts",Female,45-54,undefined,undefined,FALSE,FALSE,undefined,undefined,undefined,undefined,app_user
0350,9,25,"TV/Movies, Books",Female,65 or older,undefined,undefined,FALSE,FALSE,undefined,"[""Comedy"",""Romance"",""Sports"",""Tearjerkers"",""Reality"",""Drama"",""Action & Adventure""]",undefined,undefined,app_user
0351,null,25,"TV/Movies, Books",,35-44,4,1,FALSE,FALSE,undefined,undefined,undefined,undefined,app_user
0352,9,25,"TV/Movies, Books",Female,25-34,585,18,FALSE,FALSE,"[""Fantasy"",""High Fantasy"",""Dark Fantasy"",""Epic Fantasy"",""Romance"",""Historical Fiction"",""Tearjerkers"",""Memoirs"",""Magic""]","[""Romance"",""Romantic Comedy"",""Comedy"",""Dark Comedy"",""Stoner Comedy"",""Drama"",""Family Dramas"",""Period Dramas"",""Tearjerkers"",""Crime"",""Vigilante"",""True Crime"",""Family Friendly"",""Superheroes"",""Marvel"",""Disney"",""Sitcoms"",""Action & Adventure"",""Adventure"",""Dystopian"",""Post Apocalyptic"",""Documentary"",""Whodunit""]","[""Crime"",""True Crime"",""History"",""Interviews"",""Fiction"",""Family Friendly"",""Kids"",""Science & Technology"",""Science"",""Celebrities""]",2024-04-20T20:27:17,app_user
0353,8,25,TV/Movies,Male,65 or older,946,0,FALSE,FALSE,"[""Thriller"",""Psychological Thrillers"",""Horror"",""Sports""]",undefined,undefined,2020-04-19T10:30:35,app_user
0354,8,25,Books,Female,55-64,55,1,FALSE,FALSE,undefined,undefined,"[""Comedy"",""History"",""Crime"",""Business""]",2020-04-29T01:24:39,app_user
0355,6,25,Podcasts,Male,55-64,undefined,undefined,FALSE,FALSE,undefined,undefined,undefined,undefined,app_user
0356,10,25,"TV/Movies, Books",Prefer not to say,45-54,3790,333,TRUE,FALSE,undefined,undefined,"[""Crime"",""True Crime"",""History""]",2023-02-27T15:18:42,app_user
0357,null,25,TV/Movies,,45-54,5,1,FALSE,FALSE,undefined,"[""Comedy"",""Adult Cartoon"",""Music"",""Documentary"",""Whodunit"",""Biopic"",""Spoofs and Mockumentaries"",""Dark Comedy"",""Drama"",""British Dramas"",""Courtroom Dramas"",""Period Dramas"",""Crime"",""Heists""]",undefined,undefined,app_user
0358,5,25,"TV/Movies, Books",Male,65 or older,99,0,FALSE,FALSE,undefined,undefined,undefined,2020-05-05T18:09:24,app_user
0359,null,25,TV/Movies,,Under 18,undefined,undefined,FALSE,FALSE,undefined,undefined,undefined,undefined,app_user
0360,6,25,"TV/Movies, Books",Female,45-54,6,0,FALSE,TRUE,undefined,"[""Comedy"",""Romantic Comedy""]",undefined,undefined,app_user
0361,7,25,TV/Movies,Male,55-64,19,0,FALSE,TRUE,"[""Fantasy"",""High Fantasy"",""Dark Fantasy"",""Epic Fantasy"",""Science Fiction"",""Dystopian Fiction"",""Outer Space"",""Time Travel"",""Humor"",""Historical Fiction"",""Classics"",""Children's Books"",""Books for Kids"",""Sports"",""Memoirs""]","[""Comedy"",""Workplace Comedy"",""Dark Comedy"",""Drama"",""Fantasy"",""Superheroes"",""Epic Fantasy"",""Magic"",""Comic Book Adaptations"",""Marvel"",""Science Fiction"",""Family Friendly"",""Outer Space"",""Time Travel"",""Robots"",""Dystopian"",""Alien"",""Action & Adventure"",""Adventure"",""Music"",""Action"",""Sports"",""Baseball"",""Biopic"",""Disney""]",undefined,2023-11-03T13:44:37,app_user
0362,8,25,TV/Movies,Male,25-34,67,1,TRUE,FALSE,undefined,undefined,"[""Fiction""]",2020-07-04T09:03:14,app_user
0363,5,25,"TV/Movies, Books",Female,55-64,15,0,FALSE,FALSE,undefined,"[""Drama"",""British Dramas"",""Crime"",""Period Dramas""]",undefined,2022-04-29T19:42:26,app_user
0364,7,25,"TV/Movies, Books",Female,25-34,null,null,null,null,null,null,null,null,newsletter
0365,7,25,TV/Movies,Female,25-34,270,0,FALSE,FALSE,undefined,undefined,undefined,2020-05-15T18:15:14,app_user
0366,5,25,Books,Female,35-44,24,0,FALSE,FALSE,undefined,undefined,undefined,2020-02-29T10:55:17,app_user
0367,5,25,"TV/Movies, Books, Podcasts",Female,65 or older,3,0,FALSE,FALSE,undefined,undefined,undefined,undefined,app_user
0368,10,25,TV/Movies,Female,18-24,59,0,FALSE,TRUE,"[""Fantasy"",""Magic"",""High Fantasy"",""Dark Fantasy"",""Epic Fantasy"",""Urban Fantasy"",""Young Adult"",""Romance"",""Romantic Comedies"",""Teen Romance"",""Science Fiction"",""Dystopian Fiction"",""Time Travel"",""Outer Space"",""Historical Fiction"",""World War 2"",""Classics"",""British Classics"",""True Crime"",""Horror"",""Slasher"",""Paranormal"",""Tearjerkers"",""LGBTQ+"",""Cooking"",""Cookbooks"",""Holiday Cookbooks"",""Children's Books"",""Books for Kids"",""Memoirs"",""Whodunit"",""Poetry"",""Self Help"",""Mental Health"",""Psychology"",""Motivation"",""Comedy"",""Comedian"",""Humor"",""Thriller"",""Shocking Twists"",""Psychological Thrillers"",""Spy Thrillers"",""Mystery""]","[""Comedy"",""Romantic Comedy"",""Workplace Comedy"",""Stoner Comedy"",""Adult Cartoon"",""Romance"",""Teen Romance"",""Drama"",""Family Dramas"",""Period Dramas"",""Tearjerkers"",""Teen"",""Crime"",""True Crime"",""Dark Crime"",""Heists"",""Vigilante"",""High School"",""Fantasy"",""Epic Fantasy"",""Magic"",""Mind Bending"",""Superheroes"",""Comic Book Adaptations"",""Marvel"",""Thriller"",""Suspense"",""Shocking Twists"",""Psychological Thrillers"",""Mystery"",""Spy Thrillers"",""Family Friendly"",""Sitcoms"",""Disney"",""Science Fiction"",""Outer Space"",""Time Travel"",""Robots"",""Zombie"",""Dystopian"",""Alien"",""Anime"",""Black Cinema"",""Action & Adventure"",""Action"",""Adventure"",""Music"",""Reality"",""Reality Dating"",""Competition"",""Documentary"",""Docuseries"",""Survival"",""Post Apocalyptic"",""LGBTQ+"",""Whodunit""]","[""Parenting"",""Family Friendly"",""Kids"",""Celebrities"",""Fiction"",""History"",""Pop Culture"",""Society & Culture"",""Music"",""TV & Movies"",""Relationship"",""Comedy"",""Love"",""Dating"",""Comedian"",""Crime"",""True Crime"",""Unsolved Crime""]",2022-04-03T01:17:02,app_user
0369,7,25,"TV/Movies, Books",Female,65 or older,null,null,null,null,null,null,null,null,newsletter
0370,4,25,"TV/Movies, Podcasts",Female,35-44,55,0,TRUE,TRUE,undefined,"[""Superheroes"",""Drama"",""Comedy"",""Comic Book Adaptations"",""Marvel"",""Action & Adventure"",""Documentary"",""Western"",""Survival"",""Action"",""Adventure""]",undefined,undefined,app_user
0371,9,25,Books,Female,25-34,null,null,null,null,null,null,null,null,newsletter
0372,9,25,TV/Movies,Female,65 or older,717,6,FALSE,FALSE,undefined,undefined,undefined,2020-02-29T13:32:27,app_user
0373,5,25,"TV/Movies, Books",Female,18-24,13,0,FALSE,TRUE,"[""LGBTQ+"",""Young Adult""]","[""LGBTQ+"",""Comedy"",""Teen"",""Horror"",""Family Friendly"",""Anime"",""Sitcoms"",""Crime"",""True Crime""]",undefined,2021-07-31T20:30:04,app_user
0374,8,25,"TV/Movies, Books",Female,55-64,undefined,undefined,FALSE,FALSE,undefined,undefined,undefined,undefined,app_user
0375,10,25,"TV/Movies, Books",Female,18-24,19,1,TRUE,FALSE,"[""Fantasy"",""Magic"",""Dark Fantasy"",""Romance"",""Young Adult"",""Romantic Comedies"",""Teen Romance"",""Comedy"",""Comedian"",""Humor"",""Thriller"",""Psychological Thrillers"",""Shocking Twists"",""Spy Thrillers"",""Mystery"",""Historical Fiction"",""Science Fiction"",""Time Travel"",""Outer Space"",""Classics"",""Horror"",""Paranormal"",""True Crime"",""Self Help"",""Mental Health"",""Motivation"",""Psychology"",""Poetry"",""LGBTQ+"",""Cooking"",""Cookbooks"",""Holiday Cookbooks"",""Business"",""Entrepreneurship"",""Leadership"",""Memoirs""]","[""Comedy"",""Romantic Comedy"",""Dark Comedy"",""Romance"",""Drama"",""Teen Romance"",""Family Dramas"",""Teen"",""High School"",""Fantasy"",""Magic"",""Epic Fantasy"",""Thriller"",""Superheroes"",""Suspense"",""Marvel"",""Shocking Twists"",""Psychological Thrillers"",""Mystery"",""Horror"",""Spy Thrillers"",""Supernatural"",""Family Friendly"",""Anime"",""Black Cinema"",""Action & Adventure"",""Action"",""Disney"",""Adventure"",""Music"",""Reality"",""Home Improvement"",""Reality Dating"",""Competition"",""Food"",""Documentary"",""LGBTQ+""]","[""Comedy"",""Comedian"",""Crime"",""True Crime"",""Unsolved Crime"",""TV & Movies"",""Relationship"",""Love"",""Dating"",""Music"",""Pop Culture"",""Society & Culture"",""Celebrities"",""History"",""Fiction"",""Health & Fitness"",""Health"",""Fitness"",""Mental Health"",""Self Help"",""Beauty"",""Meditation"",""Interviews"",""News"",""Politics"",""Parenting"",""Business"",""Entrepreneurs"",""Family Friendly"",""Science & Technology"",""Science"",""Technology""]",2023-03-11T11:48:40,app_user
0376,5,25,"TV/Movies, Books, Podcasts",Female,65 or older,undefined,undefined,FALSE,FALSE,undefined,undefined,undefined,undefined,app_user
0377,8,25,Books,Non-binary,65 or older,undefined,undefined,FALSE,FALSE,"[""Whodunit"",""Thriller""]",undefined,undefined,undefined,app_user
0378,10,25,TV/Movies,Female,65 or older,undefined,0,FALSE,TRUE,"[""Self Help"",""True Crime"",""Thriller"",""Mystery"",""Spy Thrillers"",""Psychology"",""Motivation"",""Sports"",""Mental Health""]","[""Comedy"",""Romantic Comedy"",""Workplace Comedy"",""British Comedy"",""Spoofs and Mockumentaries"",""Romance"",""Family Friendly"",""Superheroes"",""Comic Book Adaptations"",""Marvel"",""Sitcoms"",""Disney"",""Action & Adventure"",""Action"",""Adventure"",""Sports"",""Football"",""Basketball"",""Martial Arts"",""Golf"",""Boxing"",""Western"",""Outlaw Western"",""War"",""Drama"",""Family Dramas"",""British Dramas"",""Period Dramas"",""Crime"",""Tearjerkers"",""Dark Crime"",""True Crime"",""Heists"",""Teen Romance"",""Courtroom Dramas""]",undefined,undefined,app_user
0379,7,25,"TV/Movies, Books",Male,45-54,456,6,FALSE,FALSE,undefined,undefined,undefined,undefined,app_user
0380,6,25,Books,Female,35-44,null,null,null,null,null,null,null,null,newsletter
0381,7,25,TV/Movies,Male,65 or older,undefined,undefined,FALSE,FALSE,undefined,undefined,undefined,undefined,app_user
0382,8,25,TV/Movies,Female,25-34,95,3,FALSE,FALSE,undefined,undefined,undefined,2024-05-31T20:00:45,app_user
0383,null,25,TV/Movies,,35-44,6,undefined,FALSE,FALSE,undefined,undefined,undefined,undefined,app_user
0384,5,25,TV/Movies,Male,55-64,111,0,FALSE,FALSE,undefined,undefined,undefined,2020-06-15T19:11:45,app_user
0385,null,25,"TV/Movies, Books, Podcasts",,65 or older,undefined,undefined,FALSE,FALSE,undefined,"[""Comedy"",""Romance"",""Sports"",""Tearjerkers"",""Biopic"",""Reality"",""Drama""]",undefined,undefined,app_user
0386,4,25,TV/Movies,Male,18-24,14,0,FALSE,FALSE,"[""Historical Fiction"",""LGBTQ+"",""World War 2"",""Horror"",""True Crime"",""Self Help"",""Mental Health""]",undefined,undefined,2022-07-18T12:45:40,app_user
0387,7,25,"Books, Podcasts",Prefer not to say,18-24,51,0,TRUE,TRUE,"[""Fantasy"",""Epic Fantasy"",""High Fantasy"",""Science Fiction"",""Historical Fiction"",""Classics"",""British Classics"",""Romance"",""Whodunit"",""Tearjerkers"",""Self Help"",""Romantic Comedies""]","[""Comedy"",""Romantic Comedy"",""Romance"",""Fantasy"",""Action & Adventure"",""Music"",""Documentary"",""Family Friendly""]","[""History"",""Family Friendly"",""Fiction"",""Comedy"",""TV & Movies"",""Interviews"",""Comedian""]",undefined,app_user
0388,6,25,TV/Movies,Male,45-54,98,0,FALSE,FALSE,undefined,undefined,undefined,undefined,app_user
0389,10,25,"TV/Movies, Books, Podcasts",Male,25-34,11,4,FALSE,FALSE,undefined,"[""Drama"",""Family Dramas"",""Period Dramas"",""Tearjerkers"",""Family Friendly"",""Black Cinema"",""Sitcoms"",""Documentary"",""Docuseries"",""LGBTQ+"",""Comedy"",""Stoner Comedy"",""Romantic Comedy"",""Dark Comedy"",""British Comedy"",""Workplace Comedy"",""Romance""]",undefined,2022-01-25T20:42:23,app_user
0390,null,25,TV/Movies,,45-54,35,0,FALSE,FALSE,undefined,undefined,undefined,2024-04-13T07:59:13,app_user
0391,9,25,Books,Male,65 or older,18,0,FALSE,FALSE,"[""Science Fiction"",""Fantasy"",""True Crime"",""Comedy""]",undefined,undefined,undefined,app_user
0392,3,25,TV/Movies,Female,65 or older,undefined,undefined,FALSE,FALSE,undefined,"[""Thriller"",""Drama"",""Crime"",""Science Fiction"",""Action & Adventure"",""Fantasy"",""Superheroes"",""Tearjerkers"",""True Crime"",""Mystery"",""Spy Thrillers"",""Suspense"",""Adventure"",""Marvel"",""Action""]",undefined,undefined,app_user
0393,6,25,Books,Female,35-44,undefined,undefined,FALSE,FALSE,undefined,undefined,undefined,undefined,app_user
0394,5,25,"TV/Movies, Books, Podcasts",Female,35-44,13,0,FALSE,FALSE,"[""Romance"",""Romantic Comedies"",""Comedy"",""Humor"",""Historical Fiction"",""Classics"",""British Classics"",""Fantasy"",""Magic"",""Young Adult"",""Coming of Age"",""Comedian"",""Self Help"",""Mental Health"",""Motivation"",""Psychology"",""Whodunit"",""Memoirs"",""Children's Books"",""Books for Kids"",""Epic Fantasy""]","[""Comedy"",""Romantic Comedy"",""Spoofs and Mockumentaries"",""British Comedy"",""Dark Comedy"",""Romance"",""Workplace Comedy"",""Family Friendly"",""Sitcoms"",""Biopic"",""Whodunit"",""Documentary"",""Docuseries"",""Disney"",""Thriller"",""Shocking Twists"",""Mystery"",""Spy Thrillers"",""Psychological Thrillers"",""Suspense"",""Drama"",""Family Dramas"",""British Dramas"",""Period Dramas"",""Music"",""Action & Adventure"",""Adventure"",""Reality"",""Competition""]",undefined,2022-03-14T10:19:59,app_user
0395,6,25,"TV/Movies, Books, Podcasts",Female,35-44,null,null,null,null,null,null,null,null,newsletter
0396,9,25,"TV/Movies, Books",Female,25-34,31,0,TRUE,TRUE,"[""Fantasy"",""Magic"",""High Fantasy"",""Urban Fantasy"",""Epic Fantasy"",""Romance"",""Romantic Comedies"",""Teen Romance"",""Young Adult"",""Classics"",""Coming of Age"",""Thriller"",""Mystery"",""Shocking Twists"",""Tearjerkers""]","[""Romance"",""Teen"",""Drama"",""Romantic Comedy"",""Teen Romance"",""High School"",""Fantasy"",""Epic Fantasy"",""Superheroes"",""Marvel"",""Mind Bending"",""Family Friendly"",""Disney"",""Action & Adventure"",""Adventure""]",undefined,2022-02-16T08:48:07,app_user
0397,9,25,TV/Movies,Female,35-44,539,3,FALSE,FALSE,undefined,undefined,"[""Comedy"",""Comedian"",""Crime"",""True Crime""]",undefined,app_user
0398,10,25,TV/Movies,Female,25-34,17,0,FALSE,TRUE,"[""Young Adult"",""Coming of Age"",""Romance"",""Romantic Comedies"",""Historical Fiction"",""Classics"",""Poetry"",""LGBTQ+"",""Whodunit"",""Science Fiction"",""Dystopian Fiction"",""Fantasy""]","[""Romantic Comedy"",""Romance"",""Drama"",""Thriller"",""Mystery"",""Spy Thrillers"",""Family Friendly"",""Disney"",""Action & Adventure"",""Music"",""Whodunit"",""Biopic"",""Documentary"",""Docuseries"",""Action"",""Adventure"",""Superheroes"",""Comedy"",""Period Dramas"",""Fantasy""]",undefined,2022-03-10T16:12:51,app_user
0399,null,25,TV/Movies,,65 or older,undefined,undefined,FALSE,FALSE,undefined,"[""Drama"",""Superheroes"",""Crime"",""Science Fiction"",""Action & Adventure"",""Western"",""Comic Book Adaptations"",""Outer Space"",""Action"",""Adventure"",""Outlaw Western""]",undefined,undefined,app_user
0400,7,25,TV/Movies,Female,18-24,1043,0,TRUE,TRUE,"[""Horror"",""Poetry"",""Cooking"",""Cookbooks"",""Comedy"",""Fantasy"",""Romance"",""Romantic Comedies"",""Young Adult""]","[""Comedy"",""Romantic Comedy"",""Stoner Comedy"",""Romance"",""Teen Romance"",""Horror"",""Supernatural"",""Family Friendly"",""Western""]","[""Comedy"",""Crime"",""Music""]",2021-08-13T15:50:45,app_user
0401,6,25,"TV/Movies, Books",Female,55-64,159,5,FALSE,TRUE,"[""Young Adult"",""Historical Fiction"",""Classics"",""World War 2"",""British Classics""]","[""Comedy"",""Romantic Comedy"",""British Comedy"",""Romance"",""Drama"",""Action & Adventure"",""Action"",""Adventure"",""Sports"",""Baseball"",""Football""]","[""Pop Culture""]",2022-02-10T21:05:04,app_user
0402,null,25,TV/Movies,,35-44,undefined,undefined,FALSE,FALSE,undefined,undefined,undefined,undefined,app_user
0403,7,25,TV/Movies,Male,35-44,1556,4,TRUE,TRUE,"[""Fantasy"",""Magic"",""Romance"",""Comedy"",""Thriller"",""Psychological Thrillers"",""Mystery"",""Shocking Twists"",""Tearjerkers"",""Sports"",""Humor"",""Romantic Comedies"",""Epic Fantasy""]","[""Comedy"",""Romantic Comedy"",""Workplace Comedy"",""Spoofs and Mockumentaries"",""Adult Cartoon"",""Romance"",""Fantasy"",""Magic"",""Superheroes"",""Comic Book Adaptations"",""Marvel"",""Thriller"",""Shocking Twists"",""Psychological Thrillers"",""Mystery"",""Sports"",""Football"",""Baseball"",""Basketball"",""Martial Arts"",""Whodunit"",""Biopic"",""Action & Adventure"",""Boxing"",""Suspense"",""Epic Fantasy"",""Crime"",""Drama"",""Tearjerkers"",""Dark Comedy""]","[""TV & Movies"",""Pop Culture"",""Comedy"",""Sports"",""Society & Culture"",""Fiction"",""History"",""Football"",""Interviews""]",undefined,app_user
0404,null,25,Books,,45-54,106,0,FALSE,FALSE,undefined,undefined,undefined,undefined,app_user
0405,7,25,"TV/Movies, Books",Female,45-54,710,0,TRUE,TRUE,"[""Romance"",""Thriller"",""Psychological Thrillers"",""Spy Thrillers"",""Mystery"",""Historical Fiction"",""Business"",""Leadership"",""Self Help"",""Romantic Comedies"",""Shocking Twists"",""Cooking""]","[""Romance"",""Romantic Comedy"",""Thriller"",""Psychological Thrillers"",""Mystery"",""Spy Thrillers"",""Political"",""Whodunit"",""Drama"",""Courtroom Dramas"",""Crime"",""Suspense"",""Music"",""Documentary"",""British Dramas"",""Shocking Twists""]","[""News"",""Politics"",""Interviews""]",undefined,app_user
0406,9,25,"TV/Movies, Books",Female,55-64,92,0,TRUE,TRUE,"[""Romance"",""Young Adult"",""Fantasy"",""Historical Fiction"",""Whodunit""]","[""Drama"",""Romance"",""Period Dramas""]","[""TV & Movies"",""History"",""Fiction"",""News"",""Interviews""]",undefined,app_user
0407,9,25,"TV/Movies, Books, Podcasts",Female,65 or older,undefined,undefined,FALSE,FALSE,undefined,undefined,undefined,undefined,app_user
0408,9,25,"TV/Movies, Books, Podcasts",Male,55-64,undefined,undefined,FALSE,FALSE,undefined,"[""Comedy"",""Superheroes"",""Thriller"",""Horror"",""Science Fiction"",""Action & Adventure"",""Music"",""Whodunit"",""Workplace Comedy"",""Dark Comedy"",""Comic Book Adaptations"",""Marvel"",""Suspense"",""Mystery"",""Spy Thrillers"",""Supernatural"",""Slasher"",""Disney"",""Outer Space"",""Time Travel"",""Robots"",""Zombie"",""Dystopian"",""Alien"",""Action"",""Adventure""]",undefined,undefined,app_user
0409,7,25,TV/Movies,Female,25-34,1446,10,FALSE,FALSE,undefined,undefined,undefined,2020-06-24T10:45:07,app_user
0410,8,25,TV/Movies,Female,35-44,152,1,TRUE,FALSE,"[""Romance"",""Comedy"",""Romantic Comedies"",""Teen Romance"",""Sports"",""Poetry"",""Humor"",""Young Adult"",""Comedian"",""Coming of Age""]","[""Romance"",""Romantic Comedy"",""Teen Romance"",""Comedy"",""Thriller"",""Psychological Thrillers"",""Black Cinema"",""Documentary"",""Docuseries"",""Sports"",""Football"",""Basketball"",""Spy Thrillers"",""Teen"",""Drama"",""High School""]","[""Comedy"",""Relationship"",""Comedian"",""Pop Culture"",""Love"",""Society & Culture"",""Celebrities"",""Sports"",""News"",""Politics"",""TV & Movies"",""Football"",""Basketball""]",2023-10-18T06:37:13,app_user
0411,1,25,"TV/Movies, Books, Podcasts",Female,65 or older,22,0,FALSE,FALSE,undefined,undefined,undefined,2019-07-14T15:49:43,app_user
0412,6,25,"TV/Movies, Books",Female,35-44,330,18,FALSE,FALSE,undefined,undefined,undefined,undefined,app_user
0413,7,25,"TV/Movies, Books, Podcasts",Female,45-54,57,0,FALSE,FALSE,undefined,"[""Comedy"",""Romantic Comedy"",""Workplace Comedy"",""British Comedy"",""Romance"",""Teen Romance"",""Drama"",""Family Dramas"",""British Dramas"",""Period Dramas"",""Tearjerkers"",""Courtroom Dramas"",""Family Friendly"",""Documentary"",""Music"",""Sitcoms"",""Teen""]","[""Comedy"",""TV & Movies"",""Interviews""]",undefined,app_user
0414,5,25,Books,Female,25-34,196,0,TRUE,TRUE,"[""Fantasy"",""High Fantasy"",""Dark Fantasy"",""Memoirs"",""Horror"",""Classics"",""Science Fiction"",""Outer Space"",""Historical Fiction""]","[""Drama"",""Comedy"",""Period Dramas"",""Science Fiction"",""Outer Space"",""Anime"",""Action & Adventure"",""Action"",""Adventure"",""War"",""Superheroes""]","[""History"",""Fiction"",""Science & Technology"",""Science""]",undefined,app_user
0415,8,25,Books,Female,45-54,undefined,undefined,FALSE,FALSE,undefined,undefined,undefined,undefined,app_user
0416,8,25,"TV/Movies, Books",Female,55-64,null,null,null,null,null,null,null,null,newsletter
0417,6,25,TV/Movies,Male,45-54,undefined,undefined,FALSE,FALSE,undefined,"[""Comedy"",""Thriller"",""Horror"",""Science Fiction"",""Action & Adventure"",""Documentary"",""Sports"",""Dark Comedy"",""Suspense"",""Mystery"",""Spy Thrillers"",""Dystopian"",""Alien"",""Outer Space"",""Time Travel"",""Zombie"",""Action"",""Adventure""]",undefined,undefined,app_user
0418,5,25,"TV/Movies, Books",Male,25-34,345,6,TRUE,TRUE,"[""Fantasy"",""High Fantasy"",""Epic Fantasy"",""Thriller"",""Psychological Thrillers"",""Spy Thrillers"",""Mystery"",""Science Fiction"",""Classics"",""Horror"",""Memoirs""]","[""Comedy"",""Drama"",""Crime"",""Fantasy"",""Thriller"",""Mystery"",""Horror"",""Science Fiction"",""Black Cinema"",""Action & Adventure"",""Action"",""LGBTQ+"",""Western""]",undefined,2022-06-27T18:52:02,app_user
0419,8,25,"TV/Movies, Books, Podcasts",Male,55-64,undefined,undefined,FALSE,FALSE,undefined,"[""Comedy"",""Romance"",""Crime"",""Thriller"",""Tearjerkers"",""Science Fiction"",""Superheroes"",""Horror"",""Western"",""Drama"",""Action & Adventure""]",undefined,undefined,app_user
0420,7,25,TV/Movies,Female,45-54,419,0,TRUE,TRUE,undefined,"[""Romance"",""Romantic Comedy"",""Drama"",""Period Dramas"",""Fantasy"",""Epic Fantasy"",""Magic"",""Mind Bending"",""Superheroes"",""Comic Book Adaptations"",""Marvel"",""Thriller"",""Suspense"",""Psychological Thrillers"",""Shocking Twists"",""Mystery"",""Spy Thrillers"",""Science Fiction"",""Outer Space"",""Time Travel"",""Zombie"",""Dystopian"",""Alien"",""Robots"",""Action & Adventure"",""Action"",""Adventure"",""Western"",""Outlaw Western""]",undefined,2023-12-08T19:59:32,app_user
0421,7,25,"TV/Movies, Books",Female,35-44,1,0,FALSE,FALSE,"[""Fantasy"",""Magic"",""High Fantasy"",""Urban Fantasy"",""Romance"",""Romantic Comedies"",""Teen Romance"",""Epic Fantasy"",""Young Adult"",""Comedy"",""Humor"",""Historical Fiction"",""Memoirs"",""Whodunit"",""Self Help"",""Mental Health"",""Psychology""]","[""Comedy"",""Romantic Comedy"",""Workplace Comedy"",""Fantasy"",""Magic"",""Family Friendly"",""Adult Cartoon""]",undefined,undefined,app_user
0422,6,25,"TV/Movies, Books, Podcasts",Male,55-64,undefined,undefined,FALSE,FALSE,undefined,"[""Fantasy"",""Science Fiction"",""Documentary"",""Action & Adventure"",""Survival"",""Biopic"",""Epic Fantasy""]",undefined,undefined,app_user
0423,8,25,Books,Female,45-54,119,27,TRUE,TRUE,"[""Young Adult"",""Classics"",""British Classics"",""Whodunit"",""Children's Books"",""Historical Fiction"",""Thriller"",""Spy Thrillers"",""Mystery"",""Science Fiction"",""Dystopian Fiction"",""Time Travel"",""Fantasy"",""Magic"",""High Fantasy""]","[""Whodunit"",""Crime"",""Superheroes"",""Fantasy"",""Epic Fantasy"",""Family Friendly"",""Science Fiction"",""Outer Space"",""Time Travel"",""Dystopian"",""Action & Adventure"",""Action"",""Adventure""]","[""Family Friendly"",""News"",""History"",""Health & Fitness""]",undefined,app_user
0424,9,25,"TV/Movies, Books, Podcasts",Female,25-34,28,1,FALSE,FALSE,"[""Fantasy"",""Romance"",""Comedy"",""Thriller"",""Mystery"",""Cooking"",""Self Help"",""Whodunit"",""Business"",""Leadership"",""Psychology""]","[""Comedy"",""Romance"",""Drama"",""Crime"",""Teen"",""Superheroes"",""Thriller"",""Family Friendly"",""Action & Adventure"",""Music"",""Romantic Comedy"",""Workplace Comedy"",""British Comedy"",""Dark Comedy"",""Teen Romance"",""Family Dramas"",""British Dramas"",""Period Dramas"",""Tearjerkers"",""True Crime"",""High School"",""Marvel"",""Suspense"",""Psychological Thrillers"",""Mystery"",""Spy Thrillers"",""Shocking Twists"",""Disney"",""Sitcoms"",""Action"",""Adventure"",""Fantasy"",""Science Fiction"",""Whodunit"",""Political"",""Spoofs and Mockumentaries""]",undefined,2023-09-26T18:23:26,app_user
0425,10,25,TV/Movies,Female,65 or older,undefined,undefined,FALSE,FALSE,undefined,"[""Drama"",""Crime"",""Thriller"",""Documentary"",""Sports"",""Whodunit"",""Biopic"",""Black Cinema"",""Music"",""Courtroom Dramas"",""Psychological Thrillers"",""Baseball"",""Basketball"",""Docuseries"",""Football"",""Mystery"",""Suspense"",""True Crime"",""Shocking Twists"",""Golf"",""Boxing""]",undefined,undefined,app_user
0426,0,25,"TV/Movies, Books, Podcasts",Male,25-34,null,null,null,null,null,null,null,null,newsletter
0427,7,25,TV/Movies,Male,55-64,25,0,FALSE,FALSE,undefined,"[""Comedy"",""Romance"",""Drama"",""Crime"",""Teen"",""Fantasy"",""Superheroes"",""Thriller"",""Science Fiction"",""Action & Adventure"",""Music"",""Documentary"",""Survival"",""Sports"",""Whodunit"",""Western"",""Political"",""Biopic"",""Romantic Comedy"",""British Comedy"",""Workplace Comedy"",""Dark Comedy"",""Teen Romance"",""Family Dramas"",""British Dramas"",""Courtroom Dramas"",""Tearjerkers"",""Dark Crime"",""True Crime"",""Heists"",""Vigilante"",""Epic Fantasy"",""Magic"",""Mind Bending"",""Comic Book Adaptations"",""Marvel"",""Suspense"",""Shocking Twists"",""Psychological Thrillers"",""Mystery"",""Spy Thrillers"",""Supernatural"",""Outer Space"",""Time Travel"",""Robots"",""Zombie"",""Dystopian"",""Alien"",""Action"",""Adventure"",""Docuseries"",""Post Apocalyptic"",""Football"",""Baseball"",""Basketball"",""Outlaw Western""]",undefined,2024-01-28T13:19:48,app_user
0428,3,25,"TV/Movies, Books",Female,45-54,175,0,FALSE,FALSE,"[""Comedy"",""Historical Fiction"",""Whodunit"",""Thriller""]",undefined,undefined,2020-01-15T10:34:40,app_user
0429,5,25,TV/Movies,Female,65 or older,undefined,undefined,FALSE,FALSE,undefined,undefined,undefined,undefined,app_user
0430,7,25,TV/Movies,Female,45-54,undefined,undefined,FALSE,FALSE,undefined,undefined,undefined,undefined,app_user
0431,8,25,TV/Movies,Female,55-64,107,10,FALSE,TRUE,"[""Fantasy"",""Epic Fantasy"",""Magic"",""Science Fiction"",""Time Travel"",""Outer Space"",""Historical Fiction""]","[""Science Fiction"",""Superheroes"",""Comic Book Adaptations"",""Marvel"",""Outer Space"",""Time Travel"",""Robots"",""Zombie"",""Dystopian"",""Alien"",""Comedy"",""Romantic Comedy"",""British Comedy"",""Dark Comedy"",""Romance"",""Drama"",""Fantasy"",""Action & Adventure"",""British Dramas"",""Period Dramas"",""Epic Fantasy"",""Magic"",""Mind Bending"",""Thriller"",""Suspense"",""Shocking Twists"",""Psychological Thrillers"",""Mystery"",""Action""]","[""Fiction"",""Science & Technology"",""Technology"",""Science"",""Health & Fitness"",""Health"",""Fitness"",""Mental Health"",""Interviews"",""News"",""Politics"",""Comedy"",""TV & Movies"",""History"",""Meditation""]",2021-11-28T20:06:46,app_user
0432,10,25,TV/Movies,Female,18-24,6588,3616,TRUE,FALSE,"[""Young Adult"",""Fantasy"",""Magic"",""Science Fiction"",""Dystopian Fiction"",""Coming of Age"",""Teen Romance"",""Children's Books"",""Epic Fantasy"",""Urban Fantasy"",""Dark Fantasy"",""High Fantasy"",""Romance""]","[""Drama"",""Romance"",""Teen Romance"",""Teen"",""Superheroes"",""Fantasy"",""Science Fiction"",""Zombie"",""Marvel"",""British Dramas"",""Tearjerkers"",""Action & Adventure"",""Action"",""Alien"",""Romantic Comedy""]",undefined,undefined,app_user
0433,7,25,TV/Movies,Male,45-54,undefined,undefined,FALSE,FALSE,undefined,"[""Action & Adventure"",""Comedy"",""Drama"",""Thriller""]",undefined,undefined,app_user
0434,8,25,Books,Female,18-24,468,0,FALSE,FALSE,undefined,undefined,undefined,2020-05-24T06:55:54,app_user
0435,10,25,"TV/Movies, Books",Female,35-44,4766,7,FALSE,FALSE,undefined,undefined,undefined,2020-05-23T09:39:36,app_user
0436,5,25,TV/Movies,Female,25-34,54,0,FALSE,FALSE,"[""Memoirs"",""LGBTQ+"",""Tearjerkers"",""Classics"",""True Crime"",""Cooking"",""Cookbooks"",""Comedy"",""Science Fiction"",""Dystopian Fiction"",""Self Help""]","[""Comedy"",""Dark Comedy"",""Workplace Comedy"",""Spoofs and Mockumentaries"",""Drama"",""Crime"",""Dark Crime"",""True Crime"",""Heists"",""Tearjerkers"",""Family Dramas"",""Courtroom Dramas"",""Science Fiction"",""Dystopian"",""Action & Adventure"",""Action"",""Adventure"",""Documentary"",""LGBTQ+"",""Political"",""Whodunit"",""Docuseries"",""Food""]","[""Crime"",""True Crime"",""Comedy"",""Relationship"",""Love"",""Dating"",""News"",""Politics"",""Science & Technology"",""Interviews"",""Health & Fitness""]",undefined,app_user
0437,10,25,"TV/Movies, Podcasts",Male,35-44,13,0,FALSE,FALSE,undefined,undefined,undefined,2019-12-22T18:18:39,app_user
0438,10,25,Books,Female,18-24,1925,85,TRUE,TRUE,"[""Science Fiction"",""Fantasy"",""Dystopian Fiction"",""True Crime"",""Historical Fiction"",""Time Travel"",""Whodunit"",""Young Adult"",""Thriller"",""Psychological Thrillers"",""Mystery"",""Shocking Twists"",""Classics"",""World War 2""]","[""Comedy"",""Romantic Comedy"",""Spoofs and Mockumentaries"",""British Comedy"",""Crime"",""Teen"",""Thriller"",""Shocking Twists"",""Psychological Thrillers"",""Spy Thrillers"",""Mystery"",""Suspense"",""Science Fiction"",""Time Travel"",""Dystopian"",""Outer Space"",""Action & Adventure"",""Adventure"",""Action"",""Music"",""Whodunit"",""Western"",""Outlaw Western"",""Post Apocalyptic""]",undefined,2021-04-10T06:14:26,app_user
0439,6,25,Podcasts,Male,25-34,undefined,undefined,FALSE,FALSE,undefined,undefined,undefined,undefined,app_user
0440,0,25,"Books, Podcasts",Female,35-44,39,0,TRUE,TRUE,"[""Comedy"",""Romance"",""Romantic Comedies"",""Poetry"",""Historical Fiction"",""Humor"",""Fantasy"",""High Fantasy"",""Urban Fantasy"",""Epic Fantasy"",""Magic""]","[""Comedy"",""Romantic Comedy"",""British Comedy"",""Music"",""Political"",""Fantasy"",""Magic"",""Epic Fantasy"",""Reality"",""Reality Dating"",""Biopic""]",undefined,2022-01-07T20:23:09,app_user
0441,7,25,Books,Female,35-44,514,0,TRUE,FALSE,"[""Fantasy"",""Magic"",""High Fantasy"",""Epic Fantasy"",""Romance"",""Romantic Comedies"",""Teen Romance"",""Young Adult"",""Coming of Age"",""Science Fiction"",""LGBTQ+"",""Dystopian Fiction"",""True Crime"",""Dark Fantasy""]","[""Romance"",""Romantic Comedy"",""Teen Romance"",""Drama"",""Family Dramas"",""British Dramas"",""Period Dramas"",""Courtroom Dramas"",""Crime"",""True Crime"",""Heists"",""Vigilante"",""Teen"",""Fantasy"",""High School"",""Epic Fantasy"",""Magic"",""Superheroes"",""Comic Book Adaptations"",""Marvel"",""Family Friendly"",""Science Fiction"",""Dystopian"",""Robots"",""Outer Space"",""Action & Adventure"",""Action"",""Adventure"",""Documentary"",""LGBTQ+"",""Whodunit"",""Reality"",""Competition"",""Home Improvement"",""Food""]","[""Crime"",""Comedy"",""True Crime"",""Unsolved Crime"",""TV & Movies"",""Music"",""Pop Culture"",""Society & Culture"",""Celebrities"",""History"",""Fiction"",""Family Friendly"",""Science & Technology"",""Science"",""Technology"",""News"",""Politics""]",2021-08-11T06:54:27,app_user
0442,8,25,TV/Movies,Female,45-54,31,0,FALSE,FALSE,undefined,undefined,undefined,2020-03-30T20:23:39,app_user
0443,3,25,TV/Movies,Female,35-44,38,0,TRUE,FALSE,"[""Historical Fiction"",""Classics"",""British Classics""]","[""Dark Comedy"",""Drama"",""Period Dramas"",""Romance"",""Thriller"",""Suspense"",""Psychological Thrillers"",""Documentary"",""LGBTQ+"",""Whodunit"",""Comedy"",""Tearjerkers"",""Mystery"",""Docuseries"",""British Dramas"",""British Comedy""]","[""Comedy""]",2022-08-16T17:47:39,app_user
0444,7,25,"TV/Movies, Books",Female,35-44,77,1,FALSE,TRUE,"[""Young Adult"",""Coming of Age""]","[""Comedy"",""Romantic Comedy"",""Dark Comedy"",""Romance"",""Drama"",""Teen Romance"",""Family Dramas"",""Political"",""Period Dramas""]",undefined,undefined,app_user
0445,8,25,Books,Prefer not to say,35-44,undefined,undefined,FALSE,FALSE,undefined,undefined,undefined,undefined,app_user
0446,7,25,TV/Movies,Female,45-54,undefined,undefined,FALSE,FALSE,undefined,undefined,undefined,undefined,app_user
0447,8,25,TV/Movies,Female,45-54,12,0,FALSE,FALSE,undefined,undefined,undefined,2019-12-15T19:31:00,app_user
0448,7,25,TV/Movies,Female,65 or older,undefined,undefined,FALSE,FALSE,"[""Comedy"",""Romance"",""Classics"",""True Crime"",""Memoirs""]",undefined,undefined,undefined,app_user
0449,10,25,"TV/Movies, Books, Podcasts",Female,25-34,116,0,TRUE,TRUE,"[""Fantasy"",""LGBTQ+"",""Romance"",""Romantic Comedies"",""Comedy"",""Young Adult"",""Humor"",""Comedian"",""Coming of Age"",""Self Help"",""Motivation"",""Sports"",""Mental Health"",""Memoirs"",""Thriller"",""Science Fiction""]","[""Comedy""]","[""Comedy""]",2022-05-22T12:29:19,app_user
0450,6,25,"TV/Movies, Books",Female,55-64,43,10,FALSE,TRUE,"[""Historical Fiction""]","[""Drama"",""Family Dramas"",""Reality"",""Courtroom Dramas"",""Comedy"",""Romantic Comedy"",""Dark Comedy"",""Competition"",""Crime"",""Period Dramas""]",undefined,2023-04-21T15:01:44,app_user
0451,10,25,"TV/Movies, Books, Podcasts",Female,35-44,436,0,FALSE,TRUE,"[""Fantasy"",""Magic"",""Young Adult"",""Thriller"",""Shocking Twists"",""Psychological Thrillers"",""Spy Thrillers"",""Mystery"",""Science Fiction"",""Dystopian Fiction"",""Time Travel"",""Outer Space"",""Classics"",""True Crime"",""Whodunit""]","[""Comedy"",""Drama"",""Dark Comedy"",""Crime"",""True Crime"",""Dark Crime"",""Heists"",""Vigilante"",""Fantasy"",""Superheroes"",""Thriller"",""Suspense"",""Shocking Twists"",""Psychological Thrillers"",""Mystery"",""Science Fiction"",""Outer Space"",""Time Travel"",""Zombie"",""Dystopian"",""Robots"",""Alien"",""Action & Adventure"",""Adventure"",""Documentary"",""Survival"",""War"",""Whodunit"",""Magic"",""Comic Book Adaptations"",""Marvel"",""Spy Thrillers"",""Horror"",""Supernatural""]",undefined,2022-01-05T19:23:30,app_user
0452,9,25,"Books, Podcasts",Female,45-54,96,1,TRUE,TRUE,"[""True Crime"",""Memoirs"",""Humor"",""Thriller"",""Psychological Thrillers"",""Young Adult"",""Coming of Age"",""Shocking Twists"",""Classics"",""Self Help"",""Psychology"",""Children's Books""]","[""Documentary"",""Crime"",""Dark Crime"",""True Crime"",""Thriller"",""Psychological Thrillers"",""Comedy"",""Dark Comedy"",""Drama"",""Period Dramas""]","[""Crime"",""True Crime"",""Science & Technology"",""History"",""Comedy"",""Pop Culture"",""Science"",""Society & Culture""]",undefined,app_user
0453,8,25,"TV/Movies, Books",Female,35-44,null,null,null,null,null,null,null,null,newsletter
0454,5,25,Books,Female,65 or older,undefined,undefined,FALSE,FALSE,"[""Romance"",""Historical Fiction"",""Science Fiction"",""Whodunit"",""Thriller""]",undefined,undefined,undefined,app_user
0455,5,25,"TV/Movies, Podcasts",Male,55-64,17,0,FALSE,FALSE,undefined,"[""Comedy"",""Sports"",""Thriller"",""Science Fiction"",""War"",""Drama"",""Crime"",""Whodunit""]",undefined,2020-09-19T22:04:38,app_user
0456,8,25,Books,Female,35-44,52,0,FALSE,TRUE,"[""Young Adult"",""Teen Romance"",""Tearjerkers"",""Fantasy"",""Romance"",""Romantic Comedies"",""Historical Fiction"",""Thriller""]","[""Comedy"",""Romantic Comedy"",""Workplace Comedy"",""British Comedy"",""Romance"",""Drama"",""Family Dramas"",""Period Dramas"",""Superheroes"",""Family Friendly"",""Sitcoms"",""Action & Adventure""]",undefined,2021-12-24T07:59:56,app_user
0457,5,25,Books,Female,25-34,null,null,null,null,null,null,null,null,newsletter
0458,8,25,TV/Movies,Female,65 or older,37,0,FALSE,FALSE,"[""Whodunit"",""Memoirs""]","[""Comedy"",""Documentary"",""Docuseries"",""Thriller"",""Spoofs and Mockumentaries"",""Stoner Comedy"",""Spy Thrillers"",""Whodunit"",""Adventure""]",undefined,2020-06-23T12:51:22,app_user
0459,7,25,TV/Movies,Male,65 or older,undefined,0,FALSE,FALSE,undefined,"[""Drama""]",undefined,undefined,app_user
0460,1,25,TV/Movies,Male,55-64,34,0,FALSE,FALSE,undefined,undefined,undefined,2020-01-17T07:09:07,app_user
0461,8,25,TV/Movies,Female,35-44,2139,1,TRUE,FALSE,"[""Fantasy"",""Magic"",""Young Adult"",""Whodunit"",""True Crime"",""Horror"",""Classics"",""Historical Fiction"",""Coming of Age""]","[""Comedy"",""Crime"",""Family Friendly"",""Thriller"",""Fantasy"",""Documentary"",""Horror"",""Whodunit"",""Drama""]","[""True Crime"",""TV & Movies"",""History""]",2020-09-10T20:38:03,app_user
0462,10,25,"TV/Movies, Books",Female,55-64,1171,217,TRUE,TRUE,"[""Fantasy"",""Epic Fantasy"",""Comedy"",""Thriller"",""Psychological Thrillers"",""Mystery"",""Science Fiction"",""Dystopian Fiction"",""Historical Fiction"",""Classics"",""British Classics"",""Poetry"",""Whodunit"",""Cooking"",""Memoirs""]","[""Drama"",""Period Dramas"",""Tearjerkers"",""Crime"",""True Crime"",""Thriller"",""Psychological Thrillers"",""Mystery"",""Science Fiction"",""Dystopian"",""Documentary"",""Survival"",""Whodunit"",""Biopic"",""Comedy"",""Romance"",""Family Dramas"",""British Dramas"",""Romantic Comedy""]","[""Comedy"",""History"",""Fiction"",""Interviews""]",undefined,app_user
0463,6,25,TV/Movies,Male,45-54,null,null,null,null,null,null,null,null,newsletter
0464,7,25,TV/Movies,Non-binary,18-24,174,0,TRUE,TRUE,"[""Fantasy"",""Magic"",""Urban Fantasy"",""Young Adult"",""Science Fiction"",""LGBTQ+"",""Cooking"",""Cookbooks"",""Poetry"",""Dystopian Fiction""]","[""Comedy"",""Adult Cartoon"",""Dark Comedy"",""Drama"",""Fantasy"",""LGBTQ+"",""Music"",""Documentary"",""Action & Adventure"",""Docuseries"",""Anime"",""Science Fiction"",""Epic Fantasy"",""Magic"",""Mind Bending"",""Action"",""Adventure"",""Family Friendly"",""Disney""]","[""Comedy"",""Fiction""]",undefined,app_user
0465,7,25,"TV/Movies, Books",Female,25-34,261,0,FALSE,TRUE,"[""Thriller"",""Shocking Twists"",""Psychological Thrillers"",""Mystery"",""True Crime"",""Self Help"",""Mental Health"",""Psychology"",""Whodunit""]","[""Drama"",""Crime"",""Dark Crime"",""True Crime"",""Teen"",""Thriller"",""Suspense"",""Shocking Twists"",""Psychological Thrillers"",""Mystery"",""Horror"",""Documentary"",""Whodunit""]","[""Crime"",""True Crime"",""Unsolved Crime""]",2021-04-01T16:21:13,app_user
0466,7,25,Books,Female,55-64,undefined,undefined,FALSE,FALSE,undefined,undefined,undefined,undefined,app_user
0467,8,25,TV/Movies,Female,35-44,79,1,TRUE,FALSE,"[""Fantasy"",""High Fantasy"",""Urban Fantasy"",""Epic Fantasy"",""Dark Fantasy"",""Science Fiction"",""Dystopian Fiction"",""Outer Space"",""Time Travel"",""Thriller"",""Shocking Twists"",""Psychological Thrillers"",""Mystery"",""Horror"",""Classics"",""British Classics"",""Paranormal"",""True Crime"",""Whodunit""]","[""Drama"",""British Dramas"",""Fantasy"",""Crime"",""True Crime"",""Dark Crime"",""Vigilante"",""Magic"",""Mind Bending"",""Superheroes"",""Comic Book Adaptations"",""Marvel"",""Thriller"",""Suspense"",""Epic Fantasy"",""Shocking Twists"",""Psychological Thrillers"",""Spy Thrillers"",""Horror"",""Mystery"",""Supernatural"",""Science Fiction"",""Time Travel"",""Outer Space"",""Zombie"",""Alien"",""Dystopian"",""Action & Adventure"",""Adventure"",""Reality"",""Competition"",""Food"",""Survival"",""Post Apocalyptic"",""LGBTQ+"",""Whodunit""]","[""Crime""]",undefined,app_user
0468,5,25,Books,Female,35-44,234,0,TRUE,TRUE,"[""Romance"",""Self Help"",""Romantic Comedies"",""Thriller"",""Young Adult"",""Psychology"",""Motivation"",""Business"",""Fantasy""]","[""Comedy"",""Romantic Comedy"",""Workplace Comedy"",""Crime"",""True Crime"",""Drama""]","[""Business"",""Entrepreneurs""]",2022-05-16T19:23:15,app_user
0469,10,25,"TV/Movies, Books",Female,18-24,343,0,TRUE,TRUE,"[""Romance"",""Young Adult"",""Historical Fiction"",""Romantic Comedies"",""Fantasy"",""Dark Fantasy"",""World War 2"",""Tearjerkers""]","[""Comedy"",""Romantic Comedy"",""Romance"",""Drama"",""Period Dramas"",""Tearjerkers"",""Teen"",""Fantasy"",""Action & Adventure"",""Action"",""Adventure""]",undefined,2022-07-27T20:51:36,app_user
0470,null,25,TV/Movies,,Under 18,undefined,undefined,FALSE,FALSE,undefined,undefined,undefined,undefined,app_user
0471,6,25,TV/Movies,Male,35-44,undefined,0,FALSE,FALSE,"[""Memoirs"",""Comedy"",""Comedian""]","[""Comedy"",""Workplace Comedy"",""Stoner Comedy"",""Spoofs and Mockumentaries"",""Crime"",""Vigilante"",""Superheroes"",""Comic Book Adaptations"",""Marvel"",""Thriller"",""Shocking Twists"",""Psychological Thrillers"",""Mystery"",""Spy Thrillers"",""Science Fiction"",""Family Friendly"",""Sitcoms"",""Outer Space"",""Time Travel"",""Dystopian"",""Alien"",""Music"",""Documentary"",""Docuseries"",""Western"",""Outlaw Western"",""Political"",""Biopic""]","[""Comedy"",""Comedian"",""News""]",undefined,app_user
0472,3,25,"TV/Movies, Books",Female,18-24,undefined,0,FALSE,FALSE,"[""Romance"",""Science Fiction"",""Young Adult"",""Romantic Comedies"",""Fantasy"",""Sports"",""Dystopian Fiction"",""Comedy""]","[""Fantasy"",""Romance"",""Mind Bending"",""Romantic Comedy"",""Comedy"",""Science Fiction"",""Action & Adventure"",""Adventure"",""Action"",""Sports"",""Football""]",undefined,undefined,app_user
0473,6,25,"TV/Movies, Books",Female,18-24,540,213,TRUE,TRUE,"[""Young Adult"",""Teen Romance"",""Coming of Age"",""Tearjerkers"",""Historical Fiction"",""Romance"",""Romantic Comedies"",""Fantasy"",""Dystopian Fiction"",""Time Travel""]","[""Comedy"",""Romantic Comedy"",""Romance"",""Teen Romance"",""Teen"",""High School"",""Fantasy"",""Music"",""Reality""]","[""Comedy"",""Music"",""Celebrities"",""Pop Culture""]",2023-07-08T10:44:46,app_user
0474,5,25,Books,Female,25-34,undefined,undefined,FALSE,FALSE,"[""Fantasy"",""Young Adult"",""Romance"",""Comedy"",""Historical Fiction"",""Science Fiction"",""Thriller"",""Tearjerkers"",""True Crime"",""Horror"",""Classics"",""Self Help"",""Poetry"",""LGBTQ+"",""Whodunit"",""Cooking"",""Memoirs"",""Business"",""Children's Books"",""Sports""]",undefined,undefined,undefined,app_user
0475,5,25,TV/Movies,Male,45-54,94,0,FALSE,FALSE,undefined,undefined,undefined,2020-01-14T17:59:15,app_user
0476,6,25,"TV/Movies, Books",Female,25-34,6,0,FALSE,FALSE,"[""Poetry"",""Memoirs"",""Classics""]","[""Comedy"",""Workplace Comedy"",""British Comedy"",""Dark Comedy"",""Romantic Comedy"",""Spoofs and Mockumentaries"",""Thriller"",""Psychological Thrillers"",""Suspense"",""Shocking Twists"",""Mystery"",""Spy Thrillers"",""Science Fiction"",""Time Travel"",""Outer Space"",""Alien"",""Robots"",""Music"",""Romance"",""Drama"",""Period Dramas""]","[""Comedy"",""TV & Movies"",""Pop Culture"",""Society & Culture"",""Interviews"",""History"",""Celebrities""]",2021-11-23T13:31:49,app_user
0477,null,25,TV/Movies,,18-24,569,63,FALSE,TRUE,"[""Romance"",""Teen Romance"",""Fantasy"",""Magic"",""Epic Fantasy"",""Young Adult"",""Coming of Age"",""Comedy"",""Humor"",""Romantic Comedies"",""High Fantasy""]","[""Romance"",""Teen"",""Teen Romance"",""High School"",""Fantasy"",""Superheroes"",""Marvel"",""Family Friendly"",""Action & Adventure"",""Survival"",""Dystopian"",""Action"",""Disney"",""Magic"",""Drama"",""Tearjerkers"",""Documentary"",""Adventure""]","[""Comedy"",""Relationship"",""Pop Culture"",""Celebrities"",""TV & Movies""]",2023-03-21T20:28:12,app_user
0478,6,25,"TV/Movies, Books, Podcasts",Female,25-34,13,0,FALSE,FALSE,"[""Thriller"",""Psychological Thrillers"",""Mystery"",""Historical Fiction"",""World War 2"",""Classics"",""British Classics"",""Whodunit"",""Memoirs"",""Romance""]","[""Comedy"",""Romantic Comedy"",""British Comedy"",""Dark Comedy"",""Spoofs and Mockumentaries"",""Romance"",""Drama"",""Thriller"",""Suspense"",""Shocking Twists"",""Psychological Thrillers"",""Family Dramas"",""British Dramas"",""Period Dramas"",""Superheroes"",""Marvel"",""Comic Book Adaptations"",""Mystery"",""Spy Thrillers"",""Family Friendly"",""Sitcoms"",""Disney"",""Reality"",""Competition"",""Food"",""Home Improvement"",""Political"",""Biopic""]","[""TV & Movies"",""Relationship"",""Love"",""Dating"",""Pop Culture"",""Society & Culture"",""Celebrities"",""Fiction"",""Health & Fitness"",""Interviews"",""News"",""Politics"",""Science & Technology"",""Science"",""History""]",2023-06-11T09:52:40,app_user
0479,null,25,TV/Movies,,45-54,177,0,FALSE,FALSE,undefined,undefined,undefined,2020-04-27T19:09:06,app_user
0480,2,25,TV/Movies,Female,65 or older,undefined,undefined,FALSE,FALSE,undefined,"[""Drama"",""Thriller"",""Documentary"",""Courtroom Dramas"",""True Crime"",""Shocking Twists"",""Psychological Thrillers"",""Mystery"",""Spy Thrillers"",""Romantic Comedy"",""Comedy"",""Crime""]",undefined,undefined,app_user
0481,8,25,TV/Movies,Female,65 or older,undefined,undefined,FALSE,FALSE,undefined,undefined,undefined,undefined,app_user
0482,8,25,"TV/Movies, Books",Prefer not to say,25-34,28,0,FALSE,FALSE,"[""Thriller"",""True Crime"",""Romance"",""Mystery"",""Historical Fiction"",""World War 2"",""Shocking Twists"",""Fantasy"",""Romantic Comedies"",""Young Adult"",""Psychological Thrillers"",""Classics""]","[""Romance"",""Comedy"",""Romantic Comedy"",""Crime"",""Drama"",""True Crime"",""Fantasy"",""Family Dramas"",""Action & Adventure"",""Action"",""Adventure"",""Documentary""]",undefined,undefined,app_user
0483,10,25,TV/Movies,Female,55-64,undefined,undefined,FALSE,FALSE,undefined,undefined,undefined,undefined,app_user
0484,6,25,"TV/Movies, Books",Female,45-54,undefined,0,FALSE,FALSE,"[""Comedy"",""Romance"",""Business"",""Fantasy"",""Self Help"",""Sports"",""Leadership"",""Historical Fiction"",""Cooking"",""Classics"",""Science Fiction"",""Poetry"",""Whodunit"",""True Crime"",""Horror"",""Thriller"",""Memoirs"",""Tearjerkers"",""LGBTQ+"",""Coming of Age""]",undefined,undefined,undefined,app_user
0485,6,25,Books,Male,45-54,undefined,undefined,FALSE,FALSE,undefined,undefined,undefined,undefined,app_user
0486,6,25,"TV/Movies, Podcasts",Female,55-64,undefined,undefined,FALSE,FALSE,"[""True Crime"",""Self Help""]","[""LGBTQ+"",""Romance"",""Drama""]",undefined,undefined,app_user
0487,4,25,Books,Male,45-54,374,1,TRUE,TRUE,"[""Fantasy"",""Urban Fantasy"",""Dark Fantasy"",""Comedy"",""Humor"",""Thriller"",""Spy Thrillers"",""Mystery"",""Science Fiction"",""Outer Space"",""Historical Fiction"",""Horror"",""Paranormal"",""Poetry"",""Memoirs""]",undefined,undefined,undefined,app_user
0488,7,25,Books,Female,55-64,17,2,FALSE,FALSE,undefined,undefined,undefined,2020-04-14T15:41:14,app_user
0489,7,25,"Books, Podcasts",Female,25-34,284,7,FALSE,FALSE,undefined,undefined,undefined,2019-02-01T09:51:20,app_user
0490,8,25,"TV/Movies, Books",Female,25-34,71,0,FALSE,FALSE,"[""Historical Fiction"",""Classics"",""Thriller"",""Memoirs"",""Coming of Age"",""Tearjerkers""]",undefined,undefined,2020-04-19T11:41:27,app_user
0491,5,25,"TV/Movies, Books, Podcasts",Female,65 or older,undefined,undefined,FALSE,FALSE,undefined,undefined,undefined,undefined,app_user
0492,5,25,"TV/Movies, Books",Female,18-24,188,0,TRUE,TRUE,"[""Dark Fantasy"",""Romance"",""Young Adult"",""Fantasy""]","[""Romance"",""Fantasy"",""Magic"",""Drama""]",undefined,2021-11-28T10:37:26,app_user
0493,6,25,Books,Female,45-54,129,0,TRUE,TRUE,"[""Horror"",""True Crime""]",undefined,undefined,undefined,app_user
0494,1,25,TV/Movies,Male,65 or older,null,null,null,null,null,null,null,null,newsletter
0495,null,25,TV/Movies,,65 or older,undefined,undefined,FALSE,FALSE,undefined,undefined,undefined,undefined,app_user
0496,7,25,"TV/Movies, Books, Podcasts",Male,65 or older,null,null,null,null,null,null,null,null,newsletter
0497,5,25,"TV/Movies, Books, Podcasts",Female,35-44,undefined,undefined,FALSE,FALSE,undefined,"[""Comedy"",""Romance"",""Horror"",""Thriller"",""Superheroes"",""Teen"",""Crime"",""Drama"",""Fantasy"",""Family Friendly"",""Science Fiction"",""Music"",""Whodunit"",""Survival"",""Reality"",""Romantic Comedy"",""Workplace Comedy"",""Stoner Comedy"",""British Comedy"",""Dark Comedy"",""Adult Cartoon"",""Shocking Twists"",""Psychological Thrillers"",""Comic Book Adaptations"",""Teen Romance"",""High School"",""Family Dramas"",""Period Dramas"",""Tearjerkers"",""Dark Crime"",""True Crime"",""Spoofs and Mockumentaries"",""Epic Fantasy"",""Magic"",""Mind Bending"",""Marvel"",""Suspense"",""Mystery"",""British Dramas"",""Spy Thrillers"",""Supernatural"",""Slasher"",""Sitcoms"",""Disney"",""Dystopian"",""Time Travel"",""Zombie"",""Post Apocalyptic"",""Reality Dating""]",undefined,undefined,app_user
0498,8,25,Books,Female,55-64,20,1,TRUE,FALSE,"[""Thriller"",""Shocking Twists"",""Psychological Thrillers"",""Spy Thrillers"",""Mystery"",""Whodunit"",""True Crime"",""Classics"",""Historical Fiction""]",undefined,undefined,2022-04-16T21:24:25,app_user
0499,5,25,Books,Female,35-44,54,1,FALSE,FALSE,"[""Comedy"",""Romance"",""Young Adult"",""Self Help"",""Leadership"",""Memoirs"",""LGBTQ+"",""Coming of Age"",""Whodunit"",""Tearjerkers"",""True Crime"",""Historical Fiction"",""Poetry""]","[""Comedy"",""Romance"",""Crime"",""Tearjerkers"",""Music"",""Thriller"",""Family Friendly"",""Documentary"",""LGBTQ+"",""Reality"",""Biopic"",""Drama""]","[""Celebrities"",""Fiction"",""Comedy"",""Relationship"",""Pop Culture"",""Health & Fitness"",""Music"",""History"",""TV & Movies"",""News"",""True Crime""]",undefined,app_user
0500,7,25,Books,Female,35-44,106,0,FALSE,FALSE,"[""Fantasy"",""Science Fiction"",""Classics"",""Thriller"",""Mystery"",""Horror""]",undefined,undefined,2021-10-25T11:35:09,app_user
0501,10,25,"TV/Movies, Books",Female,25-34,51,0,FALSE,TRUE,"[""Romance"",""Teen Romance"",""Tearjerkers"",""Poetry"",""LGBTQ+""]","[""Romance"",""Comedy"",""Teen Romance"",""Drama"",""Tearjerkers"",""Horror"",""Music"",""LGBTQ+"",""Reality""]",undefined,2022-01-14T20:24:54,app_user
0502,null,25,TV/Movies,,18-24,21,0,FALSE,FALSE,"[""Romance"",""Teen Romance"",""Romantic Comedies"",""Young Adult"",""Coming of Age"",""Comedy"",""Horror"",""True Crime"",""Self Help"",""Mental Health"",""Thriller"",""Shocking Twists"",""Psychological Thrillers""]","[""Drama"",""Thriller"",""Suspense"",""Psychological Thrillers"",""Shocking Twists"",""Horror"",""Supernatural"",""Slasher"",""Action"",""Post Apocalyptic"",""War"",""Adventure""]",undefined,2024-04-24T20:17:11,app_user
0503,7,25,Books,Female,35-44,5,0,FALSE,FALSE,"[""Comedy"",""Thriller"",""Psychological Thrillers"",""Historical Fiction"",""True Crime"",""Cooking"",""Mystery""]",undefined,undefined,2021-07-18T19:45:26,app_user
0504,6,25,"TV/Movies, Books, Podcasts",Female,25-34,14,0,FALSE,FALSE,"[""Fantasy"",""Magic"",""High Fantasy"",""Urban Fantasy"",""Dark Fantasy"",""Epic Fantasy"",""Romance"",""Romantic Comedies"",""Teen Romance"",""Young Adult"",""Coming of Age"",""Comedy"",""Comedian"",""Humor"",""Thriller"",""Shocking Twists"",""Psychological Thrillers"",""Spy Thrillers"",""Mystery"",""Science Fiction"",""Historical Fiction"",""Outer Space"",""Time Travel"",""Dystopian Fiction"",""Classics"",""Horror"",""British Classics"",""Paranormal"",""Slasher"",""True Crime"",""Tearjerkers"",""Self Help"",""Motivation"",""Mental Health"",""Psychology"",""Poetry"",""LGBTQ+"",""Cooking"",""Cookbooks"",""Holiday Cookbooks"",""Business"",""Entrepreneurship"",""Leadership"",""Memoirs"",""Children's Books"",""Books for Kids"",""Sports""]","[""Comedy"",""Workplace Comedy"",""British Comedy"",""Dark Comedy"",""Spoofs and Mockumentaries"",""Adult Cartoon"",""Drama"",""Family Dramas"",""Courtroom Dramas"",""Period Dramas"",""Crime"",""Heists"",""True Crime"",""Vigilante"",""Dark Crime"",""British Dramas"",""Romance"",""Teen Romance"",""Romantic Comedy"",""Teen"",""Superheroes"",""Comic Book Adaptations"",""Marvel"",""Anime"",""Black Cinema"",""Action & Adventure"",""Documentary"",""Survival"",""Docuseries"",""Dystopian"",""Post Apocalyptic"",""Western"",""Biopic"",""Political"",""Reality"",""Food"",""Home Improvement"",""Reality Dating"",""Competition"",""Music"",""Adventure"",""Action"",""Science Fiction"",""Time Travel"",""Robots"",""Zombie"",""Alien"",""Outer Space"",""Family Friendly"",""Sitcoms"",""Disney"",""Thriller"",""Suspense"",""Shocking Twists"",""Psychological Thrillers"",""Mystery"",""Spy Thrillers"",""Horror"",""Supernatural"",""Slasher"",""Fantasy"",""Magic"",""Mind Bending"",""Epic Fantasy"",""High School"",""Tearjerkers"",""LGBTQ+"",""Sports"",""Boxing"",""Martial Arts""]","[""Comedy"",""Music"",""History"",""Celebrities"",""Pop Culture"",""Interviews"",""Parenting"",""News"",""Science & Technology"",""Sports"",""Science"",""Technology"",""Business"",""Entrepreneurs"",""Politics"",""Health & Fitness"",""Self Help"",""Beauty"",""Meditation"",""Mental Health"",""Fitness"",""Society & Culture"",""Relationship"",""Dating"",""Love"",""TV & Movies"",""Comedian"",""Crime"",""True Crime"",""Unsolved Crime"",""Fiction"",""Health"",""Family Friendly"",""Kids""]",undefined,app_user
0505,8,25,"TV/Movies, Books",Female,35-44,121,3,TRUE,TRUE,"[""Historical Fiction"",""Classics"",""British Classics"",""World War 2"",""Fantasy"",""Magic"",""Epic Fantasy""]","[""Comedy"",""Spoofs and Mockumentaries"",""British Comedy"",""Stoner Comedy"",""Romantic Comedy"",""Dark Comedy"",""Adult Cartoon"",""Drama"",""British Dramas"",""Family Dramas"",""Period Dramas"",""Superheroes"",""Marvel"",""Horror"",""Supernatural"",""Comic Book Adaptations"",""Fantasy"",""Epic Fantasy"",""Action & Adventure"",""Action"",""Adventure"",""Music"",""Documentary"",""Whodunit""]",undefined,undefined,app_user
0506,8,25,TV/Movies,Male,55-64,220,0,TRUE,TRUE,"[""Comedy"",""Humor"",""Thriller"",""Shocking Twists"",""Mystery"",""Science Fiction"",""Dystopian Fiction"",""Outer Space"",""Horror"",""Paranormal"",""Self Help"",""Mental Health"",""Psychology"",""Business"",""Entrepreneurship""]","[""Comedy"",""Thriller"",""Suspense"",""Shocking Twists"",""Psychological Thrillers"",""Mystery"",""Supernatural"",""Family Friendly"",""Science Fiction"",""Alien"",""Dystopian"",""Action & Adventure"",""Documentary"",""Tearjerkers""]",undefined,undefined,app_user
0507,null,25,Books,,65 or older,146,0,TRUE,TRUE,"[""Thriller"",""Psychological Thrillers"",""Mystery"",""True Crime"",""Shocking Twists""]","[""Drama"",""Family Dramas"",""Courtroom Dramas"",""Crime"",""Dark Crime"",""True Crime"",""Thriller"",""Suspense"",""Psychological Thrillers"",""Mystery""]","[""Crime"",""Unsolved Crime"",""Celebrities"",""History"",""Fiction"",""Interviews"",""True Crime""]",undefined,app_user
0508,4,25,"TV/Movies, Books, Podcasts",Female,55-64,undefined,undefined,FALSE,FALSE,undefined,undefined,undefined,undefined,app_user
0509,7,25,"TV/Movies, Books",Female,45-54,1041,66,TRUE,TRUE,"[""Fantasy"",""Magic"",""High Fantasy"",""Urban Fantasy"",""Dark Fantasy"",""Epic Fantasy"",""Young Adult"",""Teen Romance"",""Coming of Age"",""Comedy"",""Comedian"",""Humor"",""Thriller"",""Shocking Twists"",""Psychological Thrillers"",""Spy Thrillers"",""Mystery"",""Science Fiction"",""Dystopian Fiction"",""Time Travel"",""Horror"",""Paranormal"",""True Crime"",""Self Help"",""Mental Health"",""Motivation"",""Poetry"",""Cooking"",""Cookbooks"",""Business"",""Entrepreneurship"",""Memoirs"",""Children's Books"",""Books for Kids""]","[""Comedy"",""Romantic Comedy"",""Stoner Comedy"",""Spoofs and Mockumentaries"",""Adult Cartoon"",""Fantasy"",""Drama"",""Tearjerkers"",""Magic"",""Epic Fantasy"",""Superheroes"",""Mind Bending"",""Comic Book Adaptations"",""Marvel"",""Horror"",""Supernatural"",""Family Friendly"",""Sitcoms"",""Disney"",""Science Fiction"",""Time Travel"",""Dystopian"",""Music"",""Documentary"",""Biopic""]","[""Comedy"",""TV & Movies"",""Celebrities"",""Pop Culture"",""Family Friendly"",""Fiction""]",undefined,app_user
0510,8,25,"TV/Movies, Books, Podcasts",Female,55-64,370,0,FALSE,FALSE,undefined,undefined,undefined,2020-06-21T06:43:53,app_user
0511,8,25,Books,Male,45-54,undefined,undefined,FALSE,FALSE,undefined,undefined,undefined,undefined,app_user
0512,7,25,TV/Movies,Female,18-24,undefined,undefined,FALSE,FALSE,undefined,undefined,undefined,undefined,app_user
0513,8,25,"TV/Movies, Books",Female,25-34,null,null,null,null,null,null,null,null,newsletter
0514,null,25,Books,,35-44,2,0,FALSE,FALSE,"[""Fantasy"",""High Fantasy"",""Magic"",""Urban Fantasy"",""Dark Fantasy"",""Epic Fantasy"",""Romance"",""Young Adult"",""Science Fiction"",""Historical Fiction"",""Time Travel"",""Self Help"",""Mental Health"",""Psychology"",""Motivation"",""Whodunit"",""Dystopian Fiction"",""Comedy"",""Humor"",""Classics"",""British Classics""]",undefined,undefined,2021-10-01T22:22:28,app_user
0515,null,25,TV/Movies,,65 or older,undefined,undefined,FALSE,FALSE,undefined,"[""Comedy"",""Romance"",""Drama"",""Crime"",""Thriller"",""Music"",""Romantic Comedy"",""Workplace Comedy"",""British Dramas"",""Family Dramas"",""Courtroom Dramas"",""Suspense"",""Mystery"",""Spy Thrillers""]",undefined,undefined,app_user
0516,8,25,Books,Female,65 or older,null,null,null,null,null,null,null,null,newsletter
0517,8,25,TV/Movies,Female,65 or older,124,0,FALSE,FALSE,undefined,"[""Comedy"",""Romantic Comedy"",""Dark Comedy"",""Romance"",""Drama"",""Teen Romance"",""Family Dramas"",""Crime"",""Tearjerkers"",""Fantasy"",""Thriller"",""Family Friendly"",""Mystery"",""Shocking Twists"",""Suspense"",""Disney"",""Mind Bending"",""True Crime"",""Western"",""Sitcoms"",""Action & Adventure""]",undefined,undefined,app_user
0518,10,25,TV/Movies,Female,45-54,95,0,TRUE,TRUE,"[""Romance"",""Thriller""]","[""Romance"",""Crime"",""Drama"",""British Dramas"",""Period Dramas"",""Romantic Comedy"",""Comedy""]",undefined,2021-04-09T21:02:49,app_user
0519,3,25,Books,Male,65 or older,null,null,null,null,null,null,null,null,newsletter
0520,null,25,TV/Movies,,55-64,undefined,0,FALSE,FALSE,"[""Fantasy"",""Romance"",""Young Adult"",""Romantic Comedies"",""Historical Fiction"",""Classics"",""Memoirs"",""Cooking"",""Children's Books""]","[""Comedy"",""Romantic Comedy"",""Romance"",""Drama"",""Action & Adventure"",""Family Friendly"",""Documentary"",""Reality"",""Home Improvement""]","[""TV & Movies"",""Comedy"",""Pop Culture"",""Celebrities"",""History""]",undefined,app_user
0521,8,25,"TV/Movies, Books",Female,45-54,79,0,TRUE,TRUE,"[""Romance"",""Young Adult"",""Comedy"",""Historical Fiction"",""Classics"",""Memoirs"",""Science Fiction"",""Comedian"",""Tearjerkers""]","[""Comedy"",""Romantic Comedy"",""Dark Comedy"",""British Comedy"",""Adult Cartoon"",""Documentary"",""Superheroes"",""Romance"",""Drama"",""British Dramas"",""Marvel"",""Science Fiction""]","[""Comedy"",""TV & Movies"",""Pop Culture"",""History"",""Sports""]",2021-04-15T15:41:23,app_user
0522,3,25,"TV/Movies, Books",Female,25-34,4,0,FALSE,FALSE,undefined,undefined,undefined,undefined,app_user
0523,null,25,"TV/Movies, Books",,25-34,50,0,TRUE,FALSE,"[""Romance"",""Historical Fiction"",""Classics"",""Whodunit"",""Thriller"",""Coming of Age"",""Memoirs"",""True Crime"",""Tearjerkers""]","[""Comedy"",""Romance"",""Crime"",""Family Friendly"",""Thriller"",""Tearjerkers"",""Science Fiction"",""Documentary"",""Biopic"",""Whodunit"",""Drama"",""Fantasy"",""Horror""]",undefined,2020-03-26T09:33:49,app_user
0524,10,25,Books,Female,35-44,335,3,TRUE,FALSE,"[""Young Adult"",""Fantasy"",""Urban Fantasy"",""High Fantasy"",""Dark Fantasy"",""Science Fiction"",""Dystopian Fiction"",""Outer Space"",""Historical Fiction"",""World War 2"",""Memoirs"",""Children's Books"",""Books for Kids"",""Thriller"",""Shocking Twists"",""Psychological Thrillers"",""Time Travel"",""Classics"",""British Classics""]","[""Fantasy"",""Epic Fantasy"",""Magic"",""Superheroes"",""Comic Book Adaptations"",""Marvel"",""Science Fiction"",""Dystopian"",""Zombie"",""Alien"",""Action & Adventure"",""Action"",""Teen"",""Mind Bending"",""Time Travel"",""Robots"",""Outer Space"",""Anime"",""Reality"",""Competition"",""Food"",""Adventure"",""Music"",""Documentary"",""Family Friendly"",""Disney"",""Survival"",""Post Apocalyptic""]",undefined,undefined,app_user
0525,7,25,Books,Female,65 or older,undefined,undefined,FALSE,FALSE,undefined,undefined,undefined,undefined,app_user
0526,8,25,TV/Movies,Female,35-44,2162,6,FALSE,FALSE,undefined,undefined,"[""Comedy"",""TV & Movies"",""Health & Fitness"",""Mental Health"",""Self Help""]",2020-05-16T05:45:43,app_user
0527,10,25,Books,Female,65 or older,15,0,FALSE,FALSE,"[""Whodunit"",""True Crime"",""Thriller"",""Shocking Twists"",""Psychological Thrillers"",""Mystery""]","[""Comedy"",""Romantic Comedy"",""Documentary"",""Sports"",""Baseball"",""Thriller"",""Mystery""]",undefined,2023-10-03T09:31:15,app_user
0528,8,25,TV/Movies,Male,55-64,10,0,FALSE,FALSE,"[""Self Help"",""Motivation""]","[""Comedy"",""Workplace Comedy"",""Dark Comedy"",""Family Friendly"",""Sitcoms"",""Spoofs and Mockumentaries"",""Romantic Comedy""]",undefined,2023-02-15T14:47:26,app_user
0529,8,25,Books,Female,25-34,140,7,TRUE,FALSE,"[""Fantasy"",""Magic"",""Dark Fantasy"",""Epic Fantasy"",""Young Adult"",""Comedy"",""Science Fiction"",""Time Travel"",""Outer Space"",""Historical Fiction"",""Classics"",""Horror"",""Slasher"",""Paranormal"",""True Crime"",""Thriller"",""Shocking Twists"",""Spy Thrillers"",""Psychological Thrillers"",""Mystery"",""Dystopian Fiction"",""Whodunit"",""Cooking"",""Cookbooks""]","[""Comedy"",""Dark Comedy"",""Adult Cartoon"",""Drama"",""Crime"",""Fantasy"",""Magic"",""Period Dramas"",""Mind Bending"",""Superheroes"",""Thriller"",""Suspense"",""Shocking Twists"",""Psychological Thrillers"",""Mystery"",""Horror"",""Spy Thrillers"",""Supernatural"",""Slasher"",""Science Fiction"",""Zombie"",""Dystopian"",""Anime"",""Alien"",""Robots"",""Outer Space"",""Time Travel"",""Action & Adventure""]",undefined,2023-03-07T18:05:27,app_user
0530,4,25,"TV/Movies, Books",Female,65 or older,10,0,FALSE,TRUE,"[""Science Fiction"",""Thriller"",""Psychological Thrillers"",""Mystery"",""Historical Fiction"",""Classics"",""British Classics"",""Memoirs""]","[""Comedy"",""British Comedy"",""Dark Comedy"",""Romantic Comedy"",""Drama"",""British Dramas"",""Period Dramas"",""Documentary"",""Political"",""Biopic"",""Family Dramas"",""Thriller"",""Psychological Thrillers"",""Mystery"",""Spy Thrillers"",""Science Fiction"",""Dystopian"",""Action & Adventure"",""Music""]",undefined,2021-12-01T10:57:37,app_user
0531,7,25,"TV/Movies, Books",Female,65 or older,102,2,TRUE,TRUE,undefined,"[""Drama"",""Family Dramas"",""British Dramas"",""Courtroom Dramas"",""Crime"",""Reality""]",undefined,undefined,app_user
0532,7,25,"TV/Movies, Books, Podcasts",Female,65 or older,undefined,undefined,FALSE,FALSE,undefined,undefined,undefined,undefined,app_user
0533,7,25,"TV/Movies, Books",Female,45-54,120,0,FALSE,FALSE,"[""Young Adult"",""Teen Romance"",""Fantasy"",""Thriller"",""Mystery"",""Historical Fiction""]","[""Comedy"",""Romantic Comedy"",""Workplace Comedy"",""British Comedy"",""Dark Comedy"",""Romance"",""Teen Romance"",""Drama"",""British Dramas"",""Period Dramas"",""Family Dramas"",""Teen"",""High School"",""Fantasy"",""Magic"",""Epic Fantasy"",""Mind Bending"",""Thriller"",""Shocking Twists"",""Suspense"",""Psychological Thrillers"",""Mystery"",""Family Friendly"",""Disney"",""Sitcoms"",""Action & Adventure"",""Action"",""Adventure"",""Music"",""Documentary"",""Whodunit""]",undefined,2024-04-17T07:09:47,app_user
0534,5,25,"TV/Movies, Books",Female,35-44,21,0,FALSE,FALSE,"[""Fantasy"",""Magic"",""High Fantasy"",""Urban Fantasy"",""Dark Fantasy"",""Epic Fantasy"",""Romance"",""Romantic Comedies"",""Teen Romance"",""Young Adult"",""Coming of Age"",""Comedy"",""Humor"",""Comedian"",""Thriller"",""Shocking Twists"",""Psychological Thrillers"",""Spy Thrillers"",""Mystery"",""Science Fiction"",""Time Travel"",""Historical Fiction"",""Outer Space"",""World War 2"",""Classics"",""British Classics"",""Horror"",""Slasher"",""Paranormal"",""True Crime"",""Poetry"",""LGBTQ+"",""Whodunit"",""Memoirs"",""Children's Books"",""Books for Kids""]","[""Comedy"",""British Comedy"",""Spoofs and Mockumentaries"",""Dark Comedy"",""Adult Cartoon"",""Drama"",""British Dramas"",""Period Dramas"",""Crime"",""Dark Crime"",""True Crime"",""Heists"",""Vigilante"",""Fantasy"",""Mind Bending"",""Magic"",""Superheroes"",""Marvel"",""Comic Book Adaptations"",""Thriller"",""Psychological Thrillers"",""Suspense"",""Shocking Twists"",""Mystery"",""Horror"",""Supernatural"",""Slasher"",""Family Friendly"",""Sitcoms"",""Disney"",""Spy Thrillers"",""Science Fiction"",""Time Travel"",""Alien"",""Black Cinema"",""Action & Adventure"",""Adventure"",""Music"",""Documentary"",""Docuseries"",""LGBTQ+"",""Political"",""Biopic"",""Whodunit""]","[""Comedy"",""Comedian"",""Crime"",""True Crime"",""TV & Movies"",""Pop Culture"",""Society & Culture"",""Celebrities"",""History"",""Fiction"",""Interviews"",""News"",""Politics"",""Science & Technology"",""Family Friendly"",""Science"",""Technology""]",2020-12-16T09:31:01,app_user
0535,10,25,Books,Female,55-64,1657,11,TRUE,TRUE,"[""Thriller"",""Shocking Twists"",""Historical Fiction"",""World War 2"",""Horror"",""Paranormal"",""Psychological Thrillers"",""Spy Thrillers"",""Memoirs""]","[""Comedy"",""British Comedy"",""Action & Adventure"",""Action"",""Reality"",""Competition"",""Survival"",""War"",""Political"",""Romantic Comedy"",""Workplace Comedy"",""Drama"",""British Dramas"",""Period Dramas"",""Superheroes"",""Marvel"",""Thriller"",""Psychological Thrillers"",""Suspense"",""Mystery"",""Music""]",undefined,2022-02-15T17:51:43,app_user
0536,10,25,"TV/Movies, Books",Female,35-44,7,0,FALSE,TRUE,"[""Fantasy"",""Romance"",""Science Fiction"",""Classics""]",undefined,undefined,2022-01-25T09:49:47,app_user
0537,8,25,TV/Movies,Female,65 or older,20,0,FALSE,FALSE,undefined,"[""Comedy"",""Romantic Comedy"",""Workplace Comedy"",""Dark Comedy"",""Romance"",""Drama"",""Action & Adventure""]",undefined,2023-02-26T16:06:21,app_user
0538,5,25,TV/Movies,Male,65 or older,undefined,undefined,FALSE,FALSE,undefined,undefined,undefined,undefined,app_user
0539,10,25,"TV/Movies, Books",Female,45-54,1250,17,FALSE,FALSE,"[""Historical Fiction"",""Whodunit"",""True Crime"",""Thriller"",""Coming of Age""]",undefined,"[""Crime"",""True Crime"",""Unsolved Crime"",""History"",""Business""]",2020-04-18T19:42:11,app_user
0540,10,25,Books,Female,25-34,2036,8,FALSE,FALSE,"[""Fantasy"",""Young Adult"",""Thriller"",""Mystery"",""Science Fiction"",""Poetry"",""LGBTQ+"",""Historical Fiction"",""Comedy"",""Magic"",""Time Travel""]","[""Comedy"",""LGBTQ+"",""Romance"",""Fantasy"",""Teen"",""Superheroes"",""Thriller"",""Horror"",""Science Fiction"",""Action & Adventure""]","[""TV & Movies"",""Music"",""Celebrities"",""Interviews"",""Comedy""]",2020-07-23T14:21:43,app_user
0541,7,25,"TV/Movies, Books",Female,45-54,104,1,FALSE,FALSE,undefined,undefined,undefined,undefined,app_user
0542,10,25,TV/Movies,Non-binary,18-24,260,0,TRUE,FALSE,undefined,"[""War"",""Documentary"",""Anime"",""Horror"",""Fantasy""]","[""Fiction""]",undefined,app_user
0543,7,25,Books,Female,18-24,103,0,FALSE,FALSE,"[""Fantasy"",""Urban Fantasy"",""Dark Fantasy"",""Young Adult"",""Teen Romance"",""Magic"",""Science Fiction"",""Dystopian Fiction"",""Historical Fiction""]","[""Fantasy"",""Crime"",""Dark Crime"",""Vigilante"",""Superheroes"",""Marvel"",""Comic Book Adaptations"",""Epic Fantasy"",""Magic"",""Science Fiction"",""Dystopian"",""Outer Space"",""Action & Adventure"",""Action""]",undefined,2021-06-19T20:31:00,app_user
0544,6,25,"TV/Movies, Books",Female,18-24,24,0,TRUE,TRUE,"[""Fantasy"",""Magic"",""High Fantasy"",""Epic Fantasy"",""Dark Fantasy"",""Romance"",""Teen Romance"",""Young Adult"",""Coming of Age"",""Science Fiction"",""Dystopian Fiction"",""Time Travel"",""Historical Fiction"",""World War 2"",""Horror"",""Paranormal"",""LGBTQ+"",""Urban Fantasy"",""Romantic Comedies""]","[""Comedy"",""Dark Comedy"",""Romantic Comedy"",""Stoner Comedy"",""Romance"",""Teen Romance"",""Drama"",""Period Dramas"",""Family Dramas"",""Teen"",""High School"",""Fantasy"",""Epic Fantasy"",""Magic"",""Mind Bending"",""Superheroes"",""Marvel"",""Horror"",""Supernatural"",""Science Fiction"",""Time Travel"",""Zombie"",""Dystopian"",""Outer Space"",""Action & Adventure"",""Action"",""Adventure"",""Survival"",""Post Apocalyptic"",""LGBTQ+""]",undefined,2021-09-18T09:17:41,app_user
0545,6,25,Books,Female,18-24,undefined,2,TRUE,TRUE,"[""Fantasy"",""Dark Fantasy"",""Magic"",""Young Adult"",""Horror"",""Paranormal"",""True Crime"",""LGBTQ+"",""Whodunit"",""Thriller"",""Psychological Thrillers"",""Mystery"",""Shocking Twists""]","[""Fantasy"",""Magic"",""Horror"",""Supernatural"",""Thriller"",""Mystery"",""Shocking Twists"",""Suspense"",""Psychological Thrillers"",""Crime"",""True Crime"",""Dark Crime"",""Anime"",""LGBTQ+"",""Whodunit"",""Action & Adventure"",""Adventure""]","[""Fiction"",""Pop Culture"",""Comedy"",""Crime"",""True Crime"",""Unsolved Crime"",""Science & Technology"",""Technology""]",undefined,app_user
0546,5,25,"TV/Movies, Books",Female,25-34,8,0,TRUE,FALSE,"[""Fantasy"",""Romance"",""Comedy"",""Thriller"",""Shocking Twists"",""Psychological Thrillers"",""Mystery"",""Science Fiction"",""Time Travel"",""Outer Space"",""Classics"",""Horror"",""Self Help"",""Psychology"",""Mental Health"",""Motivation"",""Whodunit""]","[""Comedy"",""Horror"",""Science Fiction"",""Time Travel"",""Alien"",""Action & Adventure"",""Whodunit"",""Thriller"",""Suspense"",""Shocking Twists"",""Psychological Thrillers"",""Mystery"",""Romantic Comedy"",""Dark Comedy"",""Drama"",""Romance"",""Crime"",""Fantasy"",""Mind Bending"",""Supernatural"",""Slasher"",""Outer Space"",""Anime"",""Documentary""]",undefined,2021-12-15T16:09:05,app_user
0547,8,25,"TV/Movies, Books",Male,45-54,557,9,TRUE,TRUE,"[""Fantasy"",""Magic"",""High Fantasy"",""Urban Fantasy"",""Dark Fantasy"",""Epic Fantasy"",""Science Fiction"",""Time Travel"",""Outer Space"",""Dystopian Fiction"",""Classics""]","[""Fantasy"",""Epic Fantasy"",""Magic"",""Superheroes"",""Marvel"",""Thriller"",""Shocking Twists"",""Suspense"",""Psychological Thrillers"",""Horror"",""Supernatural"",""Slasher"",""Science Fiction"",""Outer Space"",""Time Travel"",""Robots"",""Zombie"",""Alien"",""Action & Adventure"",""Action"",""Adventure"",""Western"",""Outlaw Western""]",undefined,undefined,app_user
0548,8,25,Books,Female,35-44,30,0,FALSE,FALSE,"[""Fantasy"",""Young Adult""]",undefined,undefined,2020-12-28T16:59:55,app_user
0549,5,25,"TV/Movies, Books",Female,18-24,522,8,FALSE,FALSE,undefined,undefined,undefined,undefined,app_user
0550,10,25,TV/Movies,Female,45-54,4,0,FALSE,FALSE,undefined,"[""Thriller"",""Fantasy"",""Comedy"",""Crime"",""Drama"",""Horror"",""Reality"",""Documentary"",""Whodunit"",""British Comedy"",""Dark Comedy"",""True Crime"",""Dark Crime"",""Epic Fantasy"",""Suspense"",""Shocking Twists"",""Psychological Thrillers"",""Mystery"",""Slasher"",""Reality Dating"",""Competition"",""Home Improvement"",""Food"",""Docuseries""]",undefined,undefined,app_user
0551,5,25,TV/Movies,Male,55-64,undefined,undefined,FALSE,FALSE,undefined,undefined,undefined,undefined,app_user
0552,7,25,TV/Movies,Female,65 or older,11,0,FALSE,FALSE,"[""Historical Fiction"",""Romance"",""Comedy"",""Classics"",""Romantic Comedies"",""Thriller"",""Humor""]","[""Comedy"",""Romantic Comedy"",""British Comedy"",""Drama"",""British Dramas"",""Period Dramas"",""Tearjerkers""]",undefined,2023-01-02T07:43:11,app_user
0553,10,25,TV/Movies,Male,65 or older,undefined,undefined,FALSE,FALSE,undefined,"[""Drama"",""Crime"",""Thriller"",""Science Fiction"",""Action & Adventure"",""Reality"",""Documentary"",""War"",""Western"",""Biopic"",""Stoner Comedy"",""British Comedy"",""Workplace Comedy"",""Dark Comedy"",""Spoofs and Mockumentaries"",""Psychological Thrillers"",""Outer Space"",""Time Travel"",""Alien"",""Food"",""Comedy"",""Whodunit"",""Romantic Comedy"",""Courtroom Dramas"",""Dark Crime"",""Heists"",""Suspense"",""Shocking Twists"",""Mystery"",""Spy Thrillers"",""Action"",""Adventure"",""Competition"",""Home Improvement"",""Post Apocalyptic"",""Outlaw Western"",""British Dramas""]",undefined,undefined,app_user
0554,7,25,"TV/Movies, Books",Female,65 or older,undefined,undefined,FALSE,FALSE,undefined,undefined,undefined,undefined,app_user
0555,6,25,Books,Female,25-34,58,0,FALSE,TRUE,"[""Fantasy"",""Young Adult"",""Teen Romance"",""Coming of Age"",""Romance"",""Romantic Comedies"",""Magic"",""Epic Fantasy""]","[""Comedy"",""Romantic Comedy"",""Drama"",""Romance"",""Teen Romance"",""Teen"",""High School"",""Fantasy"",""Epic Fantasy"",""Magic"",""Superheroes"",""Marvel"",""Science Fiction"",""Dystopian"",""Music"",""Reality"",""Reality Dating"",""Competition"",""Action & Adventure"",""Sports""]","[""Comedy"",""TV & Movies"",""Pop Culture"",""Society & Culture"",""Celebrities"",""Comedian"",""Relationship"",""Love"",""Interviews""]",2022-03-19T18:51:59,app_user
0556,8,25,"TV/Movies, Books",Non-binary,18-24,15,0,TRUE,TRUE,"[""LGBTQ+"",""Thriller"",""Young Adult"",""Romance"",""Fantasy"",""Urban Fantasy"",""High Fantasy"",""Dark Fantasy"",""Romantic Comedies"",""Shocking Twists"",""Psychological Thrillers"",""Mystery"",""Horror"",""Paranormal"",""Slasher""]","[""Crime"",""Biopic"",""LGBTQ+"",""Documentary"",""Docuseries"",""Anime"",""Horror"",""Slasher"",""Thriller"",""Psychological Thrillers"",""Mystery"",""Vigilante"",""Comedy"",""Dark Comedy"",""Romantic Comedy"",""Romance"",""Drama"",""Period Dramas"",""Family Dramas"",""Food""]",undefined,undefined,app_user
0557,8,25,TV/Movies,Female,35-44,null,null,null,null,null,null,null,null,newsletter
0558,5,25,"Books, Podcasts",Female,35-44,15,0,FALSE,FALSE,"[""Historical Fiction"",""World War 2"",""Classics"",""True Crime"",""Cooking"",""Cookbooks"",""Memoirs"",""Young Adult"",""Comedy"",""Science Fiction""]","[""Comedy"",""Crime"",""Dark Crime"",""True Crime"",""Drama"",""Period Dramas"",""Family Friendly"",""Reality"",""Food"",""Documentary"",""Docuseries"",""War""]","[""Crime"",""True Crime"",""History"",""Fiction"",""Parenting"",""Family Friendly"",""Kids"",""Science & Technology"",""Comedy"",""Interviews""]",undefined,app_user
0559,6,25,"TV/Movies, Books",Female,55-64,170,5,TRUE,TRUE,"[""Thriller"",""Psychological Thrillers"",""Classics"",""Memoirs""]","[""Comedy"",""Dark Comedy"",""Crime"",""Thriller"",""Psychological Thrillers"",""Action & Adventure""]","[""Crime"",""True Crime"",""Music"",""Pop Culture"",""Health & Fitness"",""Science & Technology""]",2021-05-22T07:20:25,app_user
0560,7,25,TV/Movies,Female,25-34,96,1,FALSE,FALSE,"[""Fantasy"",""Romance"",""Romantic Comedies"",""Science Fiction"",""Comedy""]","[""Comedy"",""Romance"",""Music"",""Superheroes"",""Science Fiction"",""Documentary"",""Horror"",""Drama""]",undefined,2020-12-20T19:18:53,app_user
0561,6,25,"TV/Movies, Books, Podcasts",Female,18-24,37,0,FALSE,FALSE,"[""Fantasy"",""Magic"",""Romance"",""Romantic Comedies"",""Teen Romance"",""Young Adult"",""Comedy"",""High Fantasy"",""Dark Fantasy"",""Humor"",""Self Help"",""Psychology"",""Mental Health"",""Motivation""]","[""Comedy"",""Romantic Comedy"",""British Comedy"",""Romance"",""Teen Romance"",""Drama"",""Action & Adventure"",""Action"",""Adventure"",""Music"",""Reality"",""Reality Dating"",""Home Improvement"",""Food"",""Fantasy"",""Magic"",""Superheroes"",""Marvel"",""Family Friendly"",""Disney"",""Black Cinema"",""Teen"",""High School"",""Adult Cartoon""]","[""Comedy"",""TV & Movies"",""Relationship"",""Love"",""Dating"",""Music"",""Pop Culture"",""Society & Culture"",""Family Friendly""]",2022-05-22T16:54:08,app_user
0562,7,25,Books,Female,25-34,15,0,TRUE,FALSE,"[""Romance"",""Young Adult"",""Romantic Comedies"",""Comedy"",""Humor"",""Self Help"",""Mental Health"",""Poetry"",""Fantasy"",""Magic"",""Horror"",""Paranormal"",""Whodunit"",""Children's Books"",""Epic Fantasy"",""Dark Fantasy"",""Comedian"",""Classics"",""Cooking"",""Cookbooks""]","[""Comedy"",""Romantic Comedy"",""Stoner Comedy"",""Family Friendly"",""Disney"",""Fantasy"",""Magic"",""Music"",""Anime"",""Reality"",""Food"",""Home Improvement"",""Documentary"",""Docuseries"",""Reality Dating"",""Adult Cartoon"",""Drama"",""Family Dramas"",""Courtroom Dramas"",""Crime"",""Epic Fantasy"",""Survival"",""True Crime""]","[""Comedy"",""Relationship"",""Love"",""Music"",""Parenting"",""Family Friendly"",""Interviews""]",undefined,app_user
0563,4,25,Books,Female,45-54,18,0,TRUE,TRUE,"[""Fantasy"",""Magic"",""Romance"",""Romantic Comedies"",""Teen Romance"",""Young Adult"",""Horror"",""Paranormal"",""Whodunit""]","[""Comedy"",""Romantic Comedy"",""British Comedy"",""Dark Comedy"",""Romance"",""Drama"",""Teen"",""Fantasy"",""Epic Fantasy"",""Magic"",""Family Friendly"",""Disney"",""Science Fiction"",""Robots"",""Anime"",""Zombie"",""Alien"",""Action & Adventure"",""Whodunit""]",undefined,2022-01-10T18:26:18,app_user
0564,9,25,"TV/Movies, Books, Podcasts",Female,35-44,46,0,TRUE,TRUE,"[""Thriller"",""Comedy"",""Young Adult"",""Fantasy"",""Dark Fantasy"",""Urban Fantasy"",""Epic Fantasy"",""Coming of Age"",""Shocking Twists"",""Psychological Thrillers"",""Spy Thrillers"",""Mystery"",""Science Fiction"",""Time Travel"",""Historical Fiction"",""Horror"",""Slasher"",""True Crime"",""Self Help"",""Mental Health"",""Motivation"",""Whodunit"",""Memoirs"",""Psychology"",""Outer Space"",""Dystopian Fiction"",""Comedian"",""Humor"",""Teen Romance"",""Romance"",""High Fantasy"",""Romantic Comedies""]","[""Comedy"",""Romantic Comedy"",""Workplace Comedy"",""Stoner Comedy"",""British Comedy"",""Dark Comedy"",""Adult Cartoon"",""Romance"",""Drama"",""Family Dramas"",""British Dramas"",""Period Dramas"",""Courtroom Dramas"",""Crime"",""Dark Crime"",""True Crime"",""Heists"",""Vigilante"",""Teen"",""High School"",""Fantasy"",""Epic Fantasy"",""Mind Bending"",""Superheroes"",""Magic"",""Comic Book Adaptations"",""Marvel"",""Thriller"",""Suspense"",""Shocking Twists"",""Psychological Thrillers"",""Mystery"",""Spy Thrillers"",""Horror"",""Supernatural"",""Slasher"",""Science Fiction"",""Time Travel"",""Family Friendly"",""Disney"",""Sitcoms"",""Outer Space"",""Robots"",""Zombie"",""Dystopian"",""Alien"",""Anime"",""Black Cinema"",""Action & Adventure"",""Action"",""Adventure"",""Music"",""Reality"",""Reality Dating"",""Competition"",""Home Improvement"",""Food"",""Documentary"",""Docuseries"",""Survival"",""Post Apocalyptic"",""Sports"",""Football"",""Baseball"",""Basketball"",""Whodunit"",""Biopic""]",undefined,2022-09-05T17:28:20,app_user
0565,7,25,TV/Movies,Female,25-34,91,0,TRUE,FALSE,undefined,"[""Comedy"",""Romance"",""Thriller"",""Superheroes"",""Science Fiction"",""Horror""]",undefined,undefined,app_user
0566,10,25,TV/Movies,Female,55-64,12,1,FALSE,FALSE,undefined,undefined,undefined,undefined,app_user
0567,5,25,"TV/Movies, Books",Male,25-34,12,0,TRUE,FALSE,"[""Fantasy"",""Magic"",""High Fantasy"",""Urban Fantasy"",""Dark Fantasy"",""Epic Fantasy"",""Romance"",""Teen Romance"",""Comedy"",""Humor"",""Thriller"",""Shocking Twists"",""Psychological Thrillers"",""Spy Thrillers"",""Mystery"",""Science Fiction"",""Young Adult"",""Coming of Age"",""Dystopian Fiction"",""Horror"",""Paranormal"",""True Crime"",""Whodunit"",""Children's Books"",""Books for Kids""]","[""Comedy"",""Romantic Comedy"",""Workplace Comedy"",""Stoner Comedy"",""Dark Comedy"",""Spoofs and Mockumentaries"",""Romance"",""Teen Romance"",""Drama"",""Teen"",""High School"",""Fantasy"",""Epic Fantasy"",""Mind Bending"",""Magic"",""Superheroes"",""Comic Book Adaptations"",""Marvel"",""Thriller"",""Suspense"",""Shocking Twists"",""Psychological Thrillers"",""Mystery"",""Spy Thrillers"",""Horror"",""Slasher"",""Supernatural"",""Action & Adventure"",""Action"",""Adventure"",""Disney""]",undefined,2022-04-16T19:33:35,app_user
0568,6,25,Books,Female,45-54,1351,1,FALSE,TRUE,"[""Romance"",""Self Help"",""Romantic Comedies"",""Motivation""]","[""Comedy"",""Romantic Comedy"",""Romance"",""Family Friendly"",""Disney"",""Drama"",""Music"",""Action & Adventure""]",undefined,undefined,app_user
0569,null,25,"TV/Movies, Books, Podcasts",,45-54,116,0,TRUE,TRUE,"[""Thriller"",""Shocking Twists"",""Psychological Thrillers"",""Mystery"",""Cooking"",""Cookbooks"",""Holiday Cookbooks""]","[""Drama"",""Thriller"",""British Dramas"",""Period Dramas"",""Superheroes"",""Suspense"",""Comic Book Adaptations"",""Marvel"",""Shocking Twists"",""Psychological Thrillers"",""Science Fiction"",""Alien"",""Documentary"",""Docuseries"",""Mystery"",""Family Friendly"",""Disney""]","[""Crime"",""History"",""Unsolved Crime"",""True Crime""]",2023-01-15T21:00:06,app_user
0570,3,25,"TV/Movies, Books, Podcasts",Female,45-54,undefined,undefined,FALSE,FALSE,undefined,undefined,undefined,undefined,app_user
0571,10,25,"TV/Movies, Books",Female,65 or older,154,0,FALSE,FALSE,"[""Thriller"",""Spy Thrillers"",""Mystery"",""Historical Fiction"",""World War 2"",""True Crime"",""Psychological Thrillers""]","[""Comedy"",""Romantic Comedy"",""Workplace Comedy"",""Dark Comedy"",""Crime"",""Action & Adventure"",""Action"",""Documentary"",""Political"",""Family Friendly"",""Thriller"",""Suspense"",""Mystery"",""Spy Thrillers"",""Shocking Twists"",""Psychological Thrillers"",""Heists"",""Drama"",""Family Dramas"",""British Dramas"",""Period Dramas"",""Courtroom Dramas"",""True Crime"",""Tearjerkers"",""British Comedy"",""Sitcoms""]",undefined,2023-03-02T21:26:50,app_user
0572,9,25,"TV/Movies, Books, Podcasts",Female,55-64,454,4,TRUE,TRUE,"[""Thriller"",""Psychological Thrillers"",""Shocking Twists"",""Cooking"",""Self Help"",""Mystery"",""True Crime"",""Mental Health"",""Motivation"",""Whodunit""]","[""Comedy"",""Spoofs and Mockumentaries"",""Crime"",""Drama"",""Thriller"",""Psychological Thrillers"",""Shocking Twists"",""Action & Adventure"",""Action"",""Documentary"",""Docuseries"",""Whodunit"",""Family Dramas"",""Courtroom Dramas""]","[""Comedy"",""Crime"",""Health & Fitness"",""Mental Health"",""Self Help"",""Health"",""Fitness"",""True Crime""]",2021-04-15T07:24:59,app_user
0573,6,25,"TV/Movies, Books, Podcasts",Female,45-54,94,1,FALSE,FALSE,undefined,undefined,undefined,2020-01-26T02:49:47,app_user
0574,5,25,Books,Female,55-64,null,null,null,null,null,null,null,null,newsletter
0575,3,25,"TV/Movies, Podcasts",Female,65 or older,21,0,FALSE,FALSE,undefined,undefined,undefined,2020-07-14T16:21:16,app_user
0576,6,25,Books,Female,45-54,13,1,FALSE,FALSE,"[""Romance"",""Romantic Comedies"",""Teen Romance"",""Young Adult"",""Coming of Age"",""True Crime"",""LGBTQ+"",""Memoirs"",""Cooking"",""Cookbooks"",""Thriller"",""Shocking Twists"",""Psychological Thrillers"",""Mystery""]","[""Comedy"",""Romantic Comedy"",""Stoner Comedy"",""Dark Comedy"",""Romance"",""Teen Romance"",""Drama"",""Family Dramas"",""Courtroom Dramas"",""Tearjerkers"",""Crime"",""Dark Crime"",""True Crime"",""Heists"",""Vigilante"",""Fantasy"",""Magic"",""Mind Bending"",""Superheroes"",""Marvel"",""Comic Book Adaptations"",""Family Friendly"",""Disney"",""Reality"",""Reality Dating"",""Competition"",""Home Improvement"",""Food"",""LGBTQ+"",""Whodunit"",""Biopic""]",undefined,undefined,app_user
0577,10,25,"TV/Movies, Books, Podcasts",Female,45-54,140,1,FALSE,FALSE,"[""Romance"",""LGBTQ+"",""Self Help"",""Whodunit"",""Memoirs"",""Thriller"",""Young Adult"",""Teen Romance"",""Romantic Comedies"",""Psychological Thrillers"",""Mystery"",""True Crime"",""Tearjerkers"",""Mental Health"",""Cooking"",""Business"",""Psychology"",""Comedy""]","[""Comedy"",""Romance"",""Teen"",""Documentary"",""Biopic"",""Romantic Comedy"",""Political"",""Action & Adventure"",""Thriller""]","[""Relationship"",""Comedy"",""Love"",""Pop Culture"",""Dating"",""Science & Technology"",""Interviews"",""Society & Culture"",""Celebrities"",""News"",""Comedian"",""TV & Movies""]",2023-03-23T12:46:08,app_user
0578,null,25,"TV/Movies, Books",,55-64,90,0,TRUE,FALSE,"[""Romance"",""Romantic Comedies"",""Thriller"",""Comedy"",""Psychological Thrillers"",""Classics"",""True Crime"",""Whodunit"",""Self Help"",""Memoirs"",""Mystery""]","[""Comedy"",""Romantic Comedy"",""Dark Comedy"",""Romance"",""Drama"",""Period Dramas"",""Courtroom Dramas"",""Crime"",""True Crime"",""Thriller"",""Suspense"",""Shocking Twists"",""Psychological Thrillers"",""Mystery"",""Spy Thrillers"",""Action & Adventure"",""Action"",""Adventure"",""Reality"",""Music"",""Home Improvement"",""Documentary"",""Docuseries"",""Survival"",""Sports"",""Whodunit""]","[""Crime"",""Unsolved Crime"",""True Crime"",""Celebrities"",""Pop Culture"",""Sports"",""Health & Fitness"",""Mental Health"",""Health"",""Fitness"",""Self Help"",""Interviews"",""Society & Culture""]",2021-05-09T14:47:40,app_user
0579,5,25,Books,Female,65 or older,undefined,undefined,FALSE,FALSE,undefined,undefined,undefined,undefined,app_user
0580,10,25,Books,Female,65 or older,undefined,1,FALSE,FALSE,"[""Thriller"",""Shocking Twists"",""Spy Thrillers"",""Mystery"",""Psychological Thrillers""]","[""Comedy"",""British Comedy"",""Crime"",""Superheroes"",""Marvel"",""Whodunit"",""Heists"",""Thriller"",""Psychological Thrillers"",""Spy Thrillers"",""Shocking Twists"",""Suspense"",""Mystery"",""Action & Adventure""]","[""Crime"",""Comedy"",""Science & Technology"",""News""]",undefined,app_user
0581,8,25,"TV/Movies, Books",Female,35-44,13,0,FALSE,FALSE,"[""Thriller"",""Psychological Thrillers"",""Spy Thrillers"",""Historical Fiction"",""World War 2"",""True Crime"",""Whodunit"",""Memoirs"",""Comedy""]","[""Comedy"",""Romantic Comedy"",""British Comedy"",""Dark Comedy"",""Romance"",""Drama"",""Crime"",""True Crime"",""Documentary""]",undefined,2021-10-24T21:05:26,app_user
0582,5,25,Books,Female,65 or older,5,0,FALSE,TRUE,"[""Fantasy"",""Historical Fiction"",""Classics"",""Romance"",""Thriller"",""Psychological Thrillers"",""Spy Thrillers"",""Mystery"",""Shocking Twists"",""World War 2"",""British Classics"",""Tearjerkers"",""Poetry"",""Memoirs""]",undefined,undefined,2021-05-01T16:39:17,app_user
0583,9,25,TV/Movies,Female,65 or older,undefined,undefined,FALSE,FALSE,undefined,undefined,undefined,undefined,app_user
0584,8,25,TV/Movies,Female,25-34,231,2,FALSE,FALSE,undefined,undefined,undefined,2020-06-27T13:17:00,app_user
0585,5,25,Books,Female,55-64,undefined,undefined,FALSE,FALSE,"[""Historical Fiction"",""True Crime"",""Thriller""]",undefined,undefined,undefined,app_user
0586,3,25,TV/Movies,Male,45-54,null,null,null,null,null,null,null,null,newsletter
0587,null,25,"TV/Movies, Books",,65 or older,160,0,TRUE,FALSE,"[""Comedy"",""Romance"",""Self Help"",""Historical Fiction"",""Cookbooks"",""Classics"",""Science Fiction"",""Whodunit"",""Thriller"",""Memoirs"",""Tearjerkers""]",undefined,"[""History"",""Health & Fitness"",""Interviews"",""Pop Culture"",""Fiction"",""Relationship"",""Music""]",2020-07-12T13:26:39,app_user
0588,5,25,"TV/Movies, Books",Female,35-44,undefined,undefined,FALSE,FALSE,undefined,undefined,undefined,undefined,app_user
0589,null,25,TV/Movies,,Under 18,12,0,FALSE,FALSE,"[""Romance"",""Young Adult"",""Coming of Age"",""Poetry""]","[""Romance"",""Drama"",""Period Dramas"",""Romantic Comedy"",""Teen Romance"",""Fantasy""]",undefined,2024-01-06T20:41:21,app_user
0590,null,25,"TV/Movies, Books, Podcasts",,45-54,undefined,undefined,FALSE,FALSE,undefined,undefined,undefined,undefined,app_user
0591,6,25,Books,Female,35-44,6,0,FALSE,FALSE,"[""Romance"",""Historical Fiction"",""Classics"",""Romantic Comedies""]",undefined,undefined,2021-09-15T13:22:01,app_user
0592,9,25,Books,Female,25-34,undefined,undefined,FALSE,FALSE,undefined,undefined,undefined,undefined,app_user
0593,4,25,TV/Movies,Female,35-44,32,2,FALSE,FALSE,undefined,undefined,undefined,2020-06-14T19:58:42,app_user
0594,null,25,TV/Movies,,Under 18,undefined,1,FALSE,FALSE,undefined,undefined,undefined,undefined,app_user
0595,10,25,"TV/Movies, Books",Male,25-34,undefined,undefined,FALSE,FALSE,undefined,undefined,undefined,undefined,app_user
0596,null,25,"TV/Movies, Books, Podcasts",,65 or older,undefined,undefined,FALSE,FALSE,undefined,undefined,undefined,undefined,app_user
0597,null,25,Podcasts,,18-24,undefined,undefined,FALSE,FALSE,undefined,undefined,undefined,undefined,app_user
0598,8,25,Books,Prefer not to say,25-34,1436,912,TRUE,TRUE,"[""Fantasy"",""Science Fiction"",""Dystopian Fiction"",""Horror"",""Time Travel"",""Thriller"",""Shocking Twists"",""Psychological Thrillers"",""Mystery"",""Young Adult"",""Magic"",""Outer Space""]","[""Black Cinema"",""Science Fiction"",""Dystopian"",""Reality"",""Home Improvement"",""Reality Dating"",""Thriller"",""Shocking Twists"",""Psychological Thrillers"",""Suspense"",""Horror"",""Superheroes"",""Marvel"",""Time Travel"",""Anime"",""Action & Adventure"",""Action"",""Zombie"",""Alien"",""Outer Space"",""Supernatural""]","[""TV & Movies"",""Pop Culture"",""Society & Culture"",""Music"",""News"",""Politics"",""Comedy""]",undefined,app_user
0599,8,25,"TV/Movies, Books",Female,25-34,3186,49,FALSE,TRUE,"[""Comedy"",""Thriller"",""Shocking Twists"",""Psychological Thrillers"",""Mystery"",""True Crime"",""Whodunit"",""Memoirs"",""Humor""]",undefined,undefined,undefined,app_user
0600,5,25,TV/Movies,Male,25-34,576,1,FALSE,FALSE,"[""Fantasy"",""Whodunit"",""Classics"",""British Classics"",""High Fantasy"",""Epic Fantasy""]",undefined,"[""TV & Movies"",""Pop Culture"",""History""]",2020-08-18T15:25:01,app_user
0601,6,25,"Books, Podcasts",Female,35-44,40,0,TRUE,FALSE,"[""Young Adult"",""Cookbooks"",""Whodunit"",""True Crime"",""Horror"",""Thriller"",""Memoirs"",""Coming of Age"",""Tearjerkers""]","[""Comedy"",""Romance"",""Crime"",""Family Friendly"",""Thriller"",""Tearjerkers"",""Science Fiction"",""Documentary"",""War"",""Horror"",""Survival"",""Whodunit"",""LGBTQ+"",""Drama""]","[""True Crime"",""Parenting"",""Comedy"",""Fiction"",""Pop Culture"",""News"",""History""]",undefined,app_user
0602,5,25,TV/Movies,Non-binary,18-24,null,null,null,null,null,null,null,null,newsletter
0603,8,25,TV/Movies,Male,55-64,undefined,undefined,FALSE,FALSE,undefined,undefined,undefined,undefined,app_user
0604,5,25,Books,Female,55-64,null,null,null,null,null,null,null,null,newsletter
0605,7,25,"TV/Movies, Books",Female,18-24,undefined,1,FALSE,FALSE,"[""Young Adult"",""Coming of Age"",""Fantasy"",""Dark Fantasy"",""Classics"",""Horror"",""LGBTQ+"",""Children's Books"",""Books for Kids""]","[""Comedy"",""Stoner Comedy"",""Dark Comedy"",""Adult Cartoon"",""Fantasy"",""Horror"",""Supernatural"",""Slasher"",""Anime"",""Documentary"",""LGBTQ+"",""Teen""]",undefined,undefined,app_user
0606,7,25,TV/Movies,Female,55-64,46,1,FALSE,FALSE,undefined,"[""Comedy"",""Drama"",""Science Fiction"",""Black Cinema"",""Music"",""Documentary"",""Romantic Comedy"",""British Comedy"",""British Dramas"",""Outer Space"",""Time Travel"",""Robots"",""Dystopian"",""Docuseries""]",undefined,2024-05-03T15:32:34,app_user
0607,5,25,TV/Movies,Male,65 or older,undefined,undefined,FALSE,FALSE,undefined,undefined,undefined,undefined,app_user
0608,10,25,Books,Prefer not to say,18-24,646,111,TRUE,TRUE,"[""Fantasy"",""LGBTQ+"",""Magic"",""High Fantasy"",""Epic Fantasy"",""Young Adult"",""Historical Fiction""]","[""LGBTQ+"",""Anime"",""Comedy"",""Fantasy"",""Magic"",""Epic Fantasy""]",undefined,2022-03-30T05:05:51,app_user
0609,5,25,Books,Female,65 or older,126,1,TRUE,TRUE,"[""Thriller"",""Shocking Twists"",""Psychological Thrillers"",""Mystery"",""Historical Fiction"",""True Crime""]",undefined,undefined,2022-03-13T10:24:58,app_user
0610,10,25,"TV/Movies, Books, Podcasts",Female,18-24,362,235,TRUE,FALSE,"[""Comedy"",""Romance"",""Young Adult"",""Fantasy"",""Science Fiction"",""LGBTQ+"",""Coming of Age"",""Tearjerkers""]","[""Romance"",""Comedy"",""LGBTQ+"",""Family Friendly"",""Action & Adventure"",""Music"",""Whodunit"",""Science Fiction"",""Superheroes"",""Fantasy""]","[""Music"",""History"",""Comedy"",""TV & Movies"",""Pop Culture"",""Celebrities"",""Fiction""]",2020-11-23T13:31:15,app_user
0611,null,25,TV/Movies,,55-64,undefined,undefined,FALSE,FALSE,undefined,"[""Comedy"",""Romance"",""Drama"",""Crime"",""Fantasy"",""Thriller"",""Horror"",""Family Friendly"",""Science Fiction"",""Action & Adventure"",""Music"",""Sports"",""Whodunit"",""Teen"",""Romantic Comedy"",""Teen Romance"",""Family Dramas"",""Courtroom Dramas"",""Tearjerkers"",""True Crime"",""Epic Fantasy"",""Magic"",""Suspense"",""Shocking Twists"",""Psychological Thrillers"",""Mystery"",""Spy Thrillers"",""Supernatural"",""Slasher"",""Sitcoms"",""Disney"",""Time Travel"",""Dystopian"",""Action"",""Adventure"",""Football"",""Mind Bending"",""Vigilante"",""Spoofs and Mockumentaries""]",undefined,undefined,app_user
0612,10,25,Books,Female,18-24,54,0,FALSE,TRUE,"[""Romance"",""Fantasy"",""Dark Fantasy"",""Thriller"",""Horror"",""Slasher"",""LGBTQ+"",""Romantic Comedies"",""Young Adult""]","[""Romance"",""Crime"",""Drama"",""Tearjerkers"",""Dark Crime"",""Thriller"",""Horror"",""Psychological Thrillers"",""Slasher"",""LGBTQ+"",""Biopic"",""Suspense""]",undefined,2023-12-31T20:55:38,app_user
0613,5,25,TV/Movies,Male,18-24,22,0,FALSE,FALSE,undefined,"[""Adult Cartoon"",""Comedy"",""Spoofs and Mockumentaries"",""Drama"",""Crime"",""Period Dramas"",""Anime"",""Action & Adventure"",""Music"",""Documentary"",""Docuseries"",""Sports"",""Biopic"",""Reality"",""Adventure"",""Action""]",undefined,undefined,app_user
0614,3,25,Books,Female,25-34,454,8,FALSE,FALSE,undefined,undefined,"[""Crime"",""True Crime"",""TV & Movies"",""Comedy""]",undefined,app_user
0615,8,25,Books,Female,55-64,2,0,FALSE,TRUE,undefined,"[""Comedy"",""Drama"",""Crime"",""Black Cinema"",""Music"",""Reality"",""Documentary"",""Biopic"",""Romantic Comedy"",""Workplace Comedy"",""Stoner Comedy"",""British Comedy"",""Dark Comedy"",""Family Dramas"",""British Dramas"",""Period Dramas"",""Courtroom Dramas"",""Tearjerkers"",""True Crime"",""Competition"",""Home Improvement"",""Food"",""Docuseries""]",undefined,undefined,app_user
0616,5,25,Books,Female,45-54,11,0,FALSE,FALSE,"[""Romance"",""Romantic Comedies"",""Comedy"",""Humor"",""Thriller"",""Shocking Twists"",""Psychological Thrillers"",""Mystery"",""True Crime"",""Tearjerkers"",""Self Help"",""Mental Health"",""Motivation"",""Psychology"",""Cooking"",""Cookbooks"",""Holiday Cookbooks"",""Memoirs""]","[""Comedy"",""Romantic Comedy"",""Romance"",""Drama"",""Family Dramas"",""Tearjerkers"",""Crime"",""Dark Crime"",""True Crime"",""Thriller"",""Suspense"",""Psychological Thrillers"",""Family Friendly"",""Disney"",""Sitcoms"",""Action & Adventure"",""Action"",""Adventure"",""Music"",""Reality"",""Competition"",""Reality Dating"",""Home Improvement"",""Food"",""Documentary"",""Docuseries"",""Workplace Comedy"",""Period Dramas"",""Courtroom Dramas"",""Shocking Twists""]","[""Comedy"",""Crime"",""True Crime"",""Unsolved Crime"",""Music"",""Pop Culture"",""Society & Culture"",""Fiction""]",2021-11-13T08:08:04,app_user
0617,6,25,TV/Movies,Male,18-24,661,0,TRUE,TRUE,"[""Fantasy"",""Comedy"",""Humor""]","[""Horror"",""Thriller"",""Mystery"",""Teen"",""Fantasy"",""Mind Bending"",""Superheroes"",""Marvel"",""Comedy"",""Dark Comedy"",""Workplace Comedy"",""Family Friendly"",""Science Fiction"",""Action & Adventure"",""Adventure"",""Action"",""Reality""]","[""Comedy"",""TV & Movies""]",2021-06-24T18:50:00,app_user
0618,10,25,Books,Female,18-24,76,0,FALSE,TRUE,"[""Whodunit"",""Classics"",""Historical Fiction"",""Young Adult"",""Fantasy"",""Teen Romance"",""British Classics"",""World War 2""]","[""Comedy"",""Action & Adventure"",""Science Fiction"",""Thriller"",""Mystery"",""Whodunit"",""Romance"",""Action"",""Adventure"",""Time Travel"",""Teen Romance"",""Superheroes"",""Marvel"",""Workplace Comedy""]",undefined,2023-12-15T17:04:52,app_user
0619,8,25,TV/Movies,Female,55-64,undefined,undefined,FALSE,FALSE,undefined,"[""Comedy"",""Thriller"",""Sports"",""Action & Adventure"",""Dark Comedy"",""Romantic Comedy"",""Workplace Comedy"",""British Comedy"",""Mystery"",""Psychological Thrillers"",""Spy Thrillers"",""Football"",""Adventure"",""Action"",""Suspense"",""Shocking Twists"",""Spoofs and Mockumentaries""]",undefined,undefined,app_user
0620,10,25,"TV/Movies, Books",Female,18-24,1204,0,TRUE,TRUE,"[""Thriller"",""Science Fiction"",""Whodunit"",""LGBTQ+"",""Memoirs"",""Comedy"",""Young Adult"",""Self Help"",""Mystery""]","[""Comedy"",""Romantic Comedy"",""Workplace Comedy"",""Dark Comedy"",""Drama"",""Family Dramas"",""Teen"",""Adult Cartoon"",""Thriller"",""Suspense"",""Reality"",""LGBTQ+"",""Political"",""Whodunit"",""Biopic"",""Mystery"",""Psychological Thrillers"",""Family Friendly"",""Sitcoms"",""Disney"",""Science Fiction"",""British Comedy""]",undefined,2022-03-13T18:59:15,app_user
0621,8,25,Books,Female,18-24,286,0,TRUE,FALSE,"[""Romance"",""Young Adult"",""Fantasy"",""Historical Fiction"",""Science Fiction"",""Classics"",""Poetry"",""Horror"",""Coming of Age"",""Children's Books""]","[""Romance"",""Science Fiction"",""Fantasy"",""Comedy"",""Family Friendly"",""Teen"",""Horror""]","[""TV & Movies"",""Science & Technology"",""News"",""Fiction"",""Family Friendly"",""Technology"",""Science"",""History""]",2021-07-07T19:20:20,app_user
0622,10,25,TV/Movies,Female,18-24,8383,628,TRUE,TRUE,"[""Young Adult"",""Thriller"",""Psychological Thrillers"",""Shocking Twists"",""True Crime"",""Tearjerkers"",""Self Help"",""Mental Health"",""Psychology"",""Motivation""]","[""Drama"",""Family Dramas"",""Period Dramas"",""Tearjerkers"",""Crime"",""Vigilante"",""Thriller"",""Suspense"",""Shocking Twists"",""Horror"",""Anime"",""Documentary"",""Family Friendly""]","[""Crime"",""TV & Movies"",""True Crime"",""Unsolved Crime""]",undefined,app_user
0623,7,25,Books,Female,18-24,undefined,0,FALSE,TRUE,"[""Horror"",""Thriller"",""Whodunit"",""Paranormal"",""Slasher"",""True Crime"",""Mystery"",""Psychological Thrillers"",""Comedy"",""Romance""]","[""Horror"",""Thriller"",""Crime"",""Comedy"",""Romance"",""True Crime"",""Suspense"",""Psychological Thrillers"",""Mystery"",""Supernatural"",""Shocking Twists"",""Slasher"",""Anime"",""Whodunit""]",undefined,undefined,app_user
0624,3,25,"Books, Podcasts",Female,18-24,100,1,TRUE,TRUE,"[""Fantasy"",""Dark Fantasy"",""High Fantasy"",""Magic"",""Thriller"",""Psychological Thrillers"",""Mystery"",""Spy Thrillers"",""Whodunit"",""Historical Fiction"",""World War 2""]","[""Fantasy"",""Crime"",""Superheroes"",""Magic"",""Drama"",""Period Dramas"",""Courtroom Dramas"",""British Dramas""]","[""History"",""Crime"",""Unsolved Crime"",""Fiction""]",2021-08-23T16:58:42,app_user
0625,5,25,TV/Movies,Female,18-24,92,1,TRUE,TRUE,"[""Fantasy"",""Magic"",""Dark Fantasy"",""Young Adult"",""Thriller"",""Psychological Thrillers"",""Mystery"",""Shocking Twists"",""True Crime"",""Whodunit"",""LGBTQ+"",""Spy Thrillers""]","[""Action & Adventure"",""LGBTQ+"",""Action"",""Thriller"",""Mystery"",""Psychological Thrillers"",""Superheroes"",""Marvel"",""Crime"",""Fantasy"",""Magic"",""Epic Fantasy"",""True Crime"",""Vigilante"",""Adventure""]","[""Crime"",""True Crime"",""Unsolved Crime""]",undefined,app_user
0626,10,25,Books,Female,18-24,undefined,4,FALSE,FALSE,"[""Romance"",""Romantic Comedies"",""Teen Romance"",""Young Adult"",""Comedy"",""Comedian"",""Humor"",""Science Fiction"",""Thriller"",""Psychological Thrillers"",""Shocking Twists"",""Mystery"",""Dystopian Fiction"",""Outer Space"",""Horror"",""Paranormal"",""True Crime"",""Tearjerkers"",""Self Help"",""Mental Health"",""Psychology"",""Whodunit""]",undefined,undefined,undefined,app_user
0627,10,25,"TV/Movies, Books",Female,65 or older,256,0,FALSE,FALSE,undefined,"[""Comedy"",""Romantic Comedy"",""Workplace Comedy"",""Stoner Comedy"",""Dark Comedy"",""British Comedy"",""Spoofs and Mockumentaries"",""Romance"",""Drama"",""British Dramas"",""Family Dramas"",""Period Dramas"",""Fantasy"",""Epic Fantasy"",""Thriller"",""Mind Bending"",""Suspense"",""Shocking Twists"",""Psychological Thrillers"",""Mystery"",""Horror"",""Spy Thrillers"",""Supernatural"",""Action & Adventure"",""Reality"",""Adventure"",""Reality Dating"",""Documentary"",""Survival"",""Docuseries"",""Dystopian"",""Post Apocalyptic"",""Western"",""Political"",""Outlaw Western"",""War"",""LGBTQ+"",""Biopic"",""Whodunit"",""Competition""]",undefined,2021-03-03T15:37:30,app_user
0628,5,25,TV/Movies,Female,45-54,undefined,undefined,FALSE,FALSE,undefined,undefined,undefined,undefined,app_user
0629,7,25,Books,Female,18-24,111,0,FALSE,FALSE,undefined,undefined,undefined,undefined,app_user
0630,3,25,Books,Female,18-24,335,2,TRUE,TRUE,"[""Fantasy"",""Romance"",""Comedy"",""Teen Romance"",""Romantic Comedies"",""Epic Fantasy"",""Urban Fantasy"",""Dark Fantasy"",""High Fantasy"",""Magic"",""Young Adult"",""Humor"",""Science Fiction"",""Classics"",""Dystopian Fiction"",""Coming of Age"",""Tearjerkers"",""LGBTQ+"",""Whodunit""]","[""Comedy"",""Romantic Comedy"",""Romance"",""Drama"",""Teen Romance"",""Dark Comedy"",""Period Dramas"",""Teen"",""Fantasy"",""High School"",""Tearjerkers"",""Mind Bending"",""Anime"",""Music"",""LGBTQ+""]",undefined,2022-03-03T03:32:03,app_user
0631,8,25,TV/Movies,Female,65 or older,13,0,TRUE,TRUE,undefined,"[""Romance"",""Comedy"",""Workplace Comedy"",""Dark Comedy"",""Spoofs and Mockumentaries"",""Romantic Comedy"",""Drama"",""Family Dramas"",""Tearjerkers"",""Courtroom Dramas"",""Thriller"",""Suspense"",""Shocking Twists"",""Psychological Thrillers"",""Spy Thrillers"",""Science Fiction"",""Outer Space"",""Time Travel"",""Dystopian"",""Alien"",""Action & Adventure"",""Action"",""Documentary"",""LGBTQ+"",""Whodunit"",""Political"",""Biopic""]",undefined,2021-08-12T19:18:21,app_user
0632,null,25,Books,,18-24,427,25,TRUE,TRUE,"[""Young Adult"",""Teen Romance""]","[""Teen Romance"",""Comedy"",""Romantic Comedy"",""Music""]","[""Comedy"",""Relationship""]",2021-04-14T13:05:42,app_user
0633,6,25,TV/Movies,Male,65 or older,120,0,FALSE,TRUE,undefined,"[""Drama"",""British Dramas"",""Period Dramas"",""Courtroom Dramas"",""Crime"",""Heists"",""Thriller"",""Suspense"",""Shocking Twists"",""Psychological Thrillers"",""Mystery"",""Spy Thrillers"",""Science Fiction"",""Dystopian"",""Action & Adventure"",""Music"",""Documentary"",""War"",""Political"",""Biopic""]",undefined,undefined,app_user
0634,5,25,"TV/Movies, Books, Podcasts",Female,25-34,null,null,null,null,null,null,null,null,newsletter
0635,null,25,"TV/Movies, Books",,65 or older,null,null,null,null,null,null,null,null,newsletter
0636,8,25,"TV/Movies, Books",Female,25-34,23,1,FALSE,FALSE,"[""Fantasy"",""Magic"",""High Fantasy"",""Dark Fantasy"",""Urban Fantasy"",""Epic Fantasy"",""Romance"",""Young Adult"",""Coming of Age"",""Comedy"",""Comedian"",""Humor"",""Thriller"",""Shocking Twists"",""Psychological Thrillers"",""Spy Thrillers"",""Mystery"",""Science Fiction"",""Dystopian Fiction"",""Time Travel"",""True Crime"",""Tearjerkers"",""Poetry"",""LGBTQ+"",""Whodunit"",""Memoirs""]","[""Comedy"",""Romantic Comedy"",""Dark Comedy"",""Spoofs and Mockumentaries"",""Drama"",""Family Dramas"",""British Dramas"",""Period Dramas"",""Courtroom Dramas"",""Tearjerkers"",""Crime"",""Dark Crime"",""True Crime"",""Heists"",""Thriller"",""Superheroes"",""Comic Book Adaptations"",""Marvel"",""Suspense"",""Shocking Twists"",""Psychological Thrillers"",""Mystery"",""Spy Thrillers"",""Family Friendly"",""Disney"",""Sitcoms"",""Science Fiction"",""Zombie"",""Dystopian"",""Black Cinema"",""Action & Adventure"",""Action"",""Adventure"",""Music"",""Documentary"",""Docuseries"",""LGBTQ+"",""Whodunit"",""Biopic""]",undefined,2023-04-08T15:47:55,app_user
0637,8,25,Books,Female,55-64,7,0,FALSE,FALSE,"[""Historical Fiction"",""Business"",""Self Help"",""Mental Health"",""Motivation"",""Psychology""]","[""Comedy"",""Romantic Comedy"",""Workplace Comedy"",""Thriller"",""Family Friendly"",""Sitcoms"",""Action & Adventure"",""Action"",""Adventure"",""Reality"",""Documentary""]",undefined,2021-04-24T16:01:14,app_user
0638,7,25,Books,Male,55-64,2,0,FALSE,FALSE,undefined,undefined,undefined,undefined,app_user
0639,10,25,TV/Movies,Female,35-44,619,0,FALSE,FALSE,undefined,undefined,undefined,2019-09-29T17:27:44,app_user
0640,10,25,"TV/Movies, Books",Female,55-64,142,1,FALSE,FALSE,"[""Thriller"",""Romance"",""Comedy"",""Psychological Thrillers"",""Mystery""]",undefined,undefined,2019-07-20T08:48:26,app_user
0641,10,25,TV/Movies,Female,35-44,1235,12,TRUE,TRUE,"[""Fantasy"",""Horror""]","[""Comedy"",""Romance"",""Drama"",""Courtroom Dramas"",""British Dramas"",""Crime"",""Dark Crime"",""Heists"",""Vigilante"",""Fantasy"",""Epic Fantasy"",""Horror"",""Science Fiction"",""Zombie"",""Time Travel"",""Dystopian"",""Alien"",""Action & Adventure"",""Adventure"",""Action"",""Survival"",""Post Apocalyptic"",""LGBTQ+"",""War"",""Whodunit""]","[""Comedy"",""TV & Movies"",""Pop Culture"",""Interviews"",""News"",""Science & Technology"",""Celebrities"",""Society & Culture"",""Music""]",undefined,app_user
0642,6,25,TV/Movies,Female,25-34,undefined,undefined,FALSE,FALSE,undefined,"[""Comedy"",""Romance"",""Thriller"",""Tearjerkers"",""Horror"",""Drama"",""Action & Adventure""]",undefined,undefined,app_user
0643,8,25,Books,Female,55-64,7,0,FALSE,FALSE,"[""Romance"",""Romantic Comedies"",""Young Adult"",""Comedy"",""Humor"",""Self Help"",""Mental Health"",""Motivation"",""Psychology"",""Whodunit"",""Memoirs"",""Historical Fiction""]","[""Comedy"",""Romantic Comedy"",""Drama"",""Courtroom Dramas"",""Crime"",""Music"",""Sports"",""Whodunit""]","[""Comedy"",""Crime"",""True Crime"",""Relationship"",""Music"",""Health & Fitness"",""Fitness"",""Mental Health"",""Self Help"",""Meditation"",""Sports""]",undefined,app_user
0644,null,25,"TV/Movies, Books, Podcasts",,55-64,41,0,FALSE,FALSE,undefined,undefined,"[""Comedy"",""Comedian"",""Crime"",""True Crime"",""Unsolved Crime"",""TV & Movies"",""Music"",""History"",""Fiction"",""Pop Culture"",""Society & Culture"",""Celebrities"",""News"",""Politics"",""Interviews""]",2019-08-23T17:38:22,app_user
0645,8,25,TV/Movies,Male,55-64,93,20,TRUE,FALSE,"[""Memoirs"",""True Crime"",""Historical Fiction"",""World War 2""]","[""Comedy"",""Adult Cartoon"",""Workplace Comedy"",""Romantic Comedy"",""Dark Comedy"",""Spoofs and Mockumentaries"",""Romance"",""Drama"",""Crime"",""Period Dramas"",""Tearjerkers"",""Dark Crime"",""True Crime"",""Vigilante"",""Thriller"",""Suspense"",""Shocking Twists"",""Psychological Thrillers"",""Horror"",""Mystery"",""Slasher"",""Action & Adventure"",""Adventure"",""Action"",""Documentary"",""Docuseries"",""Survival"",""War"",""Post Apocalyptic"",""Dystopian"",""Whodunit"",""Biopic"",""Sports""]","[""Business"",""Crime"",""True Crime"",""Unsolved Crime"",""History""]",undefined,app_user
0646,5,25,Books,Female,55-64,undefined,undefined,FALSE,FALSE,"[""Comedy"",""Cooking"",""Classics"",""Whodunit"",""Thriller"",""Memoirs"",""Tearjerkers""]",undefined,undefined,undefined,app_user
0647,8,25,TV/Movies,Male,65 or older,660,60,FALSE,FALSE,"[""Memoirs"",""Thriller"",""Cooking"",""Sports""]",undefined,undefined,2020-07-03T05:47:33,app_user
0648,6,25,"TV/Movies, Books",Male,65 or older,undefined,undefined,FALSE,FALSE,undefined,undefined,undefined,undefined,app_user
0649,10,25,"TV/Movies, Books, Podcasts",Female,65 or older,undefined,undefined,FALSE,FALSE,undefined,undefined,undefined,undefined,app_user
0650,null,25,TV/Movies,,65 or older,undefined,undefined,FALSE,FALSE,undefined,undefined,undefined,undefined,app_user
0651,10,25,"TV/Movies, Books, Podcasts",Male,45-54,undefined,undefined,FALSE,FALSE,undefined,undefined,undefined,undefined,app_user
0652,10,25,"TV/Movies, Books",Female,35-44,74,0,FALSE,TRUE,"[""Thriller"",""Psychological Thrillers"",""Shocking Twists"",""Mystery"",""Spy Thrillers"",""True Crime"",""Romance""]","[""Romance"",""Drama"",""Crime"",""Romantic Comedy"",""Heists"",""Music"",""Political"",""Whodunit""]",undefined,2021-10-18T03:57:11,app_user
0653,10,25,TV/Movies,Female,45-54,undefined,undefined,FALSE,FALSE,undefined,"[""Comedy"",""Romance"",""Family Friendly"",""Music"",""Tearjerkers"",""Documentary"",""Biopic""]",undefined,undefined,app_user
0654,6,25,Books,Female,55-64,15,0,TRUE,TRUE,"[""Fantasy"",""High Fantasy"",""Urban Fantasy"",""Dark Fantasy"",""Epic Fantasy"",""Science Fiction"",""Dystopian Fiction"",""Time Travel"",""Outer Space"",""Classics"",""Horror"",""Poetry"",""Young Adult"",""Thriller"",""Psychological Thrillers"",""Shocking Twists"",""Paranormal""]","[""Fantasy"",""Epic Fantasy"",""Superheroes"",""Comic Book Adaptations"",""Marvel"",""Science Fiction"",""Horror"",""Thriller"",""Suspense"",""Shocking Twists"",""Spy Thrillers"",""Disney"",""Time Travel"",""Outer Space"",""Dystopian"",""Alien"",""Black Cinema"",""Anime"",""Action & Adventure"",""LGBTQ+"",""Adventure"",""Music"",""Post Apocalyptic"",""Supernatural"",""Magic"",""Mind Bending"",""Psychological Thrillers"",""Action""]","[""Comedy"",""Crime"",""Unsolved Crime"",""True Crime"",""TV & Movies"",""Music"",""Pop Culture"",""Society & Culture"",""Fiction"",""History"",""Interviews"",""News"",""Science & Technology"",""Science"",""Technology""]",undefined,app_user
0655,10,25,"TV/Movies, Books, Podcasts",Female,55-64,undefined,undefined,FALSE,FALSE,undefined,undefined,undefined,undefined,app_user
0656,2,25,Books,Female,25-34,10,0,FALSE,FALSE,"[""Thriller"",""Horror"",""Romance"",""Mystery"",""Historical Fiction"",""World War 2""]","[""Action & Adventure"",""Science Fiction"",""Family Friendly"",""Dystopian"",""Adventure"",""War"",""Romance"",""Comedy"",""Romantic Comedy"",""Thriller"",""Sitcoms"",""Disney"",""Time Travel""]",undefined,2023-02-26T19:47:10,app_user
0657,9,25,Books,Female,65 or older,undefined,undefined,FALSE,FALSE,undefined,undefined,undefined,undefined,app_user
0658,9,25,TV/Movies,Male,65 or older,undefined,1,FALSE,FALSE,undefined,undefined,undefined,undefined,app_user
0659,6,25,Books,Female,18-24,46,0,TRUE,TRUE,"[""Thriller"",""Psychological Thrillers"",""Romance"",""Mystery"",""Young Adult"",""Romantic Comedies"",""Memoirs"",""True Crime"",""Coming of Age"",""Shocking Twists"",""Whodunit""]","[""Drama"",""Romance"",""Thriller"",""Horror"",""Documentary"",""Docuseries"",""Family Friendly"",""Psychological Thrillers"",""Shocking Twists"",""Romantic Comedy"",""Crime"",""Disney"",""Black Cinema"",""Whodunit""]","[""Crime"",""Music"",""News""]",2021-08-09T18:20:50,app_user
0660,10,25,"TV/Movies, Books, Podcasts",Female,65 or older,138,0,FALSE,FALSE,undefined,"[""Comedy"",""Drama"",""Crime"",""Thriller"",""Documentary"",""Dark Comedy"",""Spoofs and Mockumentaries"",""British Dramas"",""Courtroom Dramas"",""Dark Crime"",""True Crime"",""Heists"",""Suspense"",""Shocking Twists"",""Mystery"",""Psychological Thrillers"",""Docuseries""]","[""Crime"",""True Crime""]",undefined,app_user
0661,7,25,TV/Movies,Female,45-54,1544,0,FALSE,FALSE,"[""Historical Fiction"",""Romance""]",undefined,undefined,2020-04-19T14:54:35,app_user
0662,7,25,"TV/Movies, Books, Podcasts",Male,25-34,175,0,TRUE,TRUE,"[""Poetry"",""Thriller"",""Shocking Twists"",""Psychological Thrillers"",""Horror"",""Paranormal"",""True Crime"",""Science Fiction"",""Dystopian Fiction"",""Time Travel"",""Outer Space"",""Self Help"",""Mental Health"",""Motivation"",""Psychology"",""Tearjerkers"",""Slasher"",""Mystery""]","[""Horror"",""Thriller"",""Supernatural"",""Shocking Twists"",""Documentary"",""Science Fiction"",""Time Travel"",""Dystopian"",""Slasher"",""Psychological Thrillers"",""Mystery"",""Comedy"",""Dark Comedy"",""Romantic Comedy"",""Romance"",""Drama"",""Tearjerkers"",""Suspense"",""Alien""]","[""Crime"",""TV & Movies"",""History"",""Relationship"",""Love"",""Music""]",2022-01-16T06:55:06,app_user
0663,5,25,TV/Movies,Male,65 or older,undefined,undefined,FALSE,FALSE,undefined,undefined,undefined,undefined,app_user
0664,10,25,"TV/Movies, Books",Female,55-64,76,1,FALSE,FALSE,"[""Romance"",""Romantic Comedies"",""Comedy"",""Humor"",""Thriller"",""Comedian"",""Psychological Thrillers"",""Spy Thrillers"",""Mystery"",""Historical Fiction"",""Cooking"",""Memoirs""]",undefined,"[""Comedy"",""Comedian"",""Crime"",""True Crime"",""TV & Movies"",""Music"",""Pop Culture"",""Society & Culture"",""Celebrities"",""Fiction"",""Health & Fitness"",""Health"",""Fitness"",""Interviews"",""News"",""Relationship"",""Unsolved Crime""]",2020-07-19T20:00:07,app_user
0665,null,25,"TV/Movies, Books, Podcasts",,35-44,1195,2,TRUE,TRUE,"[""Thriller"",""Shocking Twists"",""Psychological Thrillers"",""Mystery"",""Humor"",""Science Fiction"",""Dystopian Fiction"",""Historical Fiction"",""True Crime"",""Tearjerkers"",""Comedy"",""Romance""]","[""Comedy"",""Romantic Comedy"",""Workplace Comedy"",""British Comedy"",""Dark Comedy"",""Spoofs and Mockumentaries"",""Romance"",""Drama"",""Family Dramas"",""British Dramas"",""Tearjerkers"",""Crime"",""Dark Crime"",""True Crime"",""Vigilante"",""Thriller"",""Suspense"",""Shocking Twists"",""Psychological Thrillers"",""Mystery"",""Science Fiction"",""Dystopian"",""Music"",""Reality"",""Whodunit""]","[""Comedy"",""Crime"",""True Crime"",""TV & Movies"",""Relationship"",""Love"",""Music"",""Pop Culture"",""Society & Culture"",""Celebrities"",""Fiction"",""Health & Fitness"",""Mental Health"",""Fitness"",""Self Help"",""Meditation"",""Interviews"",""Parenting""]",2022-01-15T16:36:28,app_user
0666,8,25,TV/Movies,Prefer not to say,18-24,null,null,null,null,null,null,null,null,newsletter
0667,5,25,TV/Movies,Male,18-24,undefined,undefined,FALSE,FALSE,undefined,undefined,undefined,undefined,app_user
0668,9,25,"TV/Movies, Books",Female,55-64,881,13,TRUE,TRUE,"[""Classics"",""Whodunit""]","[""Drama"",""British Dramas"",""Period Dramas"",""Comedy"",""Romantic Comedy"",""Dark Comedy"",""British Comedy"",""Romance"",""Superheroes"",""Marvel"",""Action & Adventure"",""Action"",""Documentary"",""Docuseries"",""Whodunit""]","[""TV & Movies"",""News"",""Politics""]",undefined,app_user
0669,6,25,"TV/Movies, Books",Female,55-64,139,0,FALSE,TRUE,"[""Romance"",""Romantic Comedies"",""Teen Romance"",""Thriller"",""Young Adult"",""Psychological Thrillers"",""Historical Fiction"",""Self Help"",""Memoirs""]","[""Comedy"",""Romantic Comedy"",""Dark Comedy"",""Romance"",""Drama"",""Period Dramas"",""Thriller"",""Psychological Thrillers""]","[""Pop Culture"",""TV & Movies"",""Society & Culture"",""Celebrities"",""Health & Fitness"",""Mental Health"",""Self Help"",""Interviews""]",2021-05-01T20:40:42,app_user
0670,null,25,"TV/Movies, Books, Podcasts",,55-64,undefined,undefined,FALSE,FALSE,undefined,"[""Drama"",""Comedy"",""Superheroes"",""Thriller"",""Science Fiction"",""Action & Adventure"",""British Comedy"",""Adult Cartoon"",""Dark Comedy"",""Spoofs and Mockumentaries"",""Workplace Comedy"",""British Dramas"",""Courtroom Dramas"",""Comic Book Adaptations"",""Marvel"",""Suspense"",""Shocking Twists"",""Mystery""]",undefined,undefined,app_user
0671,null,25,TV/Movies,,65 or older,49,0,TRUE,TRUE,undefined,"[""Crime"",""Thriller"",""Science Fiction"",""Fantasy"",""War"",""Western"",""Survival"",""Action & Adventure"",""Action"",""Adventure"",""Outlaw Western"",""Comedy"",""Drama"",""Epic Fantasy"",""Outer Space"",""Zombie"",""Alien"",""Dystopian"",""Time Travel"",""Robots"",""Superheroes"",""Period Dramas"",""Family Dramas"",""Courtroom Dramas"",""Dark Crime"",""Heists"",""Whodunit"",""British Dramas"",""True Crime"",""Mind Bending""]",undefined,2023-07-25T03:29:11,app_user
0672,10,25,"TV/Movies, Books",Female,55-64,13,0,FALSE,FALSE,"[""Romance"",""Romantic Comedies"",""Young Adult"",""Comedy"",""Humor"",""Thriller"",""Psychological Thrillers"",""Historical Fiction"",""Classics"",""British Classics""]","[""Comedy"",""Romantic Comedy"",""Workplace Comedy"",""British Comedy"",""Dark Comedy"",""Spoofs and Mockumentaries"",""Romance"",""Teen Romance"",""Drama"",""Family Dramas"",""British Dramas"",""Period Dramas"",""Courtroom Dramas"",""Tearjerkers"",""Thriller"",""Suspense"",""Shocking Twists"",""Psychological Thrillers"",""Family Friendly"",""Disney"",""Anime"",""Action & Adventure"",""Action"",""Adventure"",""Music"",""Documentary"",""Reality"",""Competition"",""Food"",""Docuseries""]",undefined,2022-01-15T16:29:14,app_user
0673,null,25,TV/Movies,,65 or older,undefined,undefined,FALSE,FALSE,undefined,"[""Comedy"",""Crime""]",undefined,undefined,app_user
0674,7,25,"TV/Movies, Books, Podcasts",Female,45-54,93,3,FALSE,FALSE,undefined,undefined,undefined,2020-05-12T18:41:34,app_user
0675,6,25,"TV/Movies, Books, Podcasts",Female,35-44,11,0,FALSE,FALSE,undefined,"[""Comedy"",""Dark Comedy"",""British Comedy"",""Spoofs and Mockumentaries"",""Science Fiction"",""Crime"",""True Crime"",""Documentary""]",undefined,2020-05-11T08:59:26,app_user
0676,5,25,TV/Movies,Female,65 or older,undefined,undefined,FALSE,FALSE,undefined,undefined,undefined,undefined,app_user
0677,5,25,"TV/Movies, Books",Female,35-44,null,null,null,null,null,null,null,null,newsletter
0678,8,25,"TV/Movies, Books",Female,55-64,undefined,undefined,FALSE,FALSE,undefined,undefined,undefined,undefined,app_user
0679,7,25,TV/Movies,Female,35-44,undefined,undefined,FALSE,FALSE,undefined,undefined,undefined,undefined,app_user
0680,null,25,TV/Movies,,65 or older,16,0,FALSE,FALSE,"[""Fantasy"",""Historical Fiction"",""Science Fiction"",""True Crime"",""Horror"",""Thriller"",""Tearjerkers"",""Urban Fantasy"",""Mystery"",""Psychological Thrillers"",""Shocking Twists"",""Spy Thrillers"",""World War 2"",""Classics""]","[""Drama"",""Comedy"",""Tearjerkers"",""Reality"",""Fantasy"",""Epic Fantasy"",""Mind Bending"",""Thriller"",""Suspense"",""Mystery"",""Spy Thrillers"",""Shocking Twists"",""Psychological Thrillers"",""Science Fiction"",""Reality Dating""]",undefined,2023-09-20T16:41:57,app_user
0681,9,25,"TV/Movies, Books",Female,18-24,null,null,null,null,null,null,null,null,newsletter
0682,6,25,"TV/Movies, Podcasts",Female,35-44,56,1,FALSE,FALSE,"[""Young Adult"",""Science Fiction"",""Dystopian Fiction"",""Horror"",""True Crime"",""Paranormal"",""Memoirs"",""Time Travel"",""Fantasy"",""Dark Fantasy"",""Magic""]","[""Drama"",""Comedy"",""Workplace Comedy"",""Dark Comedy"",""Spoofs and Mockumentaries"",""Adult Cartoon"",""Family Dramas"",""Courtroom Dramas"",""Teen"",""High School"",""Teen Romance"",""Crime"",""Horror"",""Fantasy"",""Family Friendly"",""Supernatural"",""Thriller"",""Psychological Thrillers"",""Mystery"",""Science Fiction"",""Alien"",""Disney"",""Robots"",""Zombie"",""Action & Adventure"",""Music"",""Documentary"",""Biopic"",""Outer Space"",""Sitcoms"",""True Crime"",""Dark Crime"",""Heists""]","[""Crime"",""True Crime"",""Unsolved Crime"",""Pop Culture"",""Science & Technology"",""Music"",""Society & Culture"",""TV & Movies"",""News""]",2021-10-23T21:49:26,app_user
0683,1,25,"Books, Podcasts",Male,25-34,54,0,FALSE,FALSE,"[""Fantasy"",""Urban Fantasy"",""Young Adult"",""Coming of Age"",""Thriller"",""Psychological Thrillers"",""Mystery"",""Historical Fiction"",""Science Fiction"",""Time Travel"",""Dystopian Fiction"",""Horror"",""LGBTQ+"",""Memoirs""]","[""Comedy"",""Superheroes"",""Comic Book Adaptations"",""Marvel"",""Thriller"",""Horror"",""Science Fiction"",""Time Travel"",""Zombie"",""Dystopian"",""Alien"",""Action & Adventure"",""Action"",""Adventure"",""Documentary"",""Docuseries"",""Reality"",""Reality Dating"",""Home Improvement"",""LGBTQ+""]","[""Comedy"",""Crime"",""True Crime"",""Unsolved Crime"",""TV & Movies"",""Interviews"",""History"",""Fiction"",""News""]",2022-02-11T07:07:59,app_user
0684,7,25,"TV/Movies, Books",Female,65 or older,347,0,TRUE,TRUE,"[""Thriller"",""Shocking Twists"",""Psychological Thrillers"",""Mystery"",""Classics"",""Horror"",""True Crime""]","[""Crime"",""Drama"",""British Dramas"",""Period Dramas"",""Tearjerkers"",""Family Dramas"",""Dark Crime"",""True Crime"",""Horror"",""Thriller"",""Psychological Thrillers"",""Mystery"",""Shocking Twists"",""Suspense"",""Supernatural"",""Documentary"",""Docuseries"",""Whodunit"",""Biopic"",""Political"",""Slasher""]",undefined,undefined,app_user
0685,7,25,Books,Female,65 or older,undefined,undefined,FALSE,FALSE,undefined,undefined,undefined,undefined,app_user
0686,10,25,TV/Movies,Female,55-64,undefined,undefined,FALSE,FALSE,undefined,"[""Crime"",""Drama"",""Thriller"",""Horror"",""Family Friendly"",""Reality"",""Whodunit"",""Documentary"",""Action & Adventure"",""Music"",""War"",""British Dramas"",""Period Dramas"",""Courtroom Dramas"",""Dark Crime"",""True Crime"",""Heists"",""Vigilante"",""Tearjerkers"",""Suspense"",""Shocking Twists"",""Psychological Thrillers"",""Mystery"",""Spy Thrillers"",""Supernatural"",""Docuseries"",""Action"",""Family Dramas"",""Adventure"",""Competition"",""Home Improvement"",""Food""]",undefined,undefined,app_user
0687,7,25,Books,Female,55-64,undefined,undefined,FALSE,FALSE,"[""Historical Fiction"",""Cooking"",""Horror""]",undefined,undefined,undefined,app_user
0688,8,25,"TV/Movies, Books",Female,35-44,60,1,TRUE,TRUE,"[""Young Adult"",""Historical Fiction"",""Business"",""Classics"",""True Crime"",""Self Help"",""Tearjerkers"",""Motivation"",""Poetry"",""Entrepreneurship"",""Fantasy"",""Urban Fantasy"",""Epic Fantasy"",""Magic""]",undefined,undefined,2021-10-22T08:02:16,app_user
0689,5,25,"TV/Movies, Books, Podcasts",Female,55-64,undefined,undefined,FALSE,FALSE,undefined,"[""Comedy"",""Documentary"",""Crime"",""Drama"",""Spoofs and Mockumentaries"",""Workplace Comedy"",""Romantic Comedy"",""Docuseries"",""Courtroom Dramas"",""Family Dramas""]",undefined,undefined,app_user
0690,5,25,"TV/Movies, Books",Female,35-44,88,0,TRUE,FALSE,"[""Comedy"",""Young Adult"",""Historical Fiction"",""Classics"",""Whodunit"",""True Crime""]","[""Comedy"",""Romance"",""Crime"",""Family Friendly"",""Fantasy"",""Whodunit"",""Drama""]","[""True Crime"",""Comedy"",""Pop Culture"",""Music"",""History""]",2020-09-12T08:51:21,app_user
0691,10,25,"TV/Movies, Books",Female,45-54,15,0,FALSE,FALSE,"[""Historical Fiction"",""Classics"",""Horror"",""Self Help"",""Thriller"",""Fantasy"",""Memoirs"",""Reality""]","[""Comedy"",""Drama"",""Documentary"",""Horror"",""Thriller"",""Romance"",""Music"",""Reality""]","[""Relationship"",""History"",""Fiction"",""Interviews"",""Pop Culture"",""Celebrities"",""Health & Fitness""]",2021-09-05T17:15:11,app_user
0692,6,25,"TV/Movies, Books, Podcasts",Female,45-54,78,0,FALSE,FALSE,"[""Fantasy"",""Young Adult"",""Tearjerkers"",""Self Help"",""Cooking"",""Thriller"",""Science Fiction"",""True Crime"",""Memoirs""]","[""Thriller"",""Action & Adventure"",""Fantasy"",""Comedy"",""Science Fiction"",""Crime"",""Horror"",""Superheroes"",""Drama"",""Family Friendly"",""Romance"",""Reality"",""Documentary"",""War""]","[""Relationship"",""Love"",""Health & Fitness"",""Fitness"",""Self Help"",""Beauty"",""Health"",""Mental Health""]",undefined,app_user
0693,0,25,"TV/Movies, Books, Podcasts",Male,55-64,null,null,null,null,null,null,null,null,newsletter
0694,10,25,"TV/Movies, Books",Female,65 or older,3668,850,TRUE,TRUE,"[""Thriller"",""Psychological Thrillers"",""Shocking Twists""]","[""Thriller"",""Psychological Thrillers"",""Shocking Twists"",""Comedy""]","[""Comedy"",""Relationship"",""Celebrities"",""Fiction""]",undefined,app_user
0695,4,25,TV/Movies,Female,65 or older,11,1,FALSE,FALSE,"[""Romance"",""Comedy"",""Science Fiction"",""Humor"",""Romantic Comedies"",""Fantasy"",""Magic"",""Urban Fantasy""]","[""Comedy"",""Romantic Comedy"",""Drama"",""Romance"",""Period Dramas"",""Science Fiction"",""British Comedy"",""British Dramas"",""Fantasy"",""Magic"",""Alien"",""Reality"",""Reality Dating"",""Music"",""Workplace Comedy"",""Spoofs and Mockumentaries"",""Family Dramas"",""Courtroom Dramas"",""Outer Space""]",undefined,2024-07-20T14:10:22,app_user
0696,5,25,TV/Movies,Female,25-34,113,0,TRUE,TRUE,undefined,"[""Comedy"",""Romantic Comedy"",""Workplace Comedy"",""Romance"",""Teen Romance"",""Drama"",""Family Dramas"",""Courtroom Dramas"",""Teen"",""High School"",""Fantasy"",""Magic"",""Superheroes"",""Family Friendly"",""Disney"",""Science Fiction"",""Sitcoms"",""Time Travel"",""Outer Space"",""Epic Fantasy"",""Marvel"",""Dystopian"",""Reality"",""Reality Dating"",""Competition"",""Home Improvement"",""Food"",""Music""]",undefined,2021-09-08T19:37:39,app_user
0697,7,25,TV/Movies,Female,25-34,2138,4,FALSE,FALSE,"[""Fantasy"",""Self Help"",""Science Fiction""]","[""Comedy"",""Romantic Comedy"",""Workplace Comedy"",""Stoner Comedy"",""British Comedy"",""Dark Comedy"",""Spoofs and Mockumentaries"",""Adult Cartoon"",""Drama"",""British Dramas"",""Period Dramas"",""Fantasy"",""Magic"",""Science Fiction"",""Outer Space"",""Time Travel"",""Robots"",""Dystopian"",""Documentary""]",undefined,2021-09-15T23:53:29,app_user
0698,7,25,"TV/Movies, Books",Female,65 or older,undefined,undefined,FALSE,FALSE,undefined,"[""Comedy"",""Romance"",""Thriller"",""Tearjerkers"",""Documentary"",""Western"",""Survival"",""Reality"",""LGBTQ+"",""Whodunit"",""Drama""]",undefined,undefined,app_user
0699,8,25,TV/Movies,Female,55-64,57,0,TRUE,FALSE,undefined,undefined,undefined,2020-06-29T09:24:16,app_user
0700,8,25,"TV/Movies, Books",Female,35-44,3,0,FALSE,FALSE,"[""Fantasy"",""Magic"",""High Fantasy"",""Urban Fantasy"",""Dark Fantasy"",""Epic Fantasy"",""Science Fiction"",""Historical Fiction"",""Memoirs"",""Cooking""]","[""Comedy"",""Romantic Comedy"",""Stoner Comedy"",""Dark Comedy"",""British Comedy"",""Spoofs and Mockumentaries"",""Adult Cartoon"",""Romance"",""Fantasy"",""Epic Fantasy"",""Magic"",""Mind Bending"",""Superheroes"",""Comic Book Adaptations"",""Marvel"",""Anime"",""Science Fiction"",""Outer Space"",""Time Travel"",""Robots"",""Dystopian"",""Alien"",""Documentary"",""Docuseries"",""Biopic"",""Drama"",""British Dramas"",""Period Dramas""]",undefined,2021-06-13T08:49:50,app_user
0701,10,25,"TV/Movies, Books",Female,25-34,14,0,TRUE,FALSE,"[""Fantasy"",""Romance"",""Teen Romance"",""Young Adult"",""Science Fiction"",""Dystopian Fiction"",""Time Travel"",""Classics"",""Coming of Age"",""Magic"",""Urban Fantasy"",""Epic Fantasy"",""Dark Fantasy"",""High Fantasy"",""Romantic Comedies"",""Thriller"",""Mystery"",""Psychological Thrillers"",""Shocking Twists""]","[""Comedy"",""Fantasy"",""Anime"",""Romance"",""Teen Romance""]","[""Relationship"",""Music""]",undefined,app_user
0702,7,25,Books,Prefer not to say,18-24,null,null,null,null,null,null,null,null,newsletter
0703,8,25,"TV/Movies, Books, Podcasts",Female,35-44,5,0,FALSE,FALSE,"[""Thriller"",""Mystery"",""Horror"",""Paranormal"",""Whodunit"",""Psychological Thrillers""]","[""Comedy"",""Crime"",""Documentary"",""Horror"",""Reality"",""LGBTQ+"",""Thriller"",""Mystery"",""Supernatural""]","[""True Crime"",""Unsolved Crime"",""TV & Movies"",""Crime""]",undefined,app_user
0704,1,25,"TV/Movies, Books, Podcasts",Female,45-54,null,null,null,null,null,null,null,null,newsletter
0705,9,25,"TV/Movies, Podcasts",Female,25-34,172,0,TRUE,TRUE,"[""Cooking"",""Comedy"",""Fantasy"",""Young Adult"",""Classics""]","[""Comedy"",""Fantasy"",""Anime""]","[""Comedy"",""History"",""Fiction"",""Crime"",""Music""]",undefined,app_user
0706,5,25,TV/Movies,Female,65 or older,5,0,FALSE,FALSE,undefined,undefined,undefined,undefined,app_user
0707,10,25,Books,Female,45-54,2738,505,TRUE,TRUE,"[""Romance"",""Comedy"",""Historical Fiction"",""Classics"",""Self Help"",""Business"",""Romantic Comedies"",""World War 2"",""Motivation"",""Entrepreneurship"",""Leadership"",""Young Adult"",""Coming of Age"",""Mental Health""]","[""Comedy"",""Romantic Comedy"",""Drama"",""Action & Adventure"",""Music"",""Adventure""]",undefined,undefined,app_user
0708,6,25,"TV/Movies, Books",Female,55-64,65,0,TRUE,TRUE,"[""Romance"",""Romantic Comedies"",""Young Adult"",""True Crime"",""Comedy"",""Humor""]","[""Comedy"",""Romantic Comedy"",""Music"",""Black Cinema"",""Crime"",""Romance"",""Drama"",""Courtroom Dramas"",""Thriller"",""Mystery"",""Spy Thrillers"",""Family Friendly"",""Disney"",""Action & Adventure"",""Documentary"",""Western""]","[""Comedy"",""Interviews"",""News"",""Crime"",""Relationship"",""Love"",""Music"",""Pop Culture"",""Society & Culture"",""Science & Technology""]",2023-10-17T18:31:51,app_user
0709,null,25,"TV/Movies, Books",,65 or older,11,1,FALSE,FALSE,"[""Comedy"",""Thriller"",""Shocking Twists"",""Romance""]","[""Comedy"",""Romantic Comedy"",""Workplace Comedy"",""Romance"",""Drama"",""Period Dramas""]","[""Comedy"",""History"",""Interviews""]",2021-05-17T21:34:55,app_user
0710,10,25,TV/Movies,Prefer not to say,55-64,792,7,TRUE,FALSE,"[""Cookbooks""]","[""Comedy"",""Crime"",""Family Friendly"",""Tearjerkers"",""Science Fiction"",""Documentary"",""Reality""]","[""TV & Movies"",""Celebrities""]",undefined,app_user
0711,8,25,"TV/Movies, Books",Female,65 or older,57,1,FALSE,FALSE,"[""Romance"",""Fantasy"",""Romantic Comedies"",""Thriller"",""Historical Fiction"",""Mystery"",""Science Fiction"",""Memoirs""]","[""Comedy"",""Romantic Comedy"",""British Comedy"",""Romance"",""Superheroes"",""Action & Adventure""]","[""Relationship"",""Music"",""History"",""Fiction"",""Family Friendly""]",undefined,app_user
0712,7,25,"TV/Movies, Books",Female,55-64,46,2,TRUE,FALSE,"[""Historical Fiction"",""Science Fiction"",""Classics"",""Horror"",""Paranormal"",""Cooking"",""Self Help"",""Motivation"",""Fantasy"",""Magic"",""Young Adult"",""Romance"",""Holiday Cookbooks""]","[""Horror"",""Supernatural"",""Comedy"",""Thriller"",""Psychological Thrillers"",""Science Fiction"",""Outer Space"",""Documentary"",""Slasher""]","[""True Crime"",""History""]",undefined,app_user
0713,6,25,"TV/Movies, Books",Female,55-64,97,0,FALSE,FALSE,undefined,undefined,undefined,2020-02-22T16:29:49,app_user
0714,9,25,TV/Movies,Female,65 or older,null,null,null,null,null,null,null,null,newsletter
0715,9,25,"TV/Movies, Podcasts",Male,25-34,undefined,2,TRUE,TRUE,"[""Fantasy"",""Dark Fantasy"",""Epic Fantasy"",""Magic"",""High Fantasy"",""Urban Fantasy"",""Young Adult"",""Coming of Age"",""Comedy"",""Comedian"",""Humor"",""Thriller"",""Shocking Twists"",""Psychological Thrillers"",""Science Fiction"",""Dystopian Fiction"",""Outer Space"",""Historical Fiction"",""Time Travel"",""True Crime"",""Horror"",""Paranormal"",""Slasher"",""Classics"",""Mystery"",""Sports""]","[""Comedy"",""Dark Comedy"",""Spoofs and Mockumentaries"",""Adult Cartoon"",""Fantasy"",""Magic"",""Family Friendly"",""Horror"",""Science Fiction"",""Disney"",""Slasher"",""Thriller"",""Mind Bending"",""Epic Fantasy"",""Sitcoms"",""Outer Space"",""Time Travel"",""Alien"",""Robots"",""Dystopian"",""Zombie"",""Black Cinema"",""Documentary"",""Survival"",""Sports"",""Docuseries"",""Action & Adventure"",""Superheroes"",""Suspense"",""Marvel"",""Comic Book Adaptations"",""Shocking Twists"",""Psychological Thrillers"",""Mystery"",""Supernatural"",""Adventure"",""Post Apocalyptic"",""Golf"",""Boxing"",""Basketball"",""Martial Arts"",""Football"",""Biopic"",""Whodunit"",""Stoner Comedy"",""Drama"",""Period Dramas""]","[""TV & Movies"",""History"",""Interviews"",""Sports"",""Football"",""Science & Technology"",""Science"",""Technology"",""Crime"",""Unsolved Crime"",""True Crime"",""Comedy"",""Comedian""]",undefined,app_user
0716,7,25,TV/Movies,Female,18-24,29,3,TRUE,FALSE,"[""True Crime"",""Horror"",""Thriller"",""Psychological Thrillers"",""Shocking Twists"",""Mystery""]","[""Reality"",""Drama""]",undefined,2020-12-20T11:33:29,app_user
0717,7,25,TV/Movies,Female,65 or older,undefined,undefined,FALSE,FALSE,undefined,"[""Drama"",""Crime"",""Fantasy"",""Superheroes"",""Thriller"",""Science Fiction"",""Action & Adventure"",""Music"",""Reality"",""Documentary"",""Whodunit"",""Political"",""Biopic"",""Comedy"",""British Dramas"",""Courtroom Dramas"",""Dark Crime"",""True Crime"",""Heists"",""Epic Fantasy"",""Mind Bending"",""Comic Book Adaptations"",""Marvel"",""Shocking Twists"",""Psychological Thrillers"",""Mystery"",""Outer Space"",""Time Travel"",""Robots"",""Dystopian"",""Alien"",""Action"",""Adventure"",""Docuseries"",""British Comedy"",""Spoofs and Mockumentaries"",""Dark Comedy"",""Workplace Comedy""]",undefined,undefined,app_user
0718,9,25,Books,Female,25-34,14,0,FALSE,FALSE,"[""Fantasy"",""Epic Fantasy"",""Science Fiction"",""Tearjerkers"",""Business"",""Leadership"",""Dark Fantasy"",""Self Help"",""Motivation"",""Psychology""]","[""Comedy"",""Anime"",""Science Fiction"",""Fantasy"",""Epic Fantasy"",""Romantic Comedy"",""Time Travel"",""Alien"",""Dystopian"",""Documentary"",""Docuseries""]",undefined,2022-04-17T14:56:26,app_user
0719,7,25,Books,Female,25-34,8,1,FALSE,FALSE,"[""Fantasy"",""Magic"",""Romance"",""Romantic Comedies"",""Teen Romance"",""Young Adult"",""Coming of Age"",""Comedy"",""Science Fiction"",""Classics"",""LGBTQ+"",""Cooking"",""Memoirs""]","[""Comedy"",""Romantic Comedy"",""Romance"",""Teen"",""Fantasy"",""Superheroes"",""Teen Romance"",""Drama"",""Marvel"",""LGBTQ+""]",undefined,2021-11-26T16:50:06,app_user
0720,5,25,Books,Female,55-64,undefined,undefined,FALSE,FALSE,undefined,undefined,undefined,undefined,app_user
0721,7,25,Books,Female,45-54,31,0,FALSE,TRUE,"[""Science Fiction"",""Time Travel"",""Dystopian Fiction"",""Historical Fiction"",""True Crime"",""Fantasy"",""Young Adult"",""Thriller"",""Mystery"",""Shocking Twists""]","[""Science Fiction"",""Zombie"",""Dystopian"",""Time Travel"",""Reality"",""Reality Dating"",""Competition"",""Survival"",""Post Apocalyptic"",""Fantasy"",""Mind Bending"",""Magic""]","[""Crime"",""Unsolved Crime"",""Business"",""True Crime""]",2021-12-10T22:10:23,app_user
0722,5,25,"TV/Movies, Books, Podcasts",Female,55-64,undefined,undefined,FALSE,FALSE,undefined,undefined,undefined,undefined,app_user
0723,null,25,Books,,Under 18,1376,0,TRUE,FALSE,"[""Fantasy"",""Young Adult"",""Dark Fantasy"",""Epic Fantasy"",""LGBTQ+""]",undefined,undefined,2021-03-09T17:41:53,app_user
0724,8,25,"TV/Movies, Books, Podcasts",Female,45-54,893,0,TRUE,TRUE,"[""Romance"",""Romantic Comedies"",""Comedy"",""Humor"",""Historical Fiction"",""World War 2"",""Memoirs"",""Science Fiction"",""Time Travel"",""Classics""]","[""Comedy"",""Romantic Comedy"",""British Comedy"",""Dark Comedy"",""Drama"",""Romance"",""Period Dramas"",""British Dramas"",""Fantasy"",""Superheroes"",""Marvel"",""Science Fiction"",""Time Travel"",""Documentary"",""Survival"",""Reality"",""Competition"",""Food"",""Action & Adventure"",""Reality Dating"",""Action"",""Adventure""]","[""History"",""Science & Technology"",""Science"",""Interviews"",""Fiction"",""Comedy"",""Comedian"",""Relationship"",""Love"",""Dating""]",undefined,app_user
0725,10,25,"TV/Movies, Books, Podcasts",Male,65 or older,undefined,undefined,FALSE,FALSE,undefined,undefined,undefined,undefined,app_user
0726,7,25,"TV/Movies, Books",Male,55-64,19,0,FALSE,FALSE,"[""Horror"",""Fantasy"",""Science Fiction""]","[""Horror"",""Thriller"",""Comedy"",""Fantasy"",""Psychological Thrillers"",""Action & Adventure""]",undefined,2024-04-25T10:44:43,app_user
0727,5,25,"TV/Movies, Books",Female,35-44,26,0,FALSE,FALSE,"[""Comedy"",""Romance"",""Young Adult"",""Self Help"",""Fantasy"",""Historical Fiction"",""Tearjerkers""]","[""Comedy"",""Romance"",""Family Friendly"",""Music"",""Thriller"",""Tearjerkers"",""Fantasy"",""Superheroes""]","[""True Crime""]",undefined,app_user
0728,7,25,"TV/Movies, Books, Podcasts",Female,35-44,null,null,null,null,null,null,null,null,newsletter
0729,null,25,Books,,65 or older,undefined,undefined,FALSE,FALSE,"[""Historical Fiction"",""Classics"",""Poetry""]",undefined,undefined,undefined,app_user
0730,7,25,"TV/Movies, Books",Female,35-44,167,0,FALSE,FALSE,undefined,undefined,undefined,2020-04-05T19:33:17,app_user
0731,9,25,TV/Movies,Male,55-64,301,8,FALSE,FALSE,undefined,undefined,undefined,2020-03-24T17:57:03,app_user
0732,5,25,"TV/Movies, Books",Female,18-24,null,null,null,null,null,null,null,null,newsletter
0733,null,25,Books,,65 or older,undefined,undefined,FALSE,FALSE,"[""Romance"",""Historical Fiction"",""Classics""]",undefined,undefined,undefined,app_user
0734,10,25,"TV/Movies, Books",Female,18-24,469,42,TRUE,TRUE,"[""Fantasy"",""Young Adult"",""Comedy"",""Coming of Age"",""Teen Romance"",""Humor"",""Thriller"",""Shocking Twists"",""Psychological Thrillers"",""Horror"",""Slasher"",""Mystery""]","[""Comedy"",""Adult Cartoon"",""Teen"",""Thriller"",""Suspense"",""Horror"",""Slasher"",""Anime"",""Reality"",""Reality Dating"",""Competition"",""Home Improvement"",""Food"",""Family Friendly"",""Disney"",""Sitcoms"",""Psychological Thrillers"",""Shocking Twists"",""Fantasy"",""High School"",""Drama"",""Tearjerkers""]",undefined,2022-11-13T11:57:54,app_user
0735,5,25,Books,Female,65 or older,null,null,null,null,null,null,null,null,newsletter
0736,8,25,TV/Movies,Female,35-44,167,1,FALSE,FALSE,"[""Comedy"",""Comedian"",""Humor"",""Thriller"",""Shocking Twists"",""Psychological Thrillers"",""Spy Thrillers"",""Mystery"",""Horror"",""Slasher"",""Paranormal"",""True Crime"",""Whodunit""]",undefined,undefined,undefined,app_user
0737,0,25,"TV/Movies, Books, Podcasts",Female,65 or older,undefined,undefined,FALSE,FALSE,undefined,undefined,undefined,undefined,app_user
0738,8,25,"TV/Movies, Books",Female,35-44,8,0,FALSE,FALSE,"[""Fantasy"",""Young Adult"",""Classics"",""Romance"",""Urban Fantasy""]",undefined,"[""Relationship"",""Dating"",""Pop Culture"",""History"",""Fiction"",""Society & Culture""]",2022-11-13T03:14:12,app_user
0739,10,25,Books,Female,18-24,35,0,FALSE,FALSE,"[""Fantasy"",""Magic"",""High Fantasy"",""Epic Fantasy"",""Romance"",""Young Adult"",""LGBTQ+""]",undefined,undefined,2023-02-23T08:42:24,app_user
0740,6,25,"TV/Movies, Books",Female,65 or older,undefined,undefined,FALSE,FALSE,undefined,"[""Comedy"",""Romance"",""Crime"",""Family Friendly"",""Music"",""Thriller"",""Tearjerkers"",""Science Fiction"",""Superheroes"",""Whodunit"",""Drama"",""Action & Adventure"",""Black Cinema""]",undefined,undefined,app_user
0741,9,25,"TV/Movies, Books, Podcasts",Female,18-24,7,0,FALSE,FALSE,"[""Fantasy"",""Romance"",""Young Adult"",""Thriller"",""Psychological Thrillers"",""Shocking Twists"",""Spy Thrillers"",""Mystery"",""Classics"",""Historical Fiction"",""True Crime"",""Whodunit"",""Teen Romance"",""Romantic Comedies"",""Coming of Age"",""Comedy"",""Horror""]","[""Romance"",""Teen Romance"",""Romantic Comedy"",""Drama"",""Period Dramas"",""Crime"",""True Crime"",""Dark Crime"",""Heists"",""Vigilante"",""Teen"",""Thriller"",""Suspense"",""Shocking Twists"",""Psychological Thrillers"",""Mystery"",""Spy Thrillers"",""Horror"",""Anime"",""Black Cinema"",""Documentary"",""Docuseries"",""Whodunit"",""British Dramas"",""Comedy""]","[""Crime"",""True Crime"",""Unsolved Crime"",""History""]",undefined,app_user
0742,7,25,"TV/Movies, Books, Podcasts",Male,35-44,61,1,FALSE,FALSE,"[""Romance"",""Young Adult"",""LGBTQ+"",""Historical Fiction"",""Classics"",""British Classics"",""Self Help"",""Mental Health"",""Motivation"",""Cooking"",""Cookbooks"",""Memoirs"",""Children's Books"",""World War 2""]","[""Romance"",""Drama"",""Romantic Comedy"",""British Dramas"",""Period Dramas"",""Courtroom Dramas"",""Fantasy"",""Magic"",""Epic Fantasy"",""Science Fiction"",""Outer Space"",""Time Travel"",""Robots"",""Dystopian"",""Anime"",""LGBTQ+"",""Black Cinema"",""Music"",""Reality"",""Documentary"",""Home Improvement"",""Food"",""Docuseries"",""Sports"",""Martial Arts"",""War"",""Political"",""Biopic""]","[""Comedy"",""News"",""Politics"",""Pop Culture"",""Celebrities"",""Music"",""TV & Movies"",""Science & Technology"",""Technology"",""Science""]",2021-09-02T17:41:42,app_user
0743,6,25,"TV/Movies, Books",Female,65 or older,undefined,0,FALSE,FALSE,undefined,"[""Comedy"",""Romantic Comedy"",""Workplace Comedy"",""Dark Comedy"",""British Comedy"",""Romance"",""Drama"",""Family Dramas"",""British Dramas"",""Courtroom Dramas"",""Crime"",""Dark Crime"",""Heists"",""Vigilante"",""Horror"",""Thriller"",""Psychological Thrillers"",""Shocking Twists"",""Mystery"",""Supernatural"",""Spy Thrillers"",""Action & Adventure"",""Whodunit""]",undefined,undefined,app_user
0744,9,25,Books,Female,18-24,undefined,0,FALSE,FALSE,"[""Young Adult"",""Science Fiction"",""Dystopian Fiction"",""True Crime"",""Thriller"",""Psychological Thrillers"",""Mystery""]","[""Teen"",""Crime"",""Drama"",""Courtroom Dramas""]",undefined,undefined,app_user
0745,6,25,"TV/Movies, Books, Podcasts",Female,35-44,37,0,TRUE,TRUE,"[""Thriller"",""Shocking Twists"",""Psychological Thrillers"",""Mystery"",""Horror"",""Paranormal"",""Slasher"",""True Crime"",""Whodunit""]",undefined,undefined,2021-08-08T18:48:38,app_user
0746,null,25,"TV/Movies, Books, Podcasts",,35-44,undefined,undefined,FALSE,FALSE,undefined,undefined,undefined,undefined,app_user
0747,6,25,"TV/Movies, Books, Podcasts",Female,65 or older,undefined,undefined,FALSE,FALSE,"[""Young Adult"",""Self Help"",""Historical Fiction"",""Cooking"",""Classics"",""Whodunit""]",undefined,undefined,undefined,app_user
0748,7,25,Books,Female,18-24,136,7,TRUE,TRUE,"[""Romance"",""Young Adult"",""Teen Romance"",""Romantic Comedies""]",undefined,undefined,undefined,app_user
0749,10,25,TV/Movies,Female,18-24,1269,13,TRUE,FALSE,"[""Romance"",""Comedy"",""Young Adult"",""Fantasy"",""Cookbooks"",""Classics"",""Children's Books"",""Poetry"",""Whodunit"",""Horror"",""Thriller"",""Tearjerkers""]","[""Comedy"",""Romance"",""Crime"",""Family Friendly"",""Thriller"",""Tearjerkers"",""Music"",""Teen"",""Documentary"",""Horror"",""Survival"",""Reality"",""Whodunit"",""Drama""]","[""True Crime"",""Celebrities"",""Relationship"",""Interviews"",""TV & Movies"",""Music"",""History""]",undefined,app_user
0750,10,25,Books,Female,18-24,517,5,TRUE,FALSE,undefined,"[""Comedy"",""Romance"",""Family Friendly"",""Tearjerkers"",""Music"",""Crime"",""Science Fiction"",""Fantasy"",""Teen"",""Documentary"",""LGBTQ+"",""Drama""]","[""Crime"",""True Crime"",""Unsolved Crime"",""Family Friendly"",""News"",""Politics"",""Fiction"",""Music"",""TV & Movies""]",undefined,app_user
0751,null,25,Books,,65 or older,undefined,undefined,FALSE,FALSE,undefined,undefined,undefined,undefined,app_user
0752,7,25,Books,Female,18-24,45,0,FALSE,FALSE,"[""Romance"",""Romantic Comedies"",""Young Adult"",""Teen Romance"",""Coming of Age"",""Fantasy"",""Dark Fantasy"",""Magic"",""Poetry"",""Memoirs"",""Thriller"",""Mystery"",""Comedy"",""Humor"",""Urban Fantasy"",""Psychological Thrillers"",""Self Help"",""Psychology"",""Mental Health"",""Classics"",""Children's Books""]","[""Romance"",""Romantic Comedy"",""Teen Romance"",""Drama"",""Comedy"",""Dark Comedy"",""Stoner Comedy"",""Adult Cartoon"",""Teen"",""High School"",""Superheroes"",""Family Friendly"",""Sitcoms"",""Disney"",""Music"",""Fantasy"",""Magic"",""Action & Adventure"",""Adventure"",""Action"",""Family Dramas""]",undefined,undefined,app_user
0753,6,25,Books,Female,45-54,60,0,FALSE,TRUE,"[""Fantasy"",""Romance"",""Thriller"",""Historical Fiction"",""Science Fiction"",""Mystery"",""Time Travel"",""World War 2"",""Classics"",""British Classics"",""True Crime"",""Whodunit"",""Horror""]","[""Comedy"",""Workplace Comedy"",""British Comedy"",""Dark Comedy"",""Spoofs and Mockumentaries"",""Romantic Comedy"",""Drama"",""British Dramas"",""Period Dramas"",""Courtroom Dramas"",""Crime"",""Dark Crime"",""True Crime"",""Heists"",""Superheroes"",""Comic Book Adaptations"",""Marvel"",""Science Fiction"",""Time Travel"",""Outer Space"",""Action & Adventure"",""Music"",""Reality"",""Competition"",""Home Improvement"",""Documentary"",""Food"",""Docuseries"",""Sports"",""War"",""Whodunit"",""Biopic"",""Romance"",""Thriller"",""Mystery"",""Spy Thrillers""]","[""Crime"",""TV & Movies"",""True Crime"",""Pop Culture"",""History"",""Science & Technology""]",2022-04-23T07:43:24,app_user
0754,4,25,Books,Female,18-24,34,0,FALSE,FALSE,"[""Romance"",""Thriller"",""Mystery"",""Psychological Thrillers""]",undefined,undefined,2022-08-02T10:21:38,app_user
0755,8,25,Books,Female,25-34,4,0,FALSE,FALSE,undefined,"[""Drama"",""Comedy"",""Adult Cartoon"",""Crime"",""Family Friendly"",""Anime"",""Disney""]","[""Crime"",""Comedy"",""True Crime"",""Unsolved Crime"",""Pop Culture"",""Science & Technology""]",2020-05-10T07:02:52,app_user
0756,null,25,Books,,Under 18,32,0,FALSE,FALSE,"[""Romance"",""Romantic Comedies"",""Comedy"",""Horror""]","[""Comedy"",""Romantic Comedy"",""Romance"",""Drama"",""Thriller"",""Suspense""]","[""Comedy"",""Crime"",""True Crime""]",2024-04-13T15:00:21,app_user
0757,8,25,TV/Movies,Male,35-44,72,14,FALSE,TRUE,undefined,"[""Biopic"",""War"",""Political"",""Action & Adventure"",""Action"",""Adventure"",""Science Fiction"",""Superheroes"",""Comic Book Adaptations"",""Thriller"",""Suspense"",""Horror"",""Psychological Thrillers"",""Spy Thrillers"",""Mystery"",""Supernatural"",""Crime"",""Fantasy"",""Mind Bending"",""Magic"",""Shocking Twists"",""Outer Space"",""Zombie"",""Dystopian"",""Time Travel"",""Slasher""]",undefined,undefined,app_user
0758,7,25,TV/Movies,Female,18-24,7,0,FALSE,FALSE,"[""Romance"",""Comedy"",""Young Adult"",""Humor"",""Romantic Comedies"",""Coming of Age"",""Teen Romance""]",undefined,undefined,undefined,app_user
0759,4,25,TV/Movies,Non-binary,45-54,null,null,null,null,null,null,null,null,newsletter
0760,10,25,TV/Movies,Male,55-64,undefined,undefined,FALSE,FALSE,undefined,undefined,undefined,undefined,app_user
0761,6,25,Books,Female,65 or older,undefined,undefined,FALSE,FALSE,"[""Comedy"",""Romance"",""Historical Fiction"",""Whodunit"",""True Crime"",""Thriller"",""Memoirs"",""Tearjerkers""]",undefined,undefined,undefined,app_user
0762,10,25,Books,Female,65 or older,undefined,undefined,FALSE,FALSE,undefined,"[""Comedy"",""Crime"",""Sports"",""Thriller"",""Teen"",""Whodunit"",""Drama""]",undefined,undefined,app_user
0763,7,23,"TV/Movies, Books",Female,25-34,32,1,FALSE,FALSE,"[""Self Help"",""Motivation"",""Memoirs"",""Psychology"",""Mental Health"",""Comedy"",""Humor""]",undefined,undefined,2020-02-19T11:40:33,app_user
0764,9,23,"TV/Movies, Books, Podcasts",Female,18-24,1,undefined,FALSE,FALSE,undefined,undefined,undefined,2022-03-14T19:08:31,app_user
0765,6,23,"TV/Movies, Books",Female,25-34,10,0,FALSE,FALSE,"[""Science Fiction"",""Thriller"",""Classics"",""Psychological Thrillers"",""Mystery""]","[""Drama"",""Comedy"",""Thriller"",""Action & Adventure"",""Science Fiction"",""Psychological Thrillers"",""British Dramas""]","[""Crime"",""True Crime"",""Comedy"",""News"",""Pop Culture"",""History""]",2021-09-28T05:58:08,app_user
0766,8,23,Books,Female,18-24,232,19,TRUE,TRUE,"[""Fantasy"",""Romance"",""Thriller"",""Psychological Thrillers"",""Mystery"",""Historical Fiction"",""Tearjerkers"",""Self Help"",""Whodunit"",""Shocking Twists"",""Young Adult""]",undefined,undefined,2022-02-22T16:30:13,app_user
0767,5,23,"TV/Movies, Books",Female,45-54,24,3,TRUE,FALSE,undefined,undefined,undefined,undefined,app_user
0768,10,23,"TV/Movies, Books",Female,35-44,40,0,FALSE,FALSE,undefined,undefined,undefined,2023-09-02T01:44:54,app_user
0769,10,23,"TV/Movies, Books",Female,65+,30,0,TRUE,TRUE,"[""Romance"",""Historical Fiction"",""World War 2"",""Classics"",""Poetry"",""British Classics"",""Tearjerkers"",""Memoirs""]","[""Comedy"",""Romantic Comedy"",""British Comedy"",""Dark Comedy"",""Drama"",""Romance"",""British Dramas"",""Period Dramas"",""Family Dramas"",""Courtroom Dramas"",""Crime"",""Dark Crime"",""Heists"",""Thriller"",""Spy Thrillers"",""Psychological Thrillers"",""Mystery"",""Action & Adventure"",""Documentary"",""Docuseries"",""Whodunit"",""Political""]",undefined,2022-04-05T07:09:14,app_user
0770,8,23,"TV/Movies, Books",Female,25-34,null,null,null,null,null,null,null,null,newsletter
0771,10,23,TV/Movies,Female,25-34,326,0,TRUE,TRUE,"[""Romance"",""Romantic Comedies"",""Teen Romance"",""Fantasy"",""Magic"",""Dark Fantasy"",""Urban Fantasy"",""High Fantasy"",""Epic Fantasy"",""Young Adult"",""Comedy"",""Humor"",""Thriller"",""Shocking Twists"",""Psychological Thrillers"",""Spy Thrillers"",""Mystery"",""Science Fiction"",""Dystopian Fiction"",""Time Travel"",""Outer Space"",""Classics"",""Horror"",""Slasher"",""Paranormal"",""True Crime"",""Tearjerkers"",""Self Help"",""Mental Health"",""Motivation"",""Psychology"",""Poetry"",""LGBTQ+"",""Whodunit"",""Cooking"",""Memoirs""]","[""Comedy"",""Romantic Comedy"",""Workplace Comedy"",""Stoner Comedy"",""British Comedy"",""Dark Comedy"",""Spoofs and Mockumentaries"",""Adult Cartoon"",""Romance"",""Drama"",""Tearjerkers"",""Crime"",""True Crime"",""Dark Crime"",""Heists"",""Vigilante"",""Fantasy"",""Mind Bending"",""Thriller"",""Suspense"",""Shocking Twists"",""Psychological Thrillers"",""Mystery"",""Spy Thrillers"",""Horror"",""Supernatural"",""Slasher"",""Family Friendly"",""Disney"",""Sitcoms"",""Science Fiction"",""Outer Space"",""Time Travel"",""Robots"",""Zombie"",""Dystopian"",""Alien"",""Music"",""Reality"",""Reality Dating"",""Food"",""Documentary"",""Docuseries"",""Survival"",""Post Apocalyptic"",""War"",""Whodunit"",""Biopic""]","[""Comedy"",""Comedian"",""Crime"",""True Crime"",""Unsolved Crime"",""TV & Movies"",""Relationship"",""Love"",""Dating"",""Music"",""Pop Culture"",""Society & Culture"",""Celebrities"",""History"",""Interviews"",""Science & Technology"",""Science"",""Technology""]",undefined,app_user
0772,10,23,"TV/Movies, Books",Female,55-64,7,1,TRUE,FALSE,"[""Historical Fiction"",""Comedy"",""Young Adult"",""Romance"",""World War 2"",""Memoirs"",""Teen Romance"",""Coming of Age"",""Romantic Comedies""]","[""Romance""]",undefined,2022-04-05T10:54:14,app_user
0773,6,23,Books,Female,45-54,926,15,TRUE,TRUE,"[""Young Adult"",""Teen Romance"",""Fantasy"",""Magic"",""Thriller"",""Shocking Twists"",""Psychological Thrillers"",""Mystery"",""Classics"",""British Classics""]","[""Comedy"",""Romance"",""Drama"",""Crime"",""Thriller"",""Mystery"",""Shocking Twists"",""Family Friendly"",""Disney"",""Sitcoms"",""British Dramas""]",undefined,2021-06-10T20:56:42,app_user
0774,10,23,"TV/Movies, Books",Female,55-64,1468,6,TRUE,TRUE,"[""Romance"",""Romantic Comedies"",""Teen Romance"",""Comedy"",""Humor"",""Thriller"",""Shocking Twists"",""Psychological Thrillers"",""Mystery"",""Historical Fiction"",""Whodunit""]","[""Comedy"",""Romantic Comedy"",""British Comedy"",""Dark Comedy"",""Spoofs and Mockumentaries"",""Romance"",""Crime""]",undefined,undefined,app_user
0775,8,23,"TV/Movies, Books",Female,25-34,18,9,TRUE,TRUE,"[""Fantasy"",""High Fantasy"",""Dark Fantasy"",""Magic"",""LGBTQ+"",""True Crime"",""Horror"",""Paranormal"",""Whodunit"",""Cooking"",""Cookbooks"",""Memoirs"",""Poetry"",""Science Fiction"",""Historical Fiction"",""Classics"",""British Classics"",""Thriller"",""Psychological Thrillers"",""Mystery"",""Comedy"",""Humor"",""Young Adult"",""Coming of Age""]","[""Comedy"",""Dark Comedy"",""British Comedy"",""Adult Cartoon"",""Crime"",""True Crime"",""Science Fiction"",""Anime"",""Outer Space"",""Robots"",""Action & Adventure"",""Adventure"",""Music"",""Documentary"",""Docuseries"",""Survival"",""LGBTQ+"",""Whodunit"",""Biopic""]",undefined,undefined,app_user
0776,8,23,"TV/Movies, Books",Female,25-34,6,0,FALSE,FALSE,undefined,undefined,undefined,2020-03-25T21:46:02,app_user
0777,8,23,"TV/Movies, Books",Female,18-24,2179,10,FALSE,FALSE,undefined,undefined,undefined,undefined,app_user
0778,9,23,"TV/Movies, Books",Female,18-24,60,0,FALSE,FALSE,"[""Romance"",""Young Adult"",""Fantasy"",""Dark Fantasy"",""Magic""]","[""Documentary"",""Romance"",""Comedy"",""Drama"",""Crime"",""Vigilante"",""Fantasy"",""Magic"",""Superheroes"",""Whodunit"",""Docuseries"",""Action & Adventure"",""Action"",""Adventure"",""Marvel"",""Science Fiction"",""Time Travel"",""Dystopian"",""Zombie"",""Heists"",""Dark Comedy"",""Workplace Comedy""]",undefined,2021-04-30T13:16:16,app_user
0779,7,23,Books,Male,65+,10,8,FALSE,FALSE,"[""Science Fiction"",""Fantasy"",""Outer Space"",""Time Travel"",""Historical Fiction"",""Classics"",""Thriller"",""Spy Thrillers"",""Whodunit""]",undefined,undefined,2023-01-27T19:39:42,app_user
0780,9,23,Books,Female,45-54,6,0,FALSE,FALSE,"[""Young Adult"",""Thriller""]",undefined,undefined,2021-12-19T19:20:36,app_user
0781,10,23,"TV/Movies, Books",Female,25-34,32,1,FALSE,FALSE,"[""Fantasy"",""High Fantasy"",""Dark Fantasy"",""Romance"",""Romantic Comedies"",""Teen Romance"",""Young Adult"",""Coming of Age"",""Science Fiction"",""Dystopian Fiction"",""Whodunit"",""Tearjerkers"",""Horror"",""Time Travel"",""Outer Space"",""Paranormal"",""True Crime"",""Comedy"",""Comedian"",""Humor"",""Thriller"",""Psychological Thrillers"",""Shocking Twists"",""Spy Thrillers"",""Mystery"",""Epic Fantasy"",""Urban Fantasy"",""Magic"",""LGBTQ+"",""Poetry"",""Cooking"",""Slasher"",""Historical Fiction""]","[""Comedy"",""Romance"",""Crime"",""Music"",""Thriller"",""Family Friendly"",""Tearjerkers"",""Science Fiction"",""Fantasy"",""Superheroes"",""Teen"",""Anime"",""War"",""Horror"",""Western"",""Survival"",""Reality"",""LGBTQ+"",""Whodunit"",""Drama""]","[""True Crime"",""Celebrities"",""Comedy"",""Fiction"",""Relationship"",""TV & Movies"",""Music""]",undefined,app_user
0782,8,23,"TV/Movies, Books, Podcasts",Male,18-24,304,13,FALSE,TRUE,undefined,undefined,undefined,undefined,app_user
0783,10,23,"TV/Movies, Books, Podcasts",Female,18-24,99,0,TRUE,TRUE,"[""Fantasy"",""Magic"",""High Fantasy"",""Epic Fantasy"",""Romance"",""Young Adult"",""Science Fiction"",""Dystopian Fiction"",""Historical Fiction"",""True Crime""]","[""Comedy"",""Fantasy"",""Action & Adventure"",""Science Fiction"",""Romance"",""Romantic Comedy"",""Epic Fantasy"",""Magic"",""Superheroes"",""Comic Book Adaptations"",""Marvel"",""Family Friendly"",""Disney"",""Sitcoms"",""Action"",""Adventure"",""Documentary"",""Sports"",""Football"",""Martial Arts""]","[""Comedy"",""Crime"",""True Crime"",""TV & Movies"",""Relationship"",""Love"",""Pop Culture"",""Society & Culture"",""Celebrities"",""History"",""Fiction"",""Health & Fitness"",""Interviews"",""Family Friendly"",""Science & Technology""]",2022-01-23T07:58:32,app_user
0784,7,23,"TV/Movies, Books, Podcasts",Male,25-34,2347,2,FALSE,FALSE,undefined,undefined,undefined,2020-05-02T05:42:29,app_user
0785,10,23,Books,Female,25-34,26,0,FALSE,FALSE,"[""Romance"",""Romantic Comedies"",""Fantasy"",""Teen Romance""]",undefined,undefined,2022-06-20T13:38:17,app_user
0786,4,23,"TV/Movies, Books",Female,35-44,3,0,FALSE,FALSE,"[""Romance"",""Thriller"",""Psychological Thrillers"",""Teen Romance"",""Shocking Twists""]","[""Drama"",""Thriller"",""Crime"",""True Crime"",""Heists"",""Psychological Thrillers"",""Reality"",""Romance""]","[""Crime"",""Unsolved Crime"",""TV & Movies"",""Pop Culture"",""Celebrities""]",2021-11-05T16:45:55,app_user
0787,8,23,"TV/Movies, Books, Podcasts",Female,25-34,18,0,FALSE,FALSE,undefined,undefined,undefined,2020-08-02T11:44:27,app_user
0788,7,23,Books,Female,18-24,12,0,FALSE,FALSE,"[""Romance"",""Thriller"",""Romantic Comedies"",""Mystery"",""Teen Romance""]",undefined,undefined,2022-03-31T14:53:43,app_user
0789,7,23,Books,Female,25-34,9,0,FALSE,FALSE,"[""Romance"",""Children's Books"",""Romantic Comedies"",""Science Fiction"",""Comedy"",""Books for Kids"",""Cooking""]",undefined,undefined,2022-04-10T18:48:28,app_user
0790,10,23,"Books, Podcasts",Female,35-44,8,0,FALSE,FALSE,"[""Comedy"",""Romance"",""Romantic Comedies"",""Cooking""]",undefined,undefined,2022-02-04T20:05:49,app_user
0791,4,23,Books,Male,45-54,10,0,FALSE,FALSE,undefined,undefined,undefined,2020-02-26T19:44:41,app_user
0792,7,23,Books,Prefer not to answer,25-34,4,0,FALSE,FALSE,"[""Young Adult"",""Science Fiction"",""Dystopian Fiction"",""Horror"",""Self Help"",""Mental Health"",""Psychology"",""LGBTQ+""]","[""Comedy"",""Crime"",""Superheroes"",""Thriller"",""Science Fiction"",""Family Friendly"",""LGBTQ+"",""Documentary"",""Action & Adventure""]",undefined,2022-04-14T06:54:46,app_user
0793,10,23,TV/Movies,Female,25-34,21,0,TRUE,FALSE,undefined,"[""Documentary"",""Drama"",""Reality"",""Political"",""Music"",""Thriller"",""Romance"",""Comedy"",""Crime"",""Science Fiction"",""Fantasy"",""Biopic""]",undefined,2020-09-03T15:05:07,app_user
0794,10,23,Books,Female,55-64,55,1,TRUE,TRUE,"[""Romance"",""Comedy""]","[""Comedy"",""British Comedy"",""Dark Comedy"",""Drama"",""British Dramas"",""Courtroom Dramas"",""Reality"",""Food"",""Home Improvement""]",undefined,2022-09-07T12:48:54,app_user
0795,7,23,"TV/Movies, Books, Podcasts",Female,25-34,27,0,TRUE,TRUE,"[""Romance"",""Young Adult"",""Thriller"",""Shocking Twists"",""Psychological Thrillers"",""Mystery"",""True Crime"",""Self Help"",""Motivation"",""Mental Health"",""Psychology"",""Whodunit"",""Teen Romance"",""Romantic Comedies""]","[""Romance"",""Romantic Comedy"",""Thriller"",""Drama"",""Family Dramas"",""Courtroom Dramas"",""Crime"",""True Crime"",""Heists"",""Suspense"",""Shocking Twists"",""Psychological Thrillers"",""Mystery"",""Spy Thrillers"",""Family Friendly"",""Action & Adventure"",""Reality"",""Reality Dating"",""Competition"",""Home Improvement"",""Whodunit"",""Teen Romance""]",undefined,2022-06-23T13:16:26,app_user
0796,7,23,Books,Female,25-34,6,0,FALSE,FALSE,"[""Romance"",""Romantic Comedies"",""Historical Fiction"",""Thriller""]",undefined,undefined,2023-01-02T14:22:58,app_user
0797,8,23,"TV/Movies, Books",Female,35-44,53,0,FALSE,FALSE,"[""Historical Fiction"",""Classics"",""Self Help"",""Motivation"",""Whodunit"",""Business"",""Entrepreneurship"",""Leadership"",""Fantasy"",""British Classics"",""Magic"",""Epic Fantasy""]","[""Comedy"",""British Comedy"",""Romantic Comedy"",""Drama"",""British Dramas"",""Period Dramas"",""Fantasy"",""Epic Fantasy"",""Magic"",""Mind Bending"",""Superheroes"",""Marvel"",""Family Friendly"",""Disney"",""Sitcoms"",""Science Fiction"",""Outer Space"",""Time Travel"",""Robots"",""Action & Adventure"",""Action"",""Adventure"",""Whodunit""]","[""Comedy"",""Interviews"",""Business""]",2021-06-17T10:43:07,app_user
0798,9,23,"TV/Movies, Books, Podcasts",Non-binary,18-24,3,0,FALSE,FALSE,"[""Fantasy"",""Urban Fantasy"",""Dark Fantasy"",""Young Adult"",""Epic Fantasy"",""Romance"",""Teen Romance"",""Coming of Age"",""Science Fiction"",""Dystopian Fiction"",""LGBTQ+"",""Poetry"",""Children's Books"",""Books for Kids"",""Magic"",""High Fantasy"",""Romantic Comedies"",""Comedy"",""Comedian"",""Humor""]","[""Comedy"",""Workplace Comedy"",""Romantic Comedy"",""Fantasy"",""Epic Fantasy"",""Science Fiction"",""Dystopian"",""LGBTQ+""]",undefined,2023-01-04T10:18:34,app_user
0799,8,23,Books,Female,25-34,10,0,FALSE,FALSE,"[""Romance"",""Romantic Comedies"",""Historical Fiction"",""Tearjerkers"",""Cooking""]",undefined,undefined,2022-05-21T15:36:52,app_user
0800,8,23,"TV/Movies, Books",Female,35-44,null,null,null,null,null,null,null,null,newsletter
0801,7,23,"TV/Movies, Books",Female,35-44,289,2,FALSE,FALSE,undefined,undefined,undefined,2020-04-29T21:57:24,app_user
0802,10,23,"TV/Movies, Books",Female,55-64,80,5,FALSE,FALSE,undefined,undefined,undefined,2019-06-25T10:20:37,app_user
0803,8,23,Books,Female,25-34,6,0,FALSE,FALSE,"[""Thriller"",""Fantasy"",""Dark Fantasy"",""Psychological Thrillers"",""Shocking Twists"",""Mystery"",""Tearjerkers"",""Romance""]",undefined,undefined,2022-11-26T01:18:43,app_user
0804,3,23,Books,Female,55-64,16,0,TRUE,FALSE,"[""Historical Fiction"",""Romance"",""Fantasy"",""Magic""]",undefined,undefined,undefined,app_user
0805,7,23,"TV/Movies, Books",Female,55-64,13,0,FALSE,FALSE,"[""Romance"",""Romantic Comedies"",""Young Adult"",""Thriller"",""Shocking Twists"",""Psychological Thrillers"",""Mystery"",""Historical Fiction"",""Classics"",""World War 2"",""True Crime"",""Whodunit""]","[""Comedy"",""Romantic Comedy"",""British Comedy"",""Dark Comedy"",""Romance"",""Drama"",""Family Dramas"",""Courtroom Dramas"",""Tearjerkers"",""Crime"",""True Crime"",""Thriller"",""Suspense"",""Shocking Twists"",""Psychological Thrillers"",""Documentary"",""Docuseries"",""War"",""Whodunit""]",undefined,2022-04-13T22:39:44,app_user
0806,8,23,"TV/Movies, Books",Female,18-24,10,0,FALSE,FALSE,"[""Fantasy"",""Magic"",""Dark Fantasy"",""Epic Fantasy"",""Romance"",""Romantic Comedies"",""Teen Romance"",""Young Adult"",""Coming of Age"",""Urban Fantasy"",""High Fantasy"",""Humor"",""Science Fiction"",""Dystopian Fiction"",""Time Travel"",""Historical Fiction"",""World War 2"",""Classics"",""British Classics"",""True Crime"",""Tearjerkers"",""Poetry"",""LGBTQ+"",""Whodunit""]","[""Romance"",""Romantic Comedy"",""Teen Romance"",""Drama"",""British Dramas"",""Period Dramas"",""Tearjerkers"",""Crime"",""Dark Crime"",""True Crime"",""Vigilante"",""Teen"",""High School"",""Fantasy"",""Epic Fantasy"",""Magic"",""Mind Bending"",""Superheroes"",""Comic Book Adaptations"",""Heists"",""Family Friendly"",""Sitcoms"",""Disney"",""Science Fiction"",""Time Travel"",""Dystopian"",""Action & Adventure"",""Adventure"",""Music"",""Documentary"",""Survival"",""Docuseries"",""LGBTQ+"",""Whodunit"",""Comedy"",""Family Dramas"",""Courtroom Dramas"",""Workplace Comedy"",""British Comedy"",""Spoofs and Mockumentaries""]",undefined,2021-08-18T12:06:06,app_user
0807,8,23,"TV/Movies, Books",Female,25-34,null,null,null,null,null,null,null,null,newsletter
0808,8,23,"TV/Movies, Books",Female,25-34,465,2,TRUE,TRUE,"[""Romance"",""Comedy"",""True Crime"",""Romantic Comedies"",""Classics"",""British Classics"",""Tearjerkers"",""Memoirs"",""Teen Romance""]","[""Comedy"",""British Comedy"",""Documentary"",""Whodunit"",""True Crime"",""Anime"",""Superheroes"",""Marvel"",""Crime"",""Romance"",""Drama"",""Family Dramas"",""British Dramas"",""Dark Comedy""]","[""Comedy"",""Crime"",""True Crime"",""Unsolved Crime"",""Pop Culture""]",undefined,app_user
0809,7,23,"TV/Movies, Books",Non-binary,18-24,19,15,TRUE,TRUE,"[""LGBTQ+"",""Comedy"",""Young Adult"",""Coming of Age"",""Teen Romance"",""Fantasy"",""Romance"",""Romantic Comedies""]","[""Comedy"",""LGBTQ+""]",undefined,undefined,app_user
0810,7,23,Books,Female,25-34,957,0,TRUE,TRUE,"[""Romance"",""Romantic Comedies"",""Teen Romance"",""Young Adult"",""Comedy"",""Cooking"",""Cookbooks"",""Holiday Cookbooks"",""Self Help"",""Motivation"",""Mental Health"",""Fantasy"",""Psychology""]","[""Comedy"",""Romantic Comedy"",""Workplace Comedy"",""Romance"",""Teen Romance"",""Teen"",""Fantasy"",""Superheroes"",""Magic"",""Family Friendly"",""Disney"",""Sitcoms"",""Action & Adventure"",""Music"",""Documentary""]","[""Comedy"",""Relationship"",""Music"",""Pop Culture"",""Family Friendly"",""Parenting"",""Health & Fitness""]",undefined,app_user
0811,9,23,"TV/Movies, Books",Female,25-34,2,0,FALSE,FALSE,"[""Young Adult"",""Teen Romance"",""Comedy"",""Historical Fiction"",""World War 2"",""Poetry"",""Memoirs"",""Children's Books"",""Books for Kids"",""Sports"",""Classics"",""British Classics"",""Romance"",""Romantic Comedies"",""Fantasy""]","[""Comedy"",""Workplace Comedy"",""British Comedy"",""Romance"",""Music"",""Documentary"",""Docuseries"",""Sports"",""Baseball"",""Basketball"",""Football"",""Biopic"",""Superheroes"",""Marvel"",""Family Friendly"",""Disney"",""Sitcoms"",""Action & Adventure"",""Romantic Comedy"",""Adult Cartoon"",""Teen"",""Drama"",""British Dramas"",""Period Dramas""]",undefined,2021-06-28T19:16:12,app_user
0812,6,23,"TV/Movies, Books, Podcasts",Female,25-34,47,0,FALSE,FALSE,undefined,undefined,undefined,undefined,app_user
0813,8,23,"TV/Movies, Books",Male,25-34,11,0,FALSE,FALSE,"[""Fantasy"",""Thriller"",""Science Fiction"",""Dystopian Fiction"",""Time Travel"",""Outer Space"",""Historical Fiction"",""Classics"",""Epic Fantasy""]",undefined,undefined,2021-05-16T21:16:56,app_user
0814,7,23,Books,Female,18-24,undefined,0,FALSE,FALSE,undefined,undefined,undefined,undefined,app_user
0815,4,23,Books,Female,35-44,15,0,TRUE,TRUE,"[""Romance"",""Thriller"",""Psychological Thrillers"",""Romantic Comedies"",""Young Adult"",""Shocking Twists"",""Mystery"",""Tearjerkers"",""Whodunit""]",undefined,"[""Crime""]",2021-12-08T18:34:52,app_user
0816,10,23,"TV/Movies, Books",Female,45-54,471,2,TRUE,TRUE,"[""Fantasy"",""Magic"",""High Fantasy"",""Urban Fantasy"",""Dark Fantasy"",""Epic Fantasy"",""Romance"",""Romantic Comedies"",""Young Adult"",""Coming of Age"",""Comedy"",""Humor"",""Thriller"",""Shocking Twists"",""Psychological Thrillers"",""Mystery"",""Science Fiction"",""Dystopian Fiction"",""Time Travel"",""Historical Fiction"",""World War 2"",""Classics"",""British Classics"",""True Crime"",""Self Help"",""Mental Health"",""Motivation"",""Psychology"",""Poetry"",""LGBTQ+"",""Children's Books"",""Memoirs"",""Books for Kids""]","[""Comedy"",""British Comedy"",""Dark Comedy"",""Romantic Comedy"",""Romance"",""Drama"",""Family Dramas"",""British Dramas"",""Period Dramas"",""Courtroom Dramas"",""Crime"",""Dark Crime"",""True Crime"",""Thriller"",""Suspense"",""Psychological Thrillers"",""Mystery"",""Science Fiction"",""Time Travel"",""Robots"",""Dystopian"",""Black Cinema"",""Reality"",""Reality Dating"",""Competition"",""Home Improvement"",""Documentary"",""Food"",""Docuseries"",""LGBTQ+""]","[""Comedy"",""Crime"",""TV & Movies"",""True Crime"",""Unsolved Crime"",""Relationship"",""Love"",""Dating"",""Pop Culture"",""Celebrities"",""Society & Culture"",""Fiction"",""Interviews"",""News""]",2021-08-25T15:05:30,app_user
0817,8,23,"TV/Movies, Books",Female,25-34,39,1,FALSE,FALSE,"[""Business""]","[""Comedy"",""Romantic Comedy"",""Thriller"",""Psychological Thrillers"",""Shocking Twists"",""Mystery"",""Anime"",""Black Cinema"",""Action & Adventure"",""Action"",""Adventure"",""LGBTQ+"",""War"",""Romance"",""Drama"",""Tearjerkers"",""Adult Cartoon"",""Teen Romance"",""Family Dramas"",""Crime"",""Fantasy"",""Suspense"",""Science Fiction"",""Zombie"",""Dystopian"",""Survival"",""Post Apocalyptic"",""Documentary""]","[""Crime"",""Unsolved Crime"",""True Crime"",""Relationship"",""Love""]",2022-03-02T15:24:22,app_user
0818,8,23,"TV/Movies, Books",Female,18-24,3,0,FALSE,FALSE,"[""Young Adult"",""Teen Romance"",""Coming of Age"",""LGBTQ+"",""Romance"",""Romantic Comedies"",""Science Fiction"",""Dystopian Fiction"",""Outer Space""]","[""Romance"",""Teen Romance"",""Teen"",""Superheroes"",""High School"",""Comic Book Adaptations"",""Marvel"",""Science Fiction"",""Dystopian"",""Anime"",""Outer Space"",""Music"",""LGBTQ+""]","[""Music"",""TV & Movies"",""Relationship"",""Love"",""Family Friendly""]",undefined,app_user
0819,7,23,Books,Female,18-24,4,0,FALSE,FALSE,"[""Young Adult""]",undefined,undefined,2020-11-10T17:52:09,app_user
0820,10,23,"TV/Movies, Books",Female,45-54,6,0,FALSE,FALSE,"[""Romance"",""Comedy"",""Humor"",""Comedian"",""Romantic Comedies"",""Classics"",""Self Help"",""Mental Health"",""Psychology"",""Motivation"",""Cooking"",""Cookbooks"",""Memoirs"",""Tearjerkers""]","[""Comedy"",""Romantic Comedy"",""Workplace Comedy"",""Romance"",""Drama"",""Tearjerkers"",""Crime"",""Action & Adventure"",""Music"",""Action"",""Adventure"",""Documentary""]","[""Comedy"",""Relationship"",""Health & Fitness"",""Mental Health"",""Self Help"",""Fiction"",""Music"",""Love"",""TV & Movies"",""Comedian""]",2022-06-10T13:01:10,app_user
0821,7,23,"TV/Movies, Books",Female,55-64,112,0,TRUE,TRUE,"[""Romance"",""Young Adult"",""Coming of Age"",""Science Fiction"",""Dystopian Fiction"",""Thriller"",""Shocking Twists"",""Horror"",""Slasher"",""Paranormal"",""Tearjerkers"",""Teen Romance"",""Romantic Comedies"",""Fantasy"",""Magic"",""Dark Fantasy"",""Epic Fantasy""]","[""Comedy"",""Romantic Comedy"",""Dark Comedy"",""Drama"",""Family Dramas"",""Period Dramas"",""Tearjerkers"",""Fantasy"",""Magic"",""Epic Fantasy"",""Mind Bending"",""Superheroes"",""Comic Book Adaptations"",""Marvel"",""Thriller"",""Suspense"",""Shocking Twists"",""Psychological Thrillers"",""Mystery"",""Horror"",""Supernatural"",""Slasher"",""Family Friendly"",""Sitcoms"",""Disney"",""Action & Adventure"",""Action"",""Adventure"",""Reality"",""Music"",""Reality Dating"",""Competition"",""Food"",""Documentary"",""Survival"",""Post Apocalyptic"",""Western"",""Crime"",""True Crime"",""Heists"",""Dark Crime"",""Science Fiction"",""Zombie"",""Time Travel""]",undefined,2021-08-12T02:42:03,app_user
0822,7,23,"TV/Movies, Books",Female,25-34,32,0,FALSE,FALSE,undefined,undefined,undefined,2019-12-07T21:03:16,app_user
0823,6,23,"TV/Movies, Books",Female,35-44,146,0,TRUE,TRUE,"[""Romance"",""Fantasy"",""Historical Fiction"",""Poetry"",""Whodunit"",""Memoirs"",""Magic"",""High Fantasy"",""Dark Fantasy"",""Epic Fantasy"",""Romantic Comedies"",""Thriller"",""Psychological Thrillers"",""Spy Thrillers"",""Classics"",""Mental Health"",""Psychology"",""LGBTQ+"",""Children's Books"",""Books for Kids""]","[""Comedy"",""Workplace Comedy"",""Romantic Comedy"",""Romance"",""Drama"",""Family Dramas"",""British Dramas"",""Period Dramas"",""Courtroom Dramas"",""Tearjerkers"",""Fantasy"",""Magic"",""Thriller"",""Psychological Thrillers"",""Mystery"",""Spy Thrillers"",""Family Friendly"",""Sitcoms"",""Disney"",""Black Cinema"",""Adventure"",""Documentary"",""Docuseries"",""Survival"",""Post Apocalyptic"",""Dystopian"",""LGBTQ+"",""Political""]","[""Relationship"",""Love"",""Comedy"",""History"",""Fiction"",""Health & Fitness"",""Mental Health"",""Parenting"",""Family Friendly"",""Meditation"",""Kids""]",undefined,app_user
0824,10,23,"TV/Movies, Books",Female,55-64,12,0,FALSE,FALSE,"[""Romance"",""Historical Fiction"",""Cooking"",""Cookbooks"",""Holiday Cookbooks"",""Memoirs"",""Thriller"",""Shocking Twists"",""Psychological Thrillers"",""Mystery""]","[""Comedy"",""Romantic Comedy"",""Romance"",""Drama"",""Family Dramas"",""Period Dramas"",""Courtroom Dramas"",""Tearjerkers"",""Action & Adventure"",""Action"",""Adventure"",""Music"",""Documentary"",""Docuseries"",""Political"",""Biopic""]","[""Comedy"",""Comedian"",""TV & Movies"",""Music"",""Pop Culture"",""Celebrities"",""Society & Culture"",""Health & Fitness""]",2021-08-01T04:24:33,app_user
0825,7,23,"TV/Movies, Books",Female,18-24,585,0,FALSE,TRUE,undefined,undefined,undefined,undefined,app_user
0826,8,23,Books,Female,55-64,6,0,FALSE,FALSE,undefined,undefined,undefined,2020-04-22T10:52:38,app_user
0827,7,23,"TV/Movies, Books",Male,25-34,151,2,FALSE,FALSE,undefined,undefined,undefined,2020-02-13T14:12:18,app_user
0828,10,23,Books,Female,18-24,23,3,TRUE,TRUE,"[""LGBTQ+"",""Romance"",""Young Adult"",""Coming of Age"",""Teen Romance"",""Fantasy"",""Magic"",""Urban Fantasy"",""Romantic Comedies"",""Science Fiction"",""Dystopian Fiction"",""Time Travel""]",undefined,undefined,2022-04-20T13:54:35,app_user
0829,10,23,"TV/Movies, Books",Female,45-54,28,0,FALSE,TRUE,"[""Fantasy"",""Magic"",""Romance"",""Historical Fiction"",""Memoirs"",""Romantic Comedies"",""Classics""]","[""Comedy"",""Romance"",""Crime"",""Documentary"",""Reality"",""Drama"",""Action & Adventure""]","[""Crime"",""Comedy"",""History"",""Health & Fitness"",""Mental Health"",""Beauty""]",2021-07-05T16:16:40,app_user
0830,10,23,"TV/Movies, Books",Female,35-44,63,0,TRUE,TRUE,"[""Romance"",""Tearjerkers"",""Romantic Comedies"",""Young Adult"",""Thriller"",""Psychological Thrillers"",""Shocking Twists"",""Mystery""]","[""Comedy"",""Romantic Comedy"",""Romance"",""Drama"",""Family Dramas"",""Documentary"",""Whodunit""]",undefined,2021-04-29T20:14:50,app_user
0831,8,23,"TV/Movies, Books, Podcasts",Female,45-54,3,0,FALSE,FALSE,"[""Romance"",""Comedy"",""Historical Fiction"",""Memoirs"",""Science Fiction"",""Thriller"",""Humor"",""Mystery"",""Time Travel""]","[""Comedy"",""Romantic Comedy"",""British Comedy"",""Spoofs and Mockumentaries"",""Romance"",""Family Friendly"",""Disney"",""Science Fiction"",""Time Travel"",""Outer Space"",""Music"",""Documentary"",""Workplace Comedy"",""Sitcoms""]",undefined,undefined,app_user
0832,6,23,Books,Female,25-34,14,1,TRUE,FALSE,"[""Memoirs"",""Whodunit"",""Science Fiction"",""Time Travel"",""Historical Fiction"",""Comedy"",""Romance"",""Romantic Comedies""]",undefined,undefined,2021-03-22T15:54:01,app_user
0833,6,23,"TV/Movies, Books, Podcasts",Female,45-54,491,0,FALSE,FALSE,"[""Whodunit""]","[""Comedy"",""Crime"",""Thriller"",""Western"",""Whodunit""]","[""True Crime""]",2020-09-10T21:17:45,app_user
0834,9,23,"TV/Movies, Books",Female,35-44,6,0,TRUE,FALSE,"[""Fantasy"",""Romance"",""Romantic Comedies"",""Teen Romance"",""Coming of Age"",""Comedy"",""Thriller"",""Shocking Twists"",""Mystery"",""Historical Fiction"",""Classics""]","[""Comedy"",""Romantic Comedy"",""Workplace Comedy"",""British Comedy"",""Spoofs and Mockumentaries"",""Romance"",""Teen Romance"",""Drama"",""Family Dramas"",""British Dramas"",""Period Dramas"",""Courtroom Dramas"",""Crime"",""Teen"",""High School"",""Superheroes"",""Marvel"",""Thriller"",""Suspense"",""Shocking Twists"",""Psychological Thrillers"",""Mystery"",""Spy Thrillers"",""Science Fiction"",""Time Travel"",""Dystopian"",""Action & Adventure"",""Action"",""Adventure"",""Music"",""Food""]",undefined,2021-09-06T12:05:00,app_user
0835,8,23,"TV/Movies, Books, Podcasts",Male,55-64,17,undefined,FALSE,FALSE,undefined,undefined,undefined,2022-04-30T02:30:06,app_user
0836,10,23,"TV/Movies, Books",Female,35-44,11,0,FALSE,FALSE,"[""Romance"",""Romantic Comedies"",""Teen Romance"",""Thriller"",""Comedy"",""Humor"",""Shocking Twists"",""Psychological Thrillers"",""Mystery"",""Whodunit""]","[""Comedy"",""Romantic Comedy"",""Workplace Comedy"",""Dark Comedy"",""Spoofs and Mockumentaries"",""Adult Cartoon"",""Romance"",""Drama"",""Family Dramas"",""Courtroom Dramas"",""Crime"",""Heists"",""Thriller"",""Shocking Twists"",""Psychological Thrillers"",""Mystery"",""Reality"",""Reality Dating"",""Competition"",""Whodunit"",""Political""]",undefined,2021-03-23T18:47:17,app_user
0837,6,23,Books,Female,25-34,17,0,FALSE,TRUE,"[""Romance"",""Romantic Comedies"",""Historical Fiction""]","[""Romance"",""Romantic Comedy"",""Drama"",""Family Friendly"",""Action & Adventure"",""Tearjerkers"",""British Dramas""]",undefined,undefined,app_user
0838,7,23,"TV/Movies, Books",Female,25-34,15,0,FALSE,FALSE,undefined,undefined,undefined,2020-01-03T11:23:52,app_user
0839,10,23,"Books, Podcasts",Female,18-24,61,0,FALSE,FALSE,undefined,undefined,"[""Crime"",""Unsolved Crime"",""History"",""Fiction"",""Comedy"",""Interviews"",""Health & Fitness"",""Science & Technology""]",undefined,app_user
0840,7,23,Books,Female,25-34,14,0,FALSE,FALSE,"[""Romance"",""Romantic Comedies"",""Young Adult"",""Teen Romance"",""Thriller"",""Shocking Twists"",""Horror"",""True Crime"",""Mystery""]",undefined,undefined,2022-10-05T04:07:16,app_user
0841,10,23,"TV/Movies, Books",Female,65+,34,1,TRUE,TRUE,"[""Romance"",""Thriller"",""Shocking Twists"",""Psychological Thrillers"",""Mystery"",""Tearjerkers"",""Romantic Comedies""]","[""Comedy"",""Romantic Comedy"",""Thriller"",""Suspense"",""Shocking Twists"",""Psychological Thrillers"",""Mystery""]",undefined,2022-06-01T10:53:44,app_user
0842,10,23,"TV/Movies, Books",Female,55-64,96,1,TRUE,FALSE,"[""Thriller"",""Shocking Twists"",""Psychological Thrillers"",""Mystery"",""Historical Fiction"",""Classics"",""Horror"",""British Classics"",""Romance"",""Comedy"",""Memoirs""]",undefined,"[""Comedy"",""Crime"",""True Crime"",""Pop Culture"",""Celebrities"",""Health & Fitness"",""Beauty"",""Interviews"",""Society & Culture"",""Unsolved Crime"",""TV & Movies""]",2020-07-05T21:33:49,app_user
0843,6,23,Books,Female,25-34,null,null,null,null,null,null,null,null,newsletter
0844,7,23,"TV/Movies, Books, Podcasts",Female,25-34,293,1,TRUE,FALSE,undefined,"[""Comedy"",""Romantic Comedy"",""Workplace Comedy"",""British Comedy"",""Dark Comedy"",""Spoofs and Mockumentaries"",""Romance"",""Drama"",""British Dramas"",""Family Dramas"",""Period Dramas"",""Courtroom Dramas"",""Tearjerkers"",""Crime"",""Dark Crime"",""True Crime"",""Fantasy"",""Epic Fantasy"",""Thriller"",""Suspense"",""Shocking Twists"",""Psychological Thrillers"",""Mystery"",""Horror"",""Supernatural"",""Slasher"",""Family Friendly"",""Sitcoms"",""Action & Adventure"",""Adventure"",""Documentary"",""Docuseries"",""War"",""Political"",""Biopic"",""Whodunit""]",undefined,2021-03-15T11:04:46,app_user
0845,6,23,"TV/Movies, Books",Female,25-34,147,1,TRUE,TRUE,"[""Romance"",""Young Adult"",""Thriller"",""Psychological Thrillers""]","[""Comedy"",""Romantic Comedy"",""Workplace Comedy"",""Drama"",""Romance"",""Thriller"",""Shocking Twists"",""Psychological Thrillers"",""Mystery"",""Action & Adventure""]",undefined,2022-02-15T04:36:42,app_user
0846,8,23,Books,Female,65+,86,1,TRUE,TRUE,"[""Romance"",""Young Adult"",""Comedy"",""Coming of Age"",""Science Fiction"",""Memoirs"",""Comedian""]","[""Romance"",""Fantasy"",""Romantic Comedy""]",undefined,undefined,app_user
0847,10,23,"TV/Movies, Books, Podcasts",Female,45-54,48,1,FALSE,FALSE,"[""True Crime"",""Self Help"",""Mental Health"",""Motivation"",""Psychology"",""Memoirs""]","[""Comedy"",""Romantic Comedy"",""Workplace Comedy"",""Dark Comedy"",""Crime"",""True Crime"",""Thriller"",""Suspense"",""Shocking Twists"",""Psychological Thrillers"",""Music"",""Biopic"",""Documentary"",""Docuseries"",""Survival"",""Action & Adventure"",""Action"",""Adventure"",""Horror"",""Supernatural""]","[""True Crime"",""Music"",""Pop Culture"",""Society & Culture"",""Celebrities"",""Health & Fitness"",""History"",""Health"",""Fitness"",""Self Help"",""Comedy""]",2020-11-11T05:32:28,app_user
0848,7,23,"TV/Movies, Books",Female,18-24,24,39,TRUE,TRUE,"[""Fantasy"",""Magic"",""Urban Fantasy"",""Dark Fantasy"",""Young Adult"",""Coming of Age"",""Teen Romance"",""Historical Fiction"",""Tearjerkers"",""Self Help"",""Mental Health"",""LGBTQ+"",""Poetry"",""Dystopian Fiction""]","[""Comedy"",""Adult Cartoon"",""Superheroes"",""Comic Book Adaptations"",""Marvel"",""LGBTQ+"",""Political"",""Sports"",""Family Friendly"",""Disney"",""Workplace Comedy"",""Fantasy"",""Action & Adventure"",""Action"",""Documentary""]","[""Comedy"",""Comedian"",""TV & Movies"",""Pop Culture"",""Society & Culture"",""History"",""Fiction"",""Science & Technology"",""Science"",""Sports"",""Music""]",2021-07-06T17:08:44,app_user
0849,7,23,"TV/Movies, Books",Male,18-24,20,1,TRUE,TRUE,"[""Young Adult"",""Teen Romance"",""Romance"",""Romantic Comedies"",""Fantasy"",""Dark Fantasy"",""Urban Fantasy"",""Magic"",""LGBTQ+"",""Horror"",""Paranormal"",""Slasher"",""Tearjerkers"",""Comedy"",""Humor""]","[""Romance"",""Romantic Comedy"",""Superheroes"",""Fantasy"",""Teen"",""Epic Fantasy"",""Marvel"",""Anime"",""LGBTQ+"",""Action & Adventure""]",undefined,undefined,app_user
0850,8,23,Books,Female,35-44,null,null,null,null,null,null,null,null,newsletter
0851,5,23,Books,Female,25-34,9,0,TRUE,TRUE,"[""Romance"",""Romantic Comedies"",""Teen Romance"",""Young Adult""]","[""Comedy"",""Romance"",""Romantic Comedy"",""Teen Romance"",""Documentary"",""Drama"",""Teen"",""Courtroom Dramas"",""Family Dramas"",""High School""]",undefined,undefined,app_user
0852,10,23,"TV/Movies, Books, Podcasts",Female,35-44,65,0,TRUE,FALSE,"[""Young Adult"",""Teen Romance"",""Whodunit"",""True Crime"",""Comedy"",""Humor"",""Memoirs""]","[""Romance"",""Comedy"",""Thriller"",""Teen"",""Whodunit"",""Drama""]","[""True Crime"",""TV & Movies"",""Unsolved Crime"",""Comedy"",""Pop Culture""]",2021-01-21T09:48:33,app_user
0853,10,23,Books,Female,35-44,4,0,FALSE,TRUE,"[""Romance"",""Whodunit"",""Thriller"",""Romantic Comedies""]",undefined,undefined,2022-01-18T18:52:13,app_user
0854,8,23,Podcasts,Male,25-34,36,4,FALSE,FALSE,"[""Science Fiction"",""Thriller"",""Psychological Thrillers"",""Dystopian Fiction"",""Time Travel"",""Outer Space"",""Horror"",""Fantasy"",""Mystery"",""Shocking Twists""]",undefined,"[""Music"",""Science & Technology"",""Science"",""Technology"",""Crime"",""True Crime"",""History"",""Comedy""]",2022-01-19T13:32:10,app_user
0855,9,23,"TV/Movies, Books",Female,35-44,7,0,FALSE,TRUE,"[""Fantasy"",""Magic"",""Young Adult"",""Historical Fiction"",""Comedy"",""Classics"",""British Classics"",""Whodunit"",""Cooking"",""Cookbooks"",""Memoirs"",""Romance"",""Romantic Comedies"",""Science Fiction"",""Dystopian Fiction"",""Holiday Cookbooks""]","[""Comedy"",""Workplace Comedy"",""Romantic Comedy"",""British Comedy"",""Romance"",""Drama"",""Family Dramas"",""British Dramas"",""Period Dramas"",""Family Friendly"",""Disney"",""Sitcoms"",""Reality"",""Food"",""Science Fiction"",""Dystopian""]",undefined,2022-01-21T11:25:26,app_user
0856,9,23,"TV/Movies, Books",Female,45-54,42,0,FALSE,FALSE,"[""Fantasy"",""Young Adult"",""Magic"",""High Fantasy"",""Epic Fantasy"",""Teen Romance"",""Coming of Age"",""Comedy"",""Humor"",""Thriller"",""Shocking Twists"",""Psychological Thrillers"",""Mystery"",""Science Fiction"",""Dystopian Fiction"",""Time Travel"",""Outer Space"",""Horror"",""Slasher"",""Paranormal"",""True Crime"",""Tearjerkers"",""Poetry"",""LGBTQ+"",""Whodunit"",""Memoirs""]",undefined,"[""Crime"",""True Crime"",""Unsolved Crime"",""TV & Movies"",""Pop Culture"",""Fiction""]",2021-07-31T12:53:37,app_user
0857,6,23,"TV/Movies, Books",Female,35-44,null,null,null,null,null,null,null,null,newsletter
0858,6,23,"TV/Movies, Books",Female,55-64,68,0,TRUE,TRUE,"[""Historical Fiction"",""Fantasy"",""Magic"",""Whodunit"",""Science Fiction"",""Dystopian Fiction"",""Time Travel"",""Thriller"",""Psychological Thrillers"",""Classics"",""Tearjerkers"",""British Classics""]","[""Drama"",""British Dramas"",""Period Dramas"",""Crime"",""Dark Crime"",""True Crime"",""Fantasy"",""Epic Fantasy"",""Magic"",""Mind Bending"",""Science Fiction"",""Outer Space"",""Time Travel"",""Dystopian"",""Black Cinema"",""Action & Adventure"",""Documentary"",""Docuseries"",""Survival"",""Post Apocalyptic"",""LGBTQ+"",""War"",""Western"",""Political""]","[""News"",""Politics"",""Pop Culture"",""Health & Fitness"",""Mental Health"",""Meditation"",""Crime"",""True Crime"",""Unsolved Crime"",""Society & Culture"",""History""]",2021-11-18T01:44:39,app_user
0859,10,23,Books,Female,35-44,56,9,TRUE,FALSE,"[""Thriller"",""Shocking Twists"",""Psychological Thrillers"",""Horror"",""True Crime"",""Mystery""]",undefined,undefined,undefined,app_user
0860,10,23,"TV/Movies, Books, Podcasts",Female,25-34,undefined,undefined,FALSE,FALSE,undefined,undefined,undefined,undefined,app_user
0861,8,23,"TV/Movies, Books",Female,35-44,11,0,FALSE,TRUE,"[""Fantasy"",""Romance"",""Romantic Comedies"",""Thriller"",""Shocking Twists"",""Psychological Thrillers"",""Science Fiction"",""Outer Space"",""Historical Fiction"",""True Crime"",""Horror"",""Tearjerkers"",""Dystopian Fiction""]","[""Comedy"",""Romantic Comedy"",""Romance"",""Fantasy"",""Thriller"",""Shocking Twists"",""Psychological Thrillers"",""Horror"",""Science Fiction"",""Reality"",""Drama"",""Family Dramas"",""Tearjerkers"",""Crime"",""Reality Dating"",""Survival""]",undefined,2021-11-21T03:40:50,app_user
0862,2,23,"TV/Movies, Books",Male,65+,undefined,undefined,FALSE,FALSE,undefined,undefined,undefined,undefined,app_user
0863,8,23,"TV/Movies, Books",Female,35-44,31,0,FALSE,FALSE,"[""Fantasy"",""Magic"",""Urban Fantasy"",""Science Fiction"",""Outer Space"",""Romance"",""Dark Fantasy"",""Epic Fantasy"",""High Fantasy""]","[""Comedy"",""Romantic Comedy"",""Workplace Comedy"",""Adult Cartoon"",""Romance"",""Fantasy"",""Epic Fantasy"",""Magic"",""Superheroes"",""Marvel"",""Science Fiction""]",undefined,2022-01-07T20:24:21,app_user
0864,9,23,Books,Female,35-44,5,0,FALSE,FALSE,"[""Thriller"",""Shocking Twists"",""Science Fiction"",""Time Travel"",""Mystery""]",undefined,undefined,2022-10-06T10:19:22,app_user
0865,9,23,Books,Female,25-34,undefined,2,FALSE,FALSE,undefined,undefined,undefined,undefined,app_user
0866,10,23,"TV/Movies, Books",Female,25-34,282,1,TRUE,TRUE,"[""Romance"",""Romantic Comedies"",""Cooking"",""Young Adult"",""Classics"",""Whodunit""]","[""Comedy"",""Romantic Comedy"",""Romance"",""Drama"",""Family Friendly"",""Disney""]","[""Family Friendly"",""Health & Fitness"",""Pop Culture"",""Comedy""]",undefined,app_user
0867,10,23,"TV/Movies, Books",Female,25-34,16,0,FALSE,FALSE,"[""Fantasy"",""Magic"",""High Fantasy"",""Urban Fantasy"",""Dark Fantasy"",""Epic Fantasy"",""Romance"",""Romantic Comedies"",""Teen Romance"",""Science Fiction"",""Time Travel"",""Historical Fiction"",""LGBTQ+""]","[""Romance"",""Teen Romance"",""Romantic Comedy"",""Fantasy"",""Magic"",""Superheroes"",""Comic Book Adaptations"",""Epic Fantasy"",""Anime"",""Action & Adventure"",""Action"",""Adventure"",""Marvel"",""Mind Bending""]",undefined,2022-03-09T17:15:50,app_user
0868,9,23,"TV/Movies, Books",Female,25-34,17,1,FALSE,FALSE,"[""Thriller"",""Mystery"",""Shocking Twists"",""Psychological Thrillers""]","[""Romantic Comedy"",""Romance"",""Comedy"",""Action & Adventure"",""Reality"",""Adventure"",""Action"",""Competition"",""Food"",""Reality Dating"",""Drama""]",undefined,2022-12-28T21:32:22,app_user
0869,7,23,"TV/Movies, Books",Female,45-54,325,1,TRUE,TRUE,"[""Romance"",""Historical Fiction"",""World War 2""]","[""Comedy"",""Romantic Comedy"",""Romance"",""Drama"",""Action & Adventure""]","[""Health & Fitness"",""Health"",""News"",""Family Friendly""]",2022-03-13T16:22:28,app_user
0870,8,23,Books,Female,55-64,92,10,TRUE,TRUE,"[""Fantasy"",""Magic"",""High Fantasy"",""Dark Fantasy"",""Urban Fantasy"",""Epic Fantasy"",""Romance"",""Romantic Comedies"",""Comedy"",""Humor"",""Thriller"",""Shocking Twists"",""Psychological Thrillers"",""Spy Thrillers"",""Mystery"",""Science Fiction"",""Dystopian Fiction"",""Time Travel"",""Historical Fiction"",""Classics"",""Horror"",""Paranormal"",""Self Help"",""Motivation"",""Whodunit"",""Cooking"",""Cookbooks"",""Holiday Cookbooks"",""Children's Books"",""Books for Kids""]","[""Comedy"",""Romantic Comedy"",""Workplace Comedy"",""British Comedy"",""Dark Comedy"",""Adult Cartoon"",""Romance"",""Drama"",""Family Dramas"",""British Dramas"",""Teen"",""High School"",""Fantasy"",""Epic Fantasy"",""Magic"",""Superheroes"",""Comic Book Adaptations"",""Marvel"",""Thriller"",""Suspense"",""Shocking Twists"",""Mystery"",""Spy Thrillers"",""Science Fiction"",""Robots"",""Zombie"",""Dystopian"",""Alien"",""Black Cinema"",""Music"",""Action & Adventure"",""Reality"",""Competition"",""Food"",""Home Improvement"",""Documentary"",""Docuseries"",""Political"",""Whodunit"",""Spoofs and Mockumentaries"",""Period Dramas"",""Courtroom Dramas"",""Tearjerkers"",""Crime"",""Dark Crime"",""Psychological Thrillers"",""Horror"",""Supernatural"",""Time Travel"",""Outer Space"",""Action"",""Adventure""]","[""Comedy"",""Comedian"",""Crime"",""True Crime"",""TV & Movies"",""Relationship"",""Music"",""Pop Culture"",""Society & Culture"",""Celebrities"",""History"",""Fiction"",""Interviews"",""News"",""Politics"",""Science & Technology"",""Sports"",""Football"",""Science"",""Technology""]",2022-04-08T17:38:07,app_user
0871,9,23,"TV/Movies, Books",Female,55-64,38,1,FALSE,FALSE,undefined,undefined,undefined,undefined,app_user
0872,8,23,"TV/Movies, Books, Podcasts",Female,35-44,2,2,FALSE,FALSE,undefined,undefined,undefined,undefined,app_user
0873,10,23,Books,Female,55-64,13,0,TRUE,FALSE,"[""Romance"",""Romantic Comedies"",""Teen Romance"",""Young Adult"",""Tearjerkers"",""Self Help"",""Motivation"",""Mental Health"",""Poetry"",""Memoirs""]","[""Comedy"",""Romantic Comedy"",""Workplace Comedy"",""British Comedy"",""Romance"",""Drama"",""Family Dramas"",""British Dramas"",""Tearjerkers"",""Family Friendly"",""Sitcoms"",""Disney"",""Music"",""Reality"",""Home Improvement"",""Documentary"",""Food"",""Docuseries""]",undefined,undefined,app_user
0874,7,23,"TV/Movies, Books, Podcasts",Female,65+,6,0,FALSE,FALSE,undefined,undefined,undefined,2019-08-13T09:18:13,app_user
0875,10,23,"TV/Movies, Books, Podcasts",Female,55-64,60,0,FALSE,FALSE,"[""Romance"",""Romantic Comedies"",""Teen Romance"",""Young Adult"",""Comedy"",""Humor"",""True Crime"",""Tearjerkers"",""Classics"",""Fantasy"",""Coming of Age"",""Historical Fiction"",""British Classics"",""Whodunit""]","[""Comedy"",""Romantic Comedy"",""British Comedy"",""Crime"",""Drama"",""True Crime"",""Romance"",""Dark Comedy"",""Workplace Comedy"",""British Dramas"",""Period Dramas""]","[""Crime"",""Unsolved Crime"",""True Crime"",""Health & Fitness"",""Mental Health"",""History""]",2021-08-01T08:16:56,app_user
0876,5,23,Books,Female,35-44,18,0,TRUE,TRUE,"[""Romance"",""Romantic Comedies"",""Young Adult"",""Fantasy"",""Comedy""]",undefined,undefined,2021-08-17T21:00:33,app_user
0877,9,23,Books,Female,18-24,56,0,TRUE,TRUE,"[""Romance"",""Young Adult"",""Historical Fiction"",""Science Fiction"",""Teen Romance"",""Children's Books""]","[""Teen"",""Family Friendly"",""Romance"",""Romantic Comedy"",""Teen Romance"",""Disney""]","[""Sports"",""Pop Culture""]",undefined,app_user
0878,7,23,"TV/Movies, Books",Female,25-34,67,0,TRUE,TRUE,"[""Fantasy"",""Romance"",""Young Adult"",""LGBTQ+"",""Self Help"",""Romantic Comedies"",""Comedy"",""Teen Romance"",""Historical Fiction""]","[""Comedy"",""Romantic Comedy"",""Workplace Comedy"",""LGBTQ+"",""Reality"",""Competition"",""Reality Dating"",""Fantasy""]",undefined,2022-01-29T06:35:02,app_user
0879,7,23,Books,Female,35-44,3,0,FALSE,FALSE,"[""Thriller"",""Romance"",""Shocking Twists"",""Psychological Thrillers"",""Historical Fiction""]",undefined,undefined,2021-07-01T19:50:45,app_user
0880,10,23,"TV/Movies, Books",Female,45-54,11,2,TRUE,FALSE,"[""True Crime"",""Horror"",""Thriller"",""Tearjerkers"",""Romance""]","[""Romance"",""Comedy"",""Thriller"",""Tearjerkers"",""Horror"",""Drama""]",undefined,2020-10-27T19:32:05,app_user
0881,6,23,Books,Female,25-34,10,1,FALSE,FALSE,"[""Young Adult"",""Romance"",""Coming of Age"",""Fantasy"",""High Fantasy""]",undefined,undefined,2022-08-15T20:36:34,app_user
0882,7,23,"TV/Movies, Books",Female,35-44,25,0,TRUE,FALSE,"[""Romance"",""Fantasy"",""Magic"",""Urban Fantasy"",""Romantic Comedies""]","[""Romance"",""Romantic Comedy"",""Fantasy"",""Drama"",""Period Dramas"",""British Dramas"",""Superheroes"",""Marvel"",""Anime""]",undefined,2022-03-21T00:22:59,app_user
0883,5,23,"TV/Movies, Books",Female,45-54,21,0,FALSE,TRUE,"[""Romance"",""Romantic Comedies"",""Young Adult"",""Coming of Age"",""Comedy"",""Teen Romance"",""Humor"",""Thriller"",""Shocking Twists"",""Psychological Thrillers"",""Mystery"",""Classics"",""Tearjerkers"",""LGBTQ+""]","[""Comedy"",""Romantic Comedy"",""Dark Comedy"",""Romance"",""Teen Romance"",""Thriller"",""Shocking Twists"",""Psychological Thrillers"",""Mystery"",""Spy Thrillers"",""Action & Adventure"",""LGBTQ+"",""Crime"",""Drama"",""Heists"",""Vigilante"",""Dark Crime"",""Family Dramas"",""Western"",""Suspense"",""British Comedy"",""Workplace Comedy"",""Stoner Comedy"",""British Dramas"",""Period Dramas"",""Courtroom Dramas"",""Teen"",""High School"",""Superheroes"",""Marvel"",""Comic Book Adaptations"",""Action"",""Adventure"",""Music"",""Political"",""War"",""Biopic"",""Whodunit"",""Survival"",""Post Apocalyptic"",""Dystopian"",""True Crime""]",undefined,2021-12-22T21:37:17,app_user
0884,10,23,"TV/Movies, Books",Female,25-34,6,0,FALSE,FALSE,"[""Romance"",""Romantic Comedies"",""Thriller"",""Shocking Twists"",""Psychological Thrillers"",""Mystery"",""Fantasy"",""Dark Fantasy"",""Science Fiction"",""Dystopian Fiction"",""Horror"",""Tearjerkers"",""Paranormal"",""Memoirs""]",undefined,undefined,2020-07-15T13:11:39,app_user
0885,6,23,"TV/Movies, Books",Female,35-44,28,0,TRUE,TRUE,"[""Fantasy"",""Romance"",""Magic"",""High Fantasy"",""Urban Fantasy"",""Dark Fantasy"",""Young Adult"",""Romantic Comedies""]","[""Romance"",""Drama"",""Crime"",""Superheroes"",""Science Fiction"",""Dystopian"",""Alien"",""Zombie"",""Teen"",""Fantasy""]",undefined,undefined,app_user
0886,10,23,Books,Female,25-34,16,0,FALSE,TRUE,"[""Young Adult"",""Romance"",""Historical Fiction"",""World War 2"",""Self Help"",""Mental Health"",""Motivation"",""Psychology""]","[""Comedy"",""Family Friendly"",""Drama"",""Crime"",""Reality"",""Political"",""War"",""Biopic""]",undefined,2021-05-22T22:38:40,app_user
0887,7,23,Books,Male,65+,undefined,undefined,FALSE,FALSE,undefined,undefined,undefined,undefined,app_user
0888,5,23,"TV/Movies, Books",Female,35-44,21,0,FALSE,TRUE,"[""Fantasy"",""Epic Fantasy"",""Magic"",""Romance"",""Romantic Comedies"",""Young Adult"",""Coming of Age"",""Thriller"",""Science Fiction"",""Dystopian Fiction"",""Tearjerkers"",""Shocking Twists""]","[""Comedy"",""Romantic Comedy"",""Romance"",""Thriller"",""Suspense"",""Shocking Twists"",""Science Fiction"",""Dystopian"",""Fantasy"",""Epic Fantasy"",""Psychological Thrillers"",""Family Friendly"",""Disney"",""British Comedy""]",undefined,undefined,app_user
0889,6,23,"TV/Movies, Books",Female,25-34,161,3,FALSE,FALSE,"[""Romance"",""Young Adult"",""Fantasy"",""Coming of Age"",""Thriller"",""Comedy""]","[""Comedy"",""Romance"",""Family Friendly""]","[""Parenting"",""Kids""]",undefined,app_user
0890,8,23,"TV/Movies, Books",Male,35-44,23,0,TRUE,TRUE,"[""Fantasy"",""Young Adult"",""Comedy"",""Coming of Age"",""Comedian"",""Memoirs"",""Sports"",""Historical Fiction"",""Science Fiction"",""Humor"",""Self Help""]","[""Comedy"",""Workplace Comedy"",""Dark Comedy"",""Romantic Comedy"",""Adult Cartoon"",""Superheroes"",""Comic Book Adaptations"",""Marvel"",""Thriller"",""Suspense"",""Psychological Thrillers"",""Spy Thrillers"",""Fantasy"",""Epic Fantasy"",""Drama"",""Science Fiction"",""Dystopian"",""Zombie"",""Time Travel"",""Robots"",""Action & Adventure"",""Music"",""Documentary"",""Political"",""Biopic"",""Sports"",""Football"",""Basketball"",""Baseball""]","[""Comedy"",""TV & Movies"",""Celebrities"",""Pop Culture"",""Interviews"",""History"",""Society & Culture""]",2021-06-09T17:55:34,app_user
0891,7,23,Books,Female,25-34,5,0,FALSE,FALSE,"[""Romance"",""Romantic Comedies"",""Teen Romance"",""Young Adult"",""Science Fiction""]","[""Comedy"",""Romantic Comedy"",""Teen"",""Teen Romance"",""Family Friendly"",""Disney"",""Action & Adventure""]",undefined,2022-04-25T08:48:42,app_user
0892,8,23,"TV/Movies, Books",Female,25-34,null,null,null,null,null,null,null,null,newsletter
0893,7,23,"TV/Movies, Books",Female,25-34,17,0,TRUE,FALSE,undefined,"[""Comedy"",""Romance"",""Science Fiction"",""Fantasy"",""Western"",""Superheroes"",""Action & Adventure"",""Romantic Comedy"",""Marvel"",""Time Travel"",""Zombie"",""Dystopian"",""Alien"",""Action""]","[""Comedy"",""True Crime"",""TV & Movies"",""History"",""Health & Fitness"",""Fiction""]",2020-10-11T17:51:20,app_user
0894,4,23,Books,Female,45-54,55,0,FALSE,FALSE,undefined,"[""Comedy"",""Documentary"",""Drama""]",undefined,2020-08-12T11:18:51,app_user
0895,8,23,Books,Female,18-24,3,0,FALSE,FALSE,"[""Fantasy"",""Magic"",""Romance"",""Romantic Comedies"",""Thriller"",""Shocking Twists"",""Psychological Thrillers"",""Mystery"",""Horror"",""Paranormal"",""True Crime"",""Tearjerkers"",""Dark Fantasy""]",undefined,undefined,2023-01-05T19:52:14,app_user
0896,10,23,Books,Female,18-24,6,0,FALSE,TRUE,"[""Romance"",""Teen Romance"",""Young Adult""]","[""Romance"",""Drama"",""Teen"",""Fantasy"",""Superheroes"",""Marvel"",""Magic"",""High School"",""Teen Romance"",""Romantic Comedy"",""Comedy""]",undefined,2022-01-03T11:21:46,app_user
0897,8,23,"TV/Movies, Books, Podcasts",Female,35-44,71,1,TRUE,TRUE,"[""Thriller"",""Shocking Twists"",""Psychological Thrillers"",""True Crime"",""Tearjerkers"",""Horror"",""Slasher""]","[""Superheroes"",""Marvel"",""Thriller"",""Psychological Thrillers"",""Suspense"",""Drama"",""Family Dramas"",""Courtroom Dramas"",""Tearjerkers"",""Shocking Twists"",""Mystery"",""Horror"",""Slasher"",""Action & Adventure"",""Action"",""Documentary"",""Docuseries""]","[""Crime""]",2021-12-12T13:11:10,app_user
0898,10,23,"TV/Movies, Books",Female,35-44,64,13,FALSE,FALSE,undefined,"[""Comedy"",""Romantic Comedy"",""Workplace Comedy"",""British Comedy"",""Romance"",""Teen Romance"",""Drama"",""Family Dramas"",""Period Dramas"",""Courtroom Dramas"",""Tearjerkers"",""Superheroes"",""Marvel"",""Crime"",""True Crime"",""Heists"",""Documentary"",""Docuseries"",""War"",""Political"",""Sports"",""Baseball"",""Football"",""Biopic""]","[""Crime"",""Comedy"",""TV & Movies"",""True Crime"",""Pop Culture"",""Celebrities"",""News""]",2021-03-29T08:00:31,app_user
0899,7,23,Books,Female,25-34,7,0,FALSE,FALSE,undefined,undefined,undefined,2020-01-26T06:15:31,app_user
0900,7,23,"TV/Movies, Books",Female,18-24,72,0,TRUE,TRUE,"[""Romance"",""Teen Romance"",""Young Adult"",""Mystery"",""Classics""]","[""Comedy"",""Romance"",""Romantic Comedy"",""Drama"",""Mystery"",""Action & Adventure"",""Action"",""Whodunit"",""Suspense""]",undefined,2022-06-12T13:25:57,app_user
0901,6,23,"TV/Movies, Books",Female,25-34,12,0,FALSE,TRUE,"[""Romance"",""Comedy"",""Romantic Comedies"",""Humor"",""LGBTQ+""]","[""Comedy"",""Romantic Comedy"",""Workplace Comedy"",""British Comedy"",""Dark Comedy"",""Romance"",""Drama"",""Family Dramas"",""British Dramas"",""Period Dramas"",""Courtroom Dramas"",""Crime"",""Heists"",""Superheroes"",""Comic Book Adaptations"",""Marvel"",""Family Friendly"",""Sitcoms"",""Disney"",""Action & Adventure"",""Action"",""Adventure"",""Sports"",""LGBTQ+"",""Political"",""Biopic""]",undefined,2022-03-24T10:24:54,app_user
0902,7,23,"TV/Movies, Books",Female,35-44,29,0,FALSE,FALSE,undefined,"[""Romance"",""Teen Romance"",""Fantasy"",""Epic Fantasy"",""Magic"",""Science Fiction"",""Time Travel"",""Dystopian"",""Outer Space"",""Mind Bending"",""Documentary"",""Docuseries"",""War"",""Teen"",""High School""]",undefined,2020-07-07T17:02:32,app_user
0903,6,23,"TV/Movies, Books",Female,18-24,10,0,FALSE,FALSE,"[""Romance"",""Romantic Comedies"",""Comedy"",""Young Adult"",""Comedian"",""Coming of Age""]","[""Comedy"",""Romantic Comedy"",""Thriller"",""Psychological Thrillers"",""Action & Adventure"",""Documentary"",""Sports"",""Romance""]","[""Crime"",""True Crime"",""TV & Movies"",""Pop Culture"",""Interviews"",""Sports"",""Comedy""]",2022-01-02T19:08:38,app_user
0904,8,23,"TV/Movies, Books, Podcasts",Female,65+,null,null,null,null,null,null,null,null,newsletter
0905,10,23,"TV/Movies, Books, Podcasts",Male,45-54,147,0,FALSE,FALSE,"[""Fantasy"",""Self Help"",""Science Fiction"",""Thriller""]",undefined,undefined,2020-02-15T16:17:52,app_user
0906,8,23,Books,Female,35-44,10,0,FALSE,FALSE,"[""Romance"",""Romantic Comedies"",""Comedy"",""Humor"",""Tearjerkers"",""Memoirs"",""Thriller"",""Psychological Thrillers"",""Shocking Twists""]",undefined,undefined,2022-02-08T06:31:14,app_user
0907,5,23,Books,Female,45-54,53,3,TRUE,FALSE,"[""Romance"",""Historical Fiction"",""Poetry"",""Cooking"",""Science Fiction"",""Classics"",""British Classics"",""Memoirs"",""Business""]","[""Comedy"",""Romance"",""Drama"",""Fantasy"",""Thriller""]","[""Music"",""Pop Culture"",""Society & Culture"",""History"",""Parenting"",""Science & Technology"",""TV & Movies"",""Interviews"",""Health & Fitness""]",2022-11-12T05:44:05,app_user
0908,8,23,Books,Female,35-44,127,1,FALSE,FALSE,"[""Comedy"",""Humor"",""Memoirs"",""Classics""]","[""Comedy"",""Dark Comedy"",""Drama"",""Period Dramas"",""Fantasy"",""Epic Fantasy""]","[""Comedy"",""TV & Movies"",""Science & Technology""]",undefined,app_user
0909,10,23,"TV/Movies, Books",Female,25-34,7,0,TRUE,FALSE,"[""Fantasy"",""Magic"",""Romance"",""Romantic Comedies"",""Thriller"",""Shocking Twists"",""Psychological Thrillers"",""Spy Thrillers"",""Mystery"",""Science Fiction"",""Dystopian Fiction"",""Time Travel"",""Outer Space"",""Historical Fiction"",""World War 2"",""Classics"",""British Classics"",""Horror"",""True Crime"",""Paranormal"",""High Fantasy"",""Urban Fantasy"",""Dark Fantasy"",""Epic Fantasy""]","[""Comedy"",""Romantic Comedy"",""Workplace Comedy"",""Stoner Comedy"",""Adult Cartoon"",""Romance"",""Drama"",""Period Dramas"",""Courtroom Dramas"",""Tearjerkers"",""Family Dramas"",""Crime"",""True Crime"",""Heists"",""Vigilante"",""Fantasy"",""Epic Fantasy"",""Mind Bending"",""Magic"",""Superheroes"",""Comic Book Adaptations"",""Marvel"",""Thriller"",""Suspense"",""Shocking Twists"",""Psychological Thrillers"",""Mystery"",""Spy Thrillers"",""Family Friendly"",""Sitcoms"",""Disney"",""Science Fiction"",""Outer Space"",""Time Travel"",""Robots"",""Zombie"",""Dystopian"",""Alien"",""Action & Adventure"",""Action"",""Adventure"",""Music"",""Western"",""Outlaw Western"",""Survival"",""Post Apocalyptic"",""Spoofs and Mockumentaries""]",undefined,undefined,app_user
0910,8,23,"TV/Movies, Books",Male,45-54,27,2,FALSE,FALSE,undefined,undefined,undefined,undefined,app_user
0911,6,23,"TV/Movies, Books",Female,18-24,4,0,FALSE,TRUE,"[""Fantasy"",""Magic"",""High Fantasy"",""Dark Fantasy"",""Epic Fantasy"",""Romance"",""Teen Romance"",""Young Adult"",""Science Fiction"",""Dystopian Fiction"",""Time Travel"",""Outer Space"",""Historical Fiction""]","[""Fantasy"",""Romance"",""Epic Fantasy"",""Magic"",""Superheroes"",""Comic Book Adaptations"",""Marvel"",""Science Fiction"",""Outer Space"",""Time Travel"",""Anime"",""Action & Adventure"",""Comedy""]",undefined,undefined,app_user
0912,7,23,Books,Male,18-24,13,0,FALSE,FALSE,"[""Fantasy"",""Thriller"",""Self Help"",""Horror"",""Paranormal"",""Mental Health"",""LGBTQ+"",""Young Adult"",""Shocking Twists"",""Psychological Thrillers"",""Science Fiction"",""Dystopian Fiction""]",undefined,undefined,2023-01-06T09:23:33,app_user
0913,5,23,"TV/Movies, Books",Prefer not to answer,25-34,53,0,FALSE,FALSE,"[""Fantasy"",""Young Adult"",""High Fantasy"",""Dark Fantasy"",""Epic Fantasy"",""Science Fiction"",""Dystopian Fiction"",""Outer Space"",""LGBTQ+"",""Classics"",""Horror"",""Paranormal"",""Thriller"",""Mystery"",""Psychological Thrillers"",""Shocking Twists"",""Romantic Comedies"",""Historical Fiction""]","[""Fantasy"",""Superheroes"",""Science Fiction"",""LGBTQ+"",""Drama"",""Marvel"",""Action & Adventure"",""Comedy"",""Thriller"",""Mystery""]",undefined,undefined,app_user
0914,8,23,"TV/Movies, Books",Female,45-54,1667,2,TRUE,TRUE,"[""Romance"",""Comedy"",""Romantic Comedies"",""Thriller"",""Psychological Thrillers"",""Mystery"",""Historical Fiction"",""Tearjerkers"",""Memoirs"",""Sports"",""Shocking Twists"",""Teen Romance"",""Young Adult"",""Coming of Age"",""Humor"",""Comedian"",""Spy Thrillers"",""Classics""]","[""Comedy"",""Romantic Comedy"",""Action & Adventure"",""Romance"",""Drama"",""Crime"",""Tearjerkers""]",undefined,2021-06-25T21:14:37,app_user
0915,8,23,"TV/Movies, Books, Podcasts",Female,45-54,76,1,TRUE,FALSE,"[""Thriller"",""Mystery"",""Shocking Twists"",""Whodunit""]","[""Whodunit"",""Family Friendly"",""Crime"",""Thriller"",""Teen"",""Heists"",""Mystery"",""Spy Thrillers"",""Shocking Twists"",""Suspense"",""Disney""]","[""Crime"",""True Crime"",""Unsolved Crime"",""Comedy"",""Pop Culture"",""Society & Culture""]",undefined,app_user
0916,7,23,"Books, Podcasts",Female,35-44,100,51,TRUE,TRUE,"[""Fantasy"",""Science Fiction"",""Historical Fiction"",""Dystopian Fiction"",""Thriller"",""Shocking Twists""]",undefined,"[""History"",""Crime""]",undefined,app_user
0917,7,23,"TV/Movies, Books",Female,25-34,554,3,TRUE,TRUE,"[""Fantasy"",""Magic"",""Urban Fantasy"",""Dark Fantasy"",""Romance"",""Comedy"",""Humor"",""Thriller"",""Shocking Twists"",""Psychological Thrillers"",""Spy Thrillers"",""Mystery"",""Science Fiction"",""Dystopian Fiction"",""Time Travel"",""Outer Space"",""Historical Fiction"",""Horror"",""Slasher"",""Paranormal"",""Tearjerkers"",""Comedian"",""Young Adult""]","[""Comedy"",""Dark Comedy"",""Romantic Comedy"",""Drama"",""Courtroom Dramas"",""Tearjerkers"",""Crime"",""Dark Crime"",""True Crime"",""Heists"",""Vigilante"",""Teen"",""Fantasy"",""Epic Fantasy"",""Magic"",""Mind Bending"",""Superheroes"",""Horror"",""Thriller"",""Suspense"",""Shocking Twists"",""Psychological Thrillers"",""Mystery"",""Spy Thrillers"",""Supernatural"",""Slasher"",""Anime"",""Science Fiction"",""Outer Space"",""Time Travel"",""Robots"",""Zombie"",""Dystopian"",""Alien"",""Action & Adventure"",""Action"",""Adventure"",""Survival"",""Post Apocalyptic""]",undefined,undefined,app_user
0918,7,23,Books,Male,35-44,20,0,TRUE,FALSE,undefined,undefined,undefined,2020-07-22T06:47:36,app_user
0919,9,23,Books,Female,18-24,45,0,TRUE,FALSE,"[""Romance"",""Memoirs""]","[""Romance"",""Family Friendly""]","[""Crime"",""True Crime"",""Health & Fitness"",""Mental Health"",""Family Friendly""]",2021-02-12T15:19:02,app_user
0920,9,23,"TV/Movies, Books, Podcasts",Male,55-64,12,44,FALSE,FALSE,"[""Historical Fiction"",""World War 2"",""Thriller"",""Psychological Thrillers"",""Spy Thrillers"",""Mystery"",""Shocking Twists"",""True Crime"",""Whodunit""]",undefined,"[""Comedy"",""Crime"",""History"",""Fiction""]",undefined,app_user
0921,9,23,"TV/Movies, Books",Female,35-44,1011,18,FALSE,FALSE,undefined,undefined,undefined,2020-02-27T19:16:47,app_user
0922,10,23,"TV/Movies, Books, Podcasts",Female,55-64,117,0,FALSE,FALSE,undefined,undefined,undefined,2020-03-04T09:18:55,app_user
0923,8,23,Books,Female,55-64,2,0,FALSE,FALSE,undefined,undefined,undefined,undefined,app_user
0924,9,23,"TV/Movies, Books",Female,35-44,238,0,FALSE,TRUE,"[""Fantasy"",""Magic"",""Epic Fantasy"",""Romance"",""Romantic Comedies"",""Young Adult"",""Comedy"",""Comedian"",""Humor"",""Thriller"",""Shocking Twists"",""Psychological Thrillers"",""Historical Fiction"",""World War 2"",""Classics"",""Sports"",""Memoirs""]","[""Comedy"",""Romantic Comedy"",""Workplace Comedy"",""Dark Comedy"",""Thriller"",""Shocking Twists"",""Psychological Thrillers"",""Science Fiction"",""Documentary""]","[""Health & Fitness"",""Health"",""Fitness"",""Sports""]",2021-10-12T15:53:13,app_user
0925,9,23,"TV/Movies, Books",Female,45-54,138,0,FALSE,TRUE,"[""LGBTQ+"",""Whodunit"",""Historical Fiction"",""Romance"",""Romantic Comedies"",""Thriller"",""Shocking Twists"",""Spy Thrillers"",""Mystery"",""Classics""]","[""Action & Adventure"",""Documentary"",""LGBTQ+"",""Political"",""Family Friendly"",""Thriller"",""Comedy"",""Romantic Comedy"",""Romance"",""Drama"",""Family Dramas"",""Superheroes"",""Suspense"",""Shocking Twists"",""Mystery"",""Spy Thrillers"",""Science Fiction"",""Outer Space"",""Time Travel"",""Dystopian"",""Robots""]","[""Comedy"",""History"",""Fiction"",""Science & Technology""]",2022-09-21T13:11:09,app_user
0926,10,23,"TV/Movies, Books, Podcasts",Female,35-44,1078,0,FALSE,FALSE,undefined,undefined,"[""Pop Culture"",""Crime"",""Celebrities""]",2020-05-07T05:47:07,app_user
0927,10,23,"TV/Movies, Books",Female,35-44,144,2,TRUE,FALSE,undefined,"[""Romance"",""Comedy"",""Crime"",""Family Friendly"",""Thriller"",""Music"",""Tearjerkers"",""Documentary"",""Biopic"",""War"",""Horror"",""Survival"",""Reality"",""LGBTQ+"",""Drama"",""Whodunit""]",undefined,2020-07-22T13:52:59,app_user
0928,10,23,"TV/Movies, Books",Female,25-34,276,2,TRUE,TRUE,"[""Fantasy"",""Epic Fantasy"",""High Fantasy"",""Magic"",""LGBTQ+"",""Science Fiction"",""Dystopian Fiction"",""Historical Fiction"",""Comedy"",""Humor""]",undefined,undefined,undefined,app_user
0929,8,23,Books,Female,55-64,20,0,FALSE,FALSE,undefined,undefined,undefined,2020-08-08T12:06:21,app_user
0930,5,23,"TV/Movies, Books, Podcasts",Female,35-44,8,0,FALSE,FALSE,"[""Thriller"",""Psychological Thrillers"",""Mystery"",""Self Help"",""Motivation"",""Psychology"",""Classics"",""Memoirs"",""Cooking""]","[""Comedy"",""Drama""]","[""Comedy"",""News"",""Interviews"",""Politics"",""Pop Culture""]",undefined,app_user
0931,6,23,Books,Female,18-24,null,null,null,null,null,null,null,null,newsletter
0932,10,23,Books,Male,45-54,10,0,FALSE,FALSE,undefined,undefined,undefined,2020-08-01T10:48:43,app_user
0933,10,23,"TV/Movies, Books",Female,25-34,7,0,FALSE,FALSE,"[""Thriller"",""Shocking Twists"",""Mystery"",""Cooking"",""Cookbooks"",""Whodunit"",""Historical Fiction"",""Psychological Thrillers""]",undefined,undefined,2021-05-07T23:03:03,app_user
0934,10,23,"TV/Movies, Books",Female,25-34,118,1,FALSE,TRUE,"[""True Crime"",""Whodunit"",""Memoirs"",""Thriller"",""Historical Fiction"",""Psychological Thrillers"",""Shocking Twists"",""Mystery""]","[""Biopic"",""Whodunit"",""War"",""Documentary"",""Docuseries"",""Action & Adventure"",""Music"",""Thriller"",""Science Fiction"",""Dystopian"",""Time Travel"",""Zombie"",""Spy Thrillers"",""Psychological Thrillers"",""Mystery"",""Shocking Twists"",""Suspense"",""Crime"",""Dark Crime"",""Heists"",""Vigilante"",""Comedy"",""Workplace Comedy"",""Dark Comedy"",""True Crime"",""Drama""]","[""History""]",2022-11-17T18:13:48,app_user
0935,10,23,Books,Female,45-54,44,0,FALSE,TRUE,"[""Romance"",""Romantic Comedies""]",undefined,undefined,2022-03-14T20:33:30,app_user
0936,1,23,Books,Female,65+,12,1,FALSE,FALSE,undefined,undefined,undefined,undefined,app_user
0937,8,23,"TV/Movies, Books, Podcasts",Female,25-34,19,0,TRUE,FALSE,"[""Comedy"",""Romance"",""Young Adult"",""Science Fiction"",""Whodunit"",""True Crime"",""Thriller"",""LGBTQ+"",""Coming of Age""]","[""Comedy"",""Romance"",""Family Friendly"",""Crime"",""Thriller"",""Tearjerkers"",""Science Fiction"",""Fantasy"",""Superheroes"",""Teen"",""Survival"",""Whodunit"",""Drama""]","[""True Crime"",""Comedy"",""Fiction"",""Health & Fitness"",""News"",""TV & Movies""]",2021-01-06T18:55:14,app_user
0938,6,23,"TV/Movies, Books",Female,45-54,176,0,TRUE,FALSE,"[""Romance"",""Comedy"",""Historical Fiction"",""World War 2""]","[""Comedy"",""Romantic Comedy"",""British Comedy"",""Dark Comedy"",""Romance"",""Drama"",""British Dramas""]",undefined,2021-03-26T19:40:04,app_user
0939,10,23,"TV/Movies, Books, Podcasts",Female,35-44,71,0,FALSE,FALSE,undefined,undefined,undefined,2020-04-11T19:13:14,app_user
0940,8,23,"TV/Movies, Books, Podcasts",Female,25-34,35,8,FALSE,FALSE,undefined,undefined,undefined,2018-09-17T14:27:37,app_user
0941,7,23,"TV/Movies, Books",Male,45-54,7,0,FALSE,FALSE,undefined,undefined,undefined,undefined,app_user
0942,9,23,"TV/Movies, Books",Female,25-34,105,0,TRUE,TRUE,"[""Comedy"",""Humor"",""Thriller"",""Psychological Thrillers"",""Classics"",""Tearjerkers"",""Whodunit"",""Horror""]","[""Crime"",""Comedy"",""Thriller"",""Suspense"",""Psychological Thrillers"",""Shocking Twists"",""Mystery"",""Horror"",""Whodunit"",""Dark Comedy"",""British Comedy"",""Dark Crime"",""Drama"",""Superheroes"",""Marvel"",""Comic Book Adaptations"",""Period Dramas"",""British Dramas"",""Tearjerkers""]",undefined,undefined,app_user
0943,8,23,Books,Male,25-34,19,0,TRUE,TRUE,"[""Fantasy"",""Young Adult"",""Science Fiction"",""Dystopian Fiction"",""High Fantasy"",""Urban Fantasy"",""Epic Fantasy"",""Dark Fantasy"",""Horror"",""Paranormal"",""Slasher""]",undefined,undefined,2021-05-17T17:00:44,app_user
0944,10,23,"TV/Movies, Books",Female,45-54,98,0,TRUE,FALSE,"[""Historical Fiction"",""True Crime"",""Thriller"",""Memoirs""]","[""Drama"",""Family Dramas"",""Crime"",""True Crime"",""Thriller"",""Suspense"",""Shocking Twists"",""Psychological Thrillers"",""Documentary"",""Docuseries"",""Survival"",""Dark Crime"",""Reality"",""Food"",""Reality Dating""]",undefined,2020-09-01T15:42:07,app_user
0945,10,23,"TV/Movies, Books",Female,45-54,95,0,FALSE,FALSE,undefined,undefined,undefined,undefined,app_user
0946,9,23,"TV/Movies, Books",Female,25-34,6,0,TRUE,TRUE,"[""Romance"",""Romantic Comedies"",""Comedy"",""Historical Fiction"",""Classics"",""Memoirs""]","[""Romance"",""Comedy"",""Romantic Comedy"",""Drama"",""Family Dramas"",""Reality"",""Documentary"",""Food""]","[""Comedy"",""Relationship"",""Love"",""Celebrities"",""History"",""Health & Fitness"",""Mental Health"",""Health"",""Self Help"",""Beauty"",""Fitness"",""Meditation"",""News"",""Science & Technology"",""Science"",""Pop Culture"",""Society & Culture""]",2021-06-25T18:56:21,app_user
0947,2,23,Books,Female,25-34,3,0,FALSE,FALSE,"[""Romance"",""Fantasy"",""Dark Fantasy""]",undefined,undefined,2021-02-01T17:28:02,app_user
0948,8,23,"TV/Movies, Books",Female,25-34,11,0,FALSE,FALSE,undefined,undefined,undefined,2019-07-31T16:55:56,app_user
0949,10,23,"TV/Movies, Books",Female,25-34,53,0,FALSE,TRUE,"[""Thriller"",""Shocking Twists"",""Psychological Thrillers"",""Mystery"",""True Crime"",""Classics"",""Whodunit"",""Young Adult"",""Historical Fiction"",""World War 2"",""British Classics""]","[""Thriller"",""Psychological Thrillers"",""Mystery"",""Suspense"",""Crime"",""Drama"",""Period Dramas"",""Whodunit""]",undefined,2021-10-18T23:35:09,app_user
0950,8,23,"TV/Movies, Books",Female,35-44,39,2,FALSE,FALSE,undefined,undefined,undefined,undefined,app_user
0951,10,23,"TV/Movies, Books",Female,25-34,26,0,FALSE,TRUE,"[""Romance"",""Thriller"",""Psychological Thrillers"",""Shocking Twists""]","[""Drama"",""Black Cinema"",""Action & Adventure"",""Thriller"",""Tearjerkers""]",undefined,2022-05-28T16:30:18,app_user
0952,6,23,Books,Female,55-64,4,0,FALSE,FALSE,"[""Fantasy"",""Magic"",""Romance"",""Urban Fantasy"",""Dark Fantasy"",""Science Fiction"",""Dystopian Fiction"",""Time Travel"",""Historical Fiction"",""Classics"",""British Classics"",""Epic Fantasy""]",undefined,undefined,undefined,app_user
0953,10,23,"TV/Movies, Books",Female,25-34,1259,0,TRUE,TRUE,"[""Romance"",""Romantic Comedies"",""Thriller"",""Psychological Thrillers"",""Shocking Twists"",""Horror"",""True Crime"",""Poetry""]","[""Comedy"",""Romantic Comedy"",""Workplace Comedy"",""Romance"",""Crime"",""Heists"",""True Crime"",""Thriller"",""Psychological Thrillers"",""Family Friendly"",""Action & Adventure"",""Documentary"",""Whodunit""]","[""Crime"",""True Crime"",""Unsolved Crime"",""Comedy""]",2021-07-30T13:40:15,app_user
0954,0,23,"TV/Movies, Books",Female,25-34,12,0,TRUE,TRUE,"[""Romance"",""Teen Romance"",""Romantic Comedies"",""Young Adult""]","[""Comedy"",""Romantic Comedy"",""Romance"",""Teen Romance"",""Teen"",""Family Friendly"",""Sitcoms"",""Disney"",""High School""]",undefined,2022-01-30T21:35:19,app_user
0955,10,23,Books,Female,35-44,42,0,FALSE,FALSE,undefined,undefined,undefined,2020-04-29T07:43:22,app_user
0956,9,23,"TV/Movies, Books",Female,35-44,11,0,FALSE,FALSE,"[""Fantasy"",""Young Adult"",""Magic"",""Romance"",""Coming of Age"",""Classics"",""Teen Romance""]","[""Comedy"",""Romance"",""Drama"",""Crime"",""Teen"",""Fantasy"",""Superheroes"",""Magic"",""Marvel"",""Music"",""Romantic Comedy""]",undefined,2022-01-08T21:12:11,app_user
0957,6,23,"TV/Movies, Books",Female,35-44,9,0,FALSE,FALSE,"[""Romance"",""Fantasy"",""Historical Fiction""]","[""Comedy"",""Romantic Comedy"",""Family Friendly"",""Superheroes"",""Comic Book Adaptations"",""Marvel"",""Disney"",""Sitcoms"",""Teen"",""Fantasy"",""Drama"",""Crime"",""Family Dramas"",""Epic Fantasy"",""High School"",""Period Dramas""]",undefined,2021-03-28T15:26:18,app_user
0958,8,23,"TV/Movies, Books",Female,25-34,36,0,FALSE,FALSE,"[""Fantasy"",""Magic"",""High Fantasy"",""Urban Fantasy"",""Dark Fantasy"",""Epic Fantasy"",""Romance"",""Young Adult"",""True Crime"",""Cooking"",""Cookbooks"",""Teen Romance""]","[""Comedy"",""Romantic Comedy"",""Romance"",""Fantasy"",""Magic"",""Epic Fantasy"",""Superheroes"",""Crime"",""True Crime"",""Heists"",""Dark Comedy"",""Comic Book Adaptations"",""Mind Bending"",""Marvel"",""Thriller"",""Suspense"",""Shocking Twists"",""Psychological Thrillers"",""Mystery"",""Spy Thrillers"",""Anime"",""Action & Adventure"",""Action"",""Adventure""]","[""Crime"",""True Crime"",""Unsolved Crime"",""Sports""]",2022-07-28T16:13:22,app_user
0959,8,23,"TV/Movies, Books",Female,45-54,6518,463,TRUE,TRUE,"[""Science Fiction"",""Dystopian Fiction"",""Outer Space"",""Historical Fiction"",""Classics"",""Fantasy"",""Epic Fantasy"",""Dark Fantasy"",""Time Travel"",""True Crime""]","[""Comedy"",""Stoner Comedy"",""British Comedy"",""Dark Comedy"",""Drama"",""British Dramas"",""Period Dramas"",""Crime"",""True Crime"",""Dark Crime"",""Fantasy"",""Epic Fantasy"",""Mind Bending"",""Horror"",""Thriller"",""Shocking Twists"",""Suspense"",""Psychological Thrillers"",""Mystery"",""Supernatural"",""Science Fiction"",""Outer Space"",""Time Travel"",""Dystopian"",""Alien"",""Documentary"",""Reality"",""Home Improvement""]","[""Crime"",""True Crime"",""Unsolved Crime"",""Relationship"",""Love"",""Interviews"",""News"",""Politics"",""TV & Movies""]",2021-12-18T13:56:45,app_user
0960,10,23,Books,Female,25-34,13,0,FALSE,FALSE,undefined,undefined,undefined,2020-05-21T13:42:23,app_user
0961,8,23,"TV/Movies, Books",Male,45-54,7,0,TRUE,FALSE,"[""Fantasy"",""Magic"",""High Fantasy"",""Epic Fantasy"",""Historical Fiction"",""Science Fiction"",""Dystopian Fiction"",""Time Travel"",""Outer Space"",""Classics"",""British Classics"",""Horror"",""Comedy"",""Humor"",""Thriller"",""Mystery""]","[""Comedy"",""Workplace Comedy"",""Stoner Comedy"",""British Comedy"",""Dark Comedy"",""Adult Cartoon"",""Fantasy"",""Epic Fantasy"",""Magic"",""Mind Bending"",""Superheroes"",""Comic Book Adaptations"",""Marvel"",""Thriller"",""Shocking Twists"",""Suspense"",""Psychological Thrillers"",""Mystery"",""Spy Thrillers"",""Horror"",""Supernatural"",""Slasher"",""Science Fiction"",""Time Travel"",""Dystopian"",""Alien"",""Anime"",""Zombie"",""Outer Space"",""Robots"",""Action & Adventure"",""Action"",""Adventure""]",undefined,2022-08-16T14:42:44,app_user
0962,8,23,"TV/Movies, Books, Podcasts",Male,55-64,undefined,undefined,FALSE,FALSE,undefined,undefined,undefined,2022-08-04T05:30:25,app_user
0963,7,23,"TV/Movies, Books",Female,35-44,39,0,TRUE,FALSE,"[""Fantasy"",""Magic"",""High Fantasy"",""Epic Fantasy"",""Romance"",""Romantic Comedies"",""Historical Fiction"",""World War 2"",""Classics"",""British Classics"",""Whodunit""]","[""Comedy"",""Romantic Comedy"",""British Comedy"",""Romance"",""Adult Cartoon"",""Drama"",""British Dramas"",""Period Dramas"",""Heists"",""Fantasy"",""Epic Fantasy"",""Magic"",""Mystery"",""Science Fiction"",""Outer Space"",""Time Travel"",""Action & Adventure"",""Adventure"",""Action""]",undefined,2021-10-05T13:23:38,app_user
0964,6,23,Books,Female,35-44,88,1,FALSE,FALSE,"[""Young Adult"",""Coming of Age"",""Comedy"",""Humor"",""Thriller"",""Shocking Twists"",""Psychological Thrillers"",""Spy Thrillers"",""Mystery"",""True Crime"",""Tearjerkers"",""Self Help"",""Motivation"",""Psychology"",""Whodunit"",""Memoirs"",""Romance"",""Romantic Comedies"",""Teen Romance"",""Historical Fiction""]","[""Comedy"",""Romantic Comedy"",""Workplace Comedy"",""Dark Comedy"",""Spoofs and Mockumentaries"",""Romance"",""Teen Romance"",""Drama"",""Family Dramas"",""British Dramas"",""Period Dramas"",""Courtroom Dramas"",""Tearjerkers"",""Crime"",""Family Friendly"",""Sitcoms"",""Documentary"",""Docuseries"",""Political""]","[""Comedy"",""Crime"",""Pop Culture"",""Relationship"",""Society & Culture"",""Celebrities"",""Fiction"",""Interviews""]",2021-12-08T11:45:28,app_user
0965,10,23,"TV/Movies, Books, Podcasts",Female,55-64,18,1,FALSE,FALSE,"[""Historical Fiction""]",undefined,undefined,undefined,app_user
0966,6,23,"TV/Movies, Books",Female,25-34,3,0,FALSE,FALSE,"[""Fantasy"",""Romance"",""Thriller"",""Psychological Thrillers"",""Spy Thrillers"",""Tearjerkers"",""True Crime"",""Epic Fantasy""]","[""Comedy"",""Romantic Comedy"",""Dark Comedy"",""Thriller"",""Psychological Thrillers"",""Mystery"",""Suspense"",""Fantasy""]",undefined,2023-01-11T18:31:52,app_user
0967,6,23,Books,Female,25-34,329,22,TRUE,TRUE,"[""Fantasy"",""Magic"",""High Fantasy"",""Dark Fantasy"",""Epic Fantasy"",""Urban Fantasy"",""Science Fiction"",""Dystopian Fiction"",""Outer Space""]","[""Anime""]",undefined,2022-08-30T06:24:56,app_user
0968,8,23,"TV/Movies, Books",Female,25-34,37,0,FALSE,TRUE,"[""Thriller"",""Shocking Twists"",""Psychological Thrillers"",""Historical Fiction"",""World War 2"",""Horror"",""Whodunit""]","[""Comedy"",""Drama"",""Crime"",""Dark Comedy"",""British Dramas"",""Period Dramas"",""Dark Crime"",""True Crime"",""Horror"",""Anime"",""Whodunit"",""LGBTQ+"",""Documentary"",""Reality"",""Docuseries""]",undefined,2021-04-10T14:12:32,app_user
0969,10,23,Books,Female,45-54,65,0,TRUE,FALSE,"[""Romance"",""Romantic Comedies"",""Cooking"",""Cookbooks"",""Holiday Cookbooks"",""Fantasy"",""Magic"",""Tearjerkers"",""Memoirs"",""Comedy"",""Teen Romance"",""Young Adult"",""Humor"",""Coming of Age""]",undefined,undefined,2021-10-18T14:57:38,app_user
0970,10,23,"TV/Movies, Books, Podcasts",Male,35-44,195,8,TRUE,TRUE,undefined,"[""Comedy"",""Workplace Comedy"",""British Comedy"",""Dark Comedy"",""Spoofs and Mockumentaries"",""Adult Cartoon"",""Drama"",""Family Dramas"",""British Dramas"",""Period Dramas"",""Fantasy"",""Epic Fantasy"",""Magic"",""Mind Bending"",""Superheroes"",""Comic Book Adaptations"",""Marvel"",""Thriller"",""Suspense"",""Shocking Twists"",""Psychological Thrillers"",""Science Fiction"",""Outer Space"",""Time Travel"",""Robots"",""Zombie"",""Dystopian"",""Alien"",""Black Cinema"",""Music"",""Reality"",""Competition"",""Home Improvement"",""Food"",""Documentary"",""Docuseries"",""LGBTQ+"",""Political"",""Biopic""]","[""Relationship"",""Love"",""Music"",""Pop Culture"",""Society & Culture"",""History"",""Science & Technology"",""Science""]",undefined,app_user
0971,2,24,TV/Movies,Male,45-54,null,null,null,null,null,null,null,null,newsletter
0972,7,24,"TV/Movies, Books",Female,18-24,undefined,undefined,FALSE,FALSE,undefined,undefined,undefined,undefined,app_user
0973,10,24,TV/Movies,Female,18-24,545,22,FALSE,FALSE,undefined,undefined,undefined,undefined,app_user
0974,9,24,"TV/Movies, Books, Podcasts",Male,65+,null,null,null,null,null,null,null,null,newsletter
0975,8,24,TV/Movies,Female,35-44,21,0,TRUE,FALSE,undefined,"[""Drama"",""Family Dramas"",""Courtroom Dramas"",""Tearjerkers"",""Horror"",""Crime"",""Dark Crime"",""True Crime"",""Thriller"",""Suspense"",""Shocking Twists"",""Psychological Thrillers"",""Mystery"",""Slasher"",""Reality"",""Reality Dating"",""Documentary"",""Docuseries""]",undefined,2021-02-16T08:26:46,app_user
0976,8,24,"TV/Movies, Books",Male,45-54,undefined,undefined,FALSE,FALSE,undefined,undefined,undefined,undefined,app_user
0977,8,24,TV/Movies,Female,45-54,289,2,FALSE,FALSE,"[""Memoirs"",""Tearjerkers"",""Whodunit""]",undefined,"[""News"",""Parenting"",""Health & Fitness"",""Mental Health"",""Relationship"",""TV & Movies""]",2020-01-14T17:14:08,app_user
0978,6,24,"TV/Movies, Books, Podcasts",Female,45-54,undefined,undefined,FALSE,FALSE,undefined,undefined,undefined,undefined,app_user
0979,4,24,"TV/Movies, Books, Podcasts",Female,18-24,195,1,TRUE,TRUE,"[""Romance"",""Young Adult"",""Teen Romance"",""Fantasy"",""Coming of Age"",""LGBTQ+"",""Romantic Comedies""]","[""Romance"",""Comedy"",""Romantic Comedy"",""Teen Romance"",""Teen"",""High School"",""LGBTQ+"",""Whodunit"",""Anime"",""Family Friendly"",""Disney"",""Sitcoms"",""Fantasy"",""Magic"",""Music""]","[""Comedy"",""Interviews"",""Fiction"",""Music"",""TV & Movies"",""Pop Culture"",""History""]",2021-09-29T18:30:06,app_user
0980,8,24,"TV/Movies, Books",Female,25-34,undefined,undefined,FALSE,FALSE,"[""Romance"",""Young Adult"",""Leadership"",""Historical Fiction"",""Classics"",""True Crime"",""Horror"",""Thriller"",""Memoirs"",""Tearjerkers"",""Coming of Age""]","[""Comedy"",""Romance"",""Thriller"",""Tearjerkers"",""Teen"",""Documentary"",""Biopic"",""Horror"",""Political"",""Drama"",""Action & Adventure""]",undefined,undefined,app_user
0981,8,24,"TV/Movies, Books",Female,35-44,undefined,undefined,FALSE,FALSE,undefined,undefined,undefined,undefined,app_user
0982,5,24,TV/Movies,Female,35-44,undefined,undefined,FALSE,FALSE,undefined,undefined,undefined,undefined,app_user
0983,10,24,Books,Female,25-34,654,3,TRUE,TRUE,"[""Whodunit"",""Historical Fiction""]",undefined,undefined,undefined,app_user
0984,8,24,TV/Movies,Male,25-34,105,1,FALSE,FALSE,"[""Fantasy"",""Young Adult"",""Science Fiction"",""Dystopian Fiction"",""Time Travel"",""Historical Fiction"",""Outer Space"",""Classics"",""Business"",""Entrepreneurship"",""Memoirs""]",undefined,undefined,2020-01-14T17:44:27,app_user
0985,10,24,Books,Female,35-44,393,1,TRUE,FALSE,"[""Romance"",""Romantic Comedies"",""Historical Fiction"",""Young Adult"",""Classics"",""British Classics""]","[""Comedy"",""Romantic Comedy"",""Romance"",""Family Friendly"",""Documentary"",""Teen Romance""]",undefined,2021-09-14T03:36:31,app_user
0986,10,24,Podcasts,Female,35-44,undefined,undefined,FALSE,FALSE,undefined,undefined,undefined,undefined,app_user
0987,7,24,Books,Female,35-44,332,0,TRUE,FALSE,"[""Fantasy"",""Historical Fiction"",""World War 2"",""True Crime"",""Whodunit"",""Science Fiction"",""Thriller"",""Magic"",""Time Travel"",""Spy Thrillers"",""Shocking Twists""]","[""Crime"",""Drama"",""British Dramas"",""Dark Crime"",""True Crime"",""Fantasy"",""Magic"",""Thriller"",""Psychological Thrillers"",""Spy Thrillers"",""Mystery"",""Shocking Twists"",""Sports"",""Football"",""Whodunit""]","[""Sports"",""True Crime"",""Relationship"",""History"",""Football"",""Science & Technology"",""Unsolved Crime"",""Science""]",2022-10-03T14:43:26,app_user
0988,5,24,"TV/Movies, Books",Male,55-64,null,null,null,null,null,null,null,null,newsletter
0989,8,24,TV/Movies,Male,55-64,undefined,undefined,FALSE,FALSE,undefined,undefined,undefined,undefined,app_user
0990,5,24,"TV/Movies, Books",Female,35-44,14,0,FALSE,FALSE,undefined,undefined,undefined,undefined,app_user
0991,9,24,TV/Movies,Male,55-64,253,43,FALSE,FALSE,undefined,undefined,undefined,2020-04-05T11:54:08,app_user
0992,8,24,TV/Movies,Male,65+,undefined,undefined,FALSE,FALSE,undefined,undefined,undefined,undefined,app_user
0993,7,24,Books,Female,35-44,42,0,FALSE,TRUE,"[""Fantasy"",""Magic"",""High Fantasy"",""Epic Fantasy"",""Romance"",""Romantic Comedies"",""Young Adult"",""Historical Fiction"",""World War 2"",""Science Fiction"",""Time Travel"",""Dystopian Fiction"",""Dark Fantasy""]","[""Comedy"",""Romantic Comedy"",""British Comedy"",""Romance"",""Drama"",""Period Dramas"",""British Dramas"",""Fantasy"",""Magic"",""Epic Fantasy"",""Superheroes"",""Thriller"",""Comic Book Adaptations"",""Marvel"",""Shocking Twists"",""Family Friendly"",""Disney"",""Sitcoms"",""Science Fiction"",""Music"",""Documentary"",""Teen"",""Family Dramas""]",undefined,2022-08-27T17:12:25,app_user
0994,7,24,"TV/Movies, Books",Female,55-64,33,0,FALSE,FALSE,"[""Historical Fiction"",""Whodunit"",""True Crime"",""Memoirs"",""Thriller"",""Shocking Twists"",""Psychological Thrillers"",""Mystery""]","[""Comedy"",""Thriller"",""Crime"",""Drama"",""Shocking Twists"",""Suspense"",""Psychological Thrillers"",""Mystery"",""Spy Thrillers"",""Documentary"",""Survival"",""Dark Crime"",""True Crime"",""Tearjerkers""]",undefined,2023-10-04T18:24:09,app_user
0995,4,24,TV/Movies,Female,55-64,undefined,undefined,FALSE,FALSE,undefined,undefined,undefined,undefined,app_user
0996,5,24,"TV/Movies, Books, Podcasts",Female,45-54,undefined,undefined,FALSE,FALSE,undefined,undefined,undefined,undefined,app_user
0997,7,24,"TV/Movies, Books",Female,35-44,496,2,FALSE,FALSE,undefined,"[""Thriller"",""Suspense"",""Psychological Thrillers"",""Drama"",""Courtroom Dramas"",""Crime"",""Comedy"",""Mystery"",""Action & Adventure"",""Survival""]",undefined,2020-02-26T08:10:59,app_user
0998,9,24,TV/Movies,Female,35-44,465,212,FALSE,FALSE,undefined,undefined,"[""Health & Fitness"",""Music"",""Crime"",""History"",""Mental Health"",""Family Friendly"",""Interviews"",""Science & Technology""]",undefined,app_user
0999,8,24,TV/Movies,Female,35-44,168,2,FALSE,FALSE,undefined,undefined,undefined,undefined,app_user
1000,5,24,"TV/Movies, Books",Female,65+,undefined,undefined,FALSE,FALSE,undefined,undefined,undefined,undefined,app_user
1001,7,24,TV/Movies,Female,45-54,undefined,undefined,FALSE,FALSE,undefined,"[""Comedy"",""Romance"",""Drama"",""Teen"",""Fantasy"",""Superheroes"",""Thriller"",""Family Friendly"",""Science Fiction"",""Anime"",""Action & Adventure"",""Music"",""Survival"",""Romantic Comedy"",""Spoofs and Mockumentaries"",""Adult Cartoon"",""Teen Romance"",""Family Dramas"",""Tearjerkers"",""High School"",""Epic Fantasy"",""Magic"",""Mind Bending"",""Comic Book Adaptations"",""Marvel"",""Shocking Twists"",""Mystery"",""Spy Thrillers"",""Sitcoms"",""Disney"",""Outer Space"",""Time Travel"",""Robots"",""Zombie"",""Alien"",""Action"",""Adventure"",""Post Apocalyptic""]",undefined,undefined,app_user
1002,8,24,TV/Movies,Male,35-44,196,2,FALSE,FALSE,undefined,undefined,undefined,undefined,app_user
1003,9,24,TV/Movies,Female,55-64,540,47,FALSE,FALSE,undefined,undefined,"[""Celebrities"",""Comedy"",""Business"",""Pop Culture"",""Health & Fitness"",""TV & Movies"",""Music"",""Interviews""]",2018-02-04T23:04:06,app_user
1004,6,24,Books,Female,45-54,163,0,FALSE,FALSE,"[""Romance"",""Thriller"",""Historical Fiction"",""Classics""]","[""Romance"",""Drama"",""Family Dramas"",""British Dramas"",""Thriller"",""Suspense"",""Psychological Thrillers""]","[""Crime"",""True Crime""]",2022-01-13T19:20:55,app_user
1005,10,24,TV/Movies,Male,55-64,undefined,undefined,FALSE,FALSE,undefined,undefined,undefined,undefined,app_user
1006,4,24,Books,Female,25-34,33,2,TRUE,FALSE,undefined,"[""Comedy"",""Romantic Comedy"",""Romance"",""Drama"",""Fantasy"",""Anime"",""LGBTQ+"",""Family Friendly"",""Disney"",""Sitcoms""]","[""Crime"",""Comedy"",""Relationship"",""Music""]",undefined,app_user
1007,8,24,Books,Female,25-34,25,0,TRUE,TRUE,"[""Young Adult"",""Teen Romance"",""Romance"",""Romantic Comedies"",""Whodunit"",""Thriller"",""Shocking Twists"",""Psychological Thrillers"",""Mystery"",""True Crime"",""Tearjerkers""]","[""Comedy"",""Romantic Comedy"",""Crime"",""Teen"",""True Crime"",""Dark Crime"",""Music"",""Reality"",""Competition"",""Reality Dating"",""Sports"",""Whodunit"",""Teen Romance""]","[""Crime"",""True Crime"",""Unsolved Crime""]",2021-12-19T06:37:01,app_user
1008,9,24,TV/Movies,Male,65+,undefined,undefined,FALSE,FALSE,undefined,undefined,undefined,undefined,app_user
1009,10,24,TV/Movies,Female,35-44,321,37,TRUE,FALSE,undefined,"[""Comedy"",""Romance"",""Anime"",""LGBTQ+""]",undefined,undefined,app_user
1010,5,24,TV/Movies,Female,25-34,26,0,FALSE,FALSE,undefined,undefined,undefined,2020-04-03T22:31:59,app_user
1011,10,24,"TV/Movies, Books, Podcasts",Female,25-34,119,0,FALSE,FALSE,undefined,undefined,undefined,2020-03-21T14:24:02,app_user
1012,7,24,"TV/Movies, Books",Female,35-44,null,null,null,null,null,null,null,null,newsletter
1013,3,24,"TV/Movies, Books",Male,65+,undefined,undefined,FALSE,FALSE,undefined,undefined,undefined,undefined,app_user
1014,5,24,Books,Female,18-24,20,0,FALSE,FALSE,"[""Fantasy"",""Young Adult"",""Romance"",""Coming of Age"",""LGBTQ+"",""Romantic Comedies""]","[""Romance"",""Drama"",""Crime"",""Science Fiction"",""Teen Romance""]","[""Crime"",""Science & Technology"",""True Crime"",""Music""]",undefined,app_user
1015,10,24,"TV/Movies, Books, Podcasts",Female,25-34,235,1,TRUE,TRUE,"[""Fantasy"",""Magic"",""Epic Fantasy"",""Romance"",""Romantic Comedies"",""Young Adult"",""Coming of Age"",""Comedy"",""Thriller"",""Shocking Twists"",""Psychological Thrillers"",""Mystery"",""Science Fiction"",""Dystopian Fiction"",""Time Travel"",""Historical Fiction"",""Classics"",""True Crime"",""Tearjerkers"",""Whodunit"",""Memoirs""]","[""Comedy"",""Romance"",""Workplace Comedy"",""Romantic Comedy"",""Teen Romance"",""Drama"",""Period Dramas"",""Crime"",""True Crime"",""Heists"",""Family Dramas"",""Fantasy"",""Epic Fantasy"",""Superheroes"",""Marvel"",""Thriller"",""Psychological Thrillers"",""Shocking Twists"",""Horror"",""Family Friendly"",""Disney"",""Science Fiction"",""Outer Space"",""Dystopian"",""Action & Adventure"",""Whodunit""]","[""Comedy"",""Crime"",""True Crime"",""Fiction"",""History""]",undefined,app_user
1016,10,24,"TV/Movies, Books",Female,45-54,207,0,TRUE,TRUE,"[""Thriller"",""Shocking Twists"",""Psychological Thrillers"",""Spy Thrillers"",""Comedy"",""Mystery"",""Historical Fiction"",""Horror"",""Humor""]","[""Comedy"",""British Comedy"",""Workplace Comedy"",""Dark Comedy"",""Drama"",""British Dramas"",""Period Dramas"",""Family Dramas"",""Courtroom Dramas"",""Crime"",""Dark Crime"",""True Crime"",""Heists"",""Vigilante"",""Tearjerkers"",""Thriller"",""Suspense"",""Shocking Twists"",""Psychological Thrillers"",""Mystery"",""Spy Thrillers"",""Horror"",""Reality""]",undefined,2021-03-24T10:21:50,app_user
1017,7,24,"TV/Movies, Books",Female,25-34,1,0,FALSE,FALSE,undefined,undefined,undefined,2020-06-19T12:04:42,app_user
1018,6,24,TV/Movies,Female,45-54,24,0,FALSE,FALSE,undefined,"[""Comedy"",""Music"",""Documentary""]",undefined,undefined,app_user
1019,7,24,"TV/Movies, Books",Female,35-44,372,7,TRUE,TRUE,"[""Fantasy"",""Magic"",""Dark Fantasy"",""Urban Fantasy"",""Young Adult"",""Comedy"",""Humor"",""Thriller"",""Shocking Twists"",""Psychological Thrillers"",""Mystery"",""Science Fiction"",""Dystopian Fiction"",""Time Travel"",""Outer Space"",""Classics"",""British Classics"",""Horror"",""Slasher"",""Paranormal"",""Tearjerkers"",""Whodunit"",""Cooking"",""Cookbooks"",""Holiday Cookbooks""]","[""Comedy"",""Romantic Comedy"",""Workplace Comedy"",""British Comedy"",""Dark Comedy"",""Adult Cartoon"",""Romance"",""Teen Romance"",""Drama"",""Family Dramas"",""British Dramas"",""Period Dramas"",""Courtroom Dramas"",""Tearjerkers"",""Crime"",""Dark Crime"",""Heists"",""Vigilante"",""Teen"",""High School"",""Fantasy"",""Epic Fantasy"",""Magic"",""Mind Bending"",""Superheroes"",""Thriller"",""Suspense"",""Shocking Twists"",""Psychological Thrillers"",""Mystery"",""Spy Thrillers"",""Horror"",""Supernatural"",""Slasher"",""Science Fiction"",""Time Travel"",""Zombie"",""Dystopian"",""Alien"",""Anime"",""Action & Adventure"",""Action"",""Adventure"",""Survival"",""Post Apocalyptic"",""Whodunit""]","[""Comedy"",""Fiction"",""Science & Technology"",""TV & Movies"",""Pop Culture"",""Society & Culture"",""History"",""News"",""Science"",""Technology""]",undefined,app_user
1020,10,24,TV/Movies,Female,25-34,265,0,FALSE,FALSE,undefined,undefined,"[""Comedy"",""Crime"",""Comedian"",""True Crime"",""Pop Culture"",""TV & Movies"",""Relationship"",""Society & Culture"",""Music"",""Celebrities"",""Health & Fitness"",""Fiction"",""Fitness"",""Health"",""Self Help"",""Beauty"",""News"",""Family Friendly""]",undefined,app_user
1021,7,24,Books,Female,35-44,9,0,FALSE,FALSE,"[""Romance"",""Thriller"",""Shocking Twists"",""Mystery"",""Classics"",""True Crime""]",undefined,undefined,2022-04-07T21:21:42,app_user
1022,8,24,TV/Movies,Male,45-54,undefined,undefined,FALSE,FALSE,undefined,undefined,undefined,undefined,app_user
1023,10,24,"TV/Movies, Books, Podcasts",Male,55-64,undefined,undefined,FALSE,FALSE,undefined,undefined,undefined,undefined,app_user
1024,1,24,TV/Movies,Male,65+,undefined,undefined,FALSE,FALSE,undefined,"[""Comedy"",""Drama"",""Crime"",""Fantasy"",""Superheroes"",""Science Fiction"",""Sports"",""Action & Adventure"",""War"",""Western"",""Political"",""British Comedy"",""Marvel"",""Comic Book Adaptations"",""Zombie"",""Football"",""Baseball"",""Basketball"",""Golf"",""Boxing"",""Outlaw Western""]",undefined,undefined,app_user
1025,7,24,"TV/Movies, Books, Podcasts",Male,45-54,undefined,undefined,FALSE,FALSE,undefined,"[""Comedy"",""Crime"",""Sports"",""Thriller"",""War""]",undefined,undefined,app_user
1026,10,24,Books,Female,25-34,141,1,FALSE,FALSE,undefined,undefined,"[""History"",""Crime"",""Unsolved Crime"",""TV & Movies"",""Health & Fitness"",""Parenting"",""Meditation"",""Mental Health"",""True Crime""]",2020-05-28T19:22:39,app_user
1027,10,24,TV/Movies,Male,65+,8,undefined,FALSE,FALSE,undefined,undefined,undefined,undefined,app_user
1028,8,24,"TV/Movies, Books, Podcasts",Male,55-64,107,0,FALSE,FALSE,undefined,undefined,"[""TV & Movies"",""Crime"",""True Crime"",""Music"",""Fiction"",""Comedy"",""Sports"",""Football""]",undefined,app_user
1029,8,24,"TV/Movies, Books, Podcasts",Male,35-44,274,0,TRUE,TRUE,"[""Thriller"",""Psychological Thrillers"",""Self Help"",""Mental Health"",""Motivation"",""Business"",""Leadership"",""Entrepreneurship"",""Classics"",""Mystery"",""Fantasy"",""Shocking Twists"",""Horror"",""Psychology""]","[""Comedy"",""Dark Comedy"",""Superheroes"",""Marvel"",""Thriller"",""Suspense"",""Psychological Thrillers"",""Horror"",""Science Fiction"",""Dystopian"",""Zombie"",""Black Cinema"",""Action & Adventure"",""Action"",""Adventure"",""Reality"",""Food"",""Documentary"",""Survival"",""Sports"",""Football"",""Baseball"",""Golf"",""Basketball"",""Docuseries"",""Fantasy"",""Crime"",""True Crime"",""Dark Crime"",""Drama""]","[""Relationship"",""Love"",""Dating"",""Science & Technology"",""Technology"",""Science"",""News"",""Politics"",""Interviews"",""Health & Fitness"",""Mental Health"",""Fitness"",""Self Help"",""Health"",""Pop Culture"",""Society & Culture""]",undefined,app_user
1030,10,24,TV/Movies,Female,45-54,50,0,FALSE,FALSE,undefined,"[""Comedy"",""Romance"",""Drama"",""Crime"",""Teen"",""Family Friendly"",""Music"",""Reality"",""Documentary"",""LGBTQ+"",""Biopic"",""Romantic Comedy"",""Workplace Comedy"",""Dark Comedy"",""Teen Romance"",""Family Dramas"",""British Dramas"",""Courtroom Dramas"",""Tearjerkers"",""True Crime"",""High School"",""Sitcoms"",""Disney"",""Reality Dating"",""Competition"",""Home Improvement"",""Food"",""Docuseries"",""Political""]",undefined,undefined,app_user
1031,10,24,"TV/Movies, Books",Female,25-34,571,1,FALSE,FALSE,"[""Fantasy"",""High Fantasy"",""Magic"",""Dark Fantasy"",""Romance"",""Romantic Comedies"",""Thriller"",""Psychological Thrillers"",""Shocking Twists""]","[""Comedy"",""Workplace Comedy"",""Spoofs and Mockumentaries"",""Dark Comedy"",""Adult Cartoon"",""Drama"",""British Dramas"",""Period Dramas"",""Thriller"",""Psychological Thrillers"",""Mystery"",""Fantasy"",""Epic Fantasy"",""Romantic Comedy"",""Suspense"",""Action & Adventure""]","[""Fiction"",""History"",""Comedy""]",2020-11-21T19:15:39,app_user
1032,10,24,"TV/Movies, Books, Podcasts",Male,25-34,6,0,FALSE,FALSE,undefined,undefined,"[""True Crime"",""Celebrities"",""Comedy"",""Parenting"",""Fiction"",""Relationship"",""Business"",""Pop Culture"",""Interviews"",""News"",""Kids"",""Health & Fitness"",""Sports"",""Music"",""TV & Movies"",""History""]",undefined,app_user
1033,8,24,"TV/Movies, Books",Female,35-44,null,null,null,null,null,null,null,null,newsletter
1034,5,24,"TV/Movies, Books",Female,35-44,10,1,FALSE,TRUE,undefined,"[""Comedy"",""Romantic Comedy"",""Workplace Comedy"",""Dark Comedy"",""Spoofs and Mockumentaries"",""Romance"",""Drama"",""Family Dramas"",""British Dramas"",""Period Dramas"",""Tearjerkers"",""Superheroes"",""Comic Book Adaptations"",""Marvel"",""Family Friendly"",""Disney"",""Action & Adventure"",""Action"",""Adventure"",""Music"",""Reality"",""Documentary"",""Sports"",""Football""]",undefined,2022-05-11T06:39:22,app_user
1035,10,24,TV/Movies,Male,35-44,23,0,FALSE,FALSE,"[""Thriller"",""Shocking Twists"",""Science Fiction"",""Dystopian Fiction"",""Time Travel"",""Outer Space"",""Self Help"",""Mental Health"",""Motivation"",""Psychology"",""Poetry"",""Entrepreneurship"",""Leadership"",""Memoirs"",""Sports"",""Psychological Thrillers"",""Spy Thrillers"",""Comedy"",""Humor"",""Fantasy"",""Urban Fantasy"",""Magic"",""Epic Fantasy""]","[""Adult Cartoon"",""Superheroes"",""Marvel"",""Stoner Comedy"",""Comedy"",""Drama"",""Courtroom Dramas"",""Family Dramas"",""Crime"",""True Crime"",""Vigilante"",""Comic Book Adaptations"",""Thriller"",""Suspense"",""Shocking Twists"",""Spy Thrillers"",""Family Friendly"",""Science Fiction"",""Outer Space"",""Time Travel"",""Robots"",""Dystopian"",""Alien"",""Anime"",""Action & Adventure"",""Action"",""Adventure"",""Survival"",""Post Apocalyptic"",""Sports"",""Football"",""Basketball"",""Baseball"",""Martial Arts"",""Boxing"",""War"",""Western"",""Outlaw Western"",""Mystery"",""Fantasy"",""Mind Bending"",""Epic Fantasy"",""Magic"",""Heists"",""Dark Crime"",""Dark Comedy"",""Workplace Comedy""]",undefined,undefined,app_user
1036,8,24,Books,Female,25-34,841,250,TRUE,TRUE,"[""Romance"",""Historical Fiction"",""Thriller"",""Young Adult"",""Mystery"",""Classics""]",undefined,undefined,undefined,app_user
1037,10,24,"TV/Movies, Books",Female,45-54,52,0,TRUE,FALSE,"[""Thriller"",""Shocking Twists"",""Psychological Thrillers"",""Mystery"",""Horror"",""Slasher"",""True Crime"",""Whodunit""]","[""Drama"",""British Dramas"",""Crime"",""Dark Crime"",""True Crime"",""Heists"",""Vigilante"",""Horror"",""Thriller"",""Shocking Twists"",""Psychological Thrillers"",""Mystery"",""Supernatural"",""Slasher"",""Whodunit"",""Suspense""]","[""Crime"",""True Crime"",""Unsolved Crime"",""TV & Movies"",""Health & Fitness"",""Fiction""]",2021-03-27T05:35:17,app_user
1038,9,24,"TV/Movies, Books",Female,25-34,16,0,TRUE,TRUE,"[""Romance"",""Thriller"",""Romantic Comedies"",""Mystery"",""Psychological Thrillers"",""Spy Thrillers"",""Shocking Twists"",""Young Adult""]","[""Drama"",""Thriller"",""Psychological Thrillers"",""Action & Adventure"",""Family Dramas"",""Crime"",""Shocking Twists"",""Suspense"",""Romantic Comedy"",""Teen"",""Superheroes"",""Marvel"",""Vigilante"",""Spy Thrillers"",""Adventure"",""Documentary"",""Docuseries""]",undefined,2022-05-03T23:28:19,app_user
1039,9,24,"Books, Podcasts",Female,25-34,13,0,TRUE,FALSE,"[""Thriller"",""Mystery"",""Young Adult"",""Whodunit"",""Memoirs"",""Shocking Twists"",""Psychological Thrillers"",""Tearjerkers""]",undefined,"[""Crime"",""Celebrities"",""Interviews"",""Relationship""]",2022-06-16T18:57:10,app_user
1040,1,24,"TV/Movies, Books, Podcasts",Female,45-54,undefined,undefined,FALSE,FALSE,undefined,undefined,undefined,undefined,app_user
1041,8,24,Books,Non-binary,25-34,6,0,FALSE,TRUE,"[""Young Adult"",""Fantasy"",""Dark Fantasy"",""LGBTQ+"",""Science Fiction"",""Dystopian Fiction"",""Thriller"",""Shocking Twists"",""Psychological Thrillers"",""Magic"",""Outer Space"",""Horror""]","[""LGBTQ+"",""Comedy"",""Workplace Comedy"",""Dark Comedy"",""Reality"",""Drama"",""Psychological Thrillers"",""Suspense"",""Thriller"",""Shocking Twists"",""Mind Bending""]","[""Fiction""]",2021-09-24T18:43:48,app_user
1042,7,24,"TV/Movies, Podcasts",Female,45-54,undefined,undefined,FALSE,FALSE,undefined,undefined,"[""Comedy"",""Fiction"",""Interviews"",""History""]",undefined,app_user
1043,7,24,"TV/Movies, Podcasts",Female,18-24,1065,20,TRUE,FALSE,"[""Romance"",""Romantic Comedies"",""Young Adult"",""Coming of Age"",""Historical Fiction"",""World War 2"",""Classics"",""British Classics"",""Tearjerkers"",""Poetry""]","[""Comedy"",""Romantic Comedy"",""Romance"",""Drama"",""Teen Romance"",""Period Dramas"",""Tearjerkers"",""Western"",""Outlaw Western"",""Documentary"",""Docuseries"",""Survival"",""British Dramas"",""Spoofs and Mockumentaries""]",undefined,2023-07-04T21:57:05,app_user
1044,7,24,TV/Movies,Male,25-34,undefined,undefined,FALSE,FALSE,undefined,"[""Comedy"",""Romance"",""Crime"",""Thriller"",""Tearjerkers"",""Superheroes"",""Documentary"",""Anime"",""Action & Adventure""]",undefined,undefined,app_user
1045,10,24,"TV/Movies, Books",Male,35-44,60,0,FALSE,FALSE,undefined,undefined,undefined,2020-03-21T07:57:57,app_user
1046,10,24,"TV/Movies, Books, Podcasts",Male,45-54,43,1,FALSE,FALSE,undefined,undefined,undefined,2020-02-21T20:22:11,app_user
1047,6,24,Books,Female,55-64,26,0,TRUE,TRUE,"[""Whodunit""]","[""Comedy"",""Romantic Comedy"",""British Comedy"",""Whodunit""]",undefined,2021-12-30T15:42:38,app_user
1048,10,24,Books,Female,25-34,51,0,TRUE,FALSE,"[""Fantasy"",""Magic"",""Romance"",""Teen Romance"",""Young Adult"",""Coming of Age"",""Thriller"",""Psychological Thrillers"",""Mystery"",""Horror"",""Slasher"",""Paranormal"",""Poetry""]","[""Comedy"",""Romance"",""Teen"",""Thriller"",""Psychological Thrillers"",""Horror"",""Documentary"",""Supernatural"",""Slasher""]","[""TV & Movies"",""Crime"",""True Crime"",""Unsolved Crime""]",2021-04-06T19:26:35,app_user
1049,8,24,"TV/Movies, Books",Female,45-54,undefined,0,TRUE,FALSE,"[""Fantasy"",""Magic"",""High Fantasy"",""Romance"",""Romantic Comedies"",""Young Adult"",""Comedy"",""Thriller"",""Psychological Thrillers"",""Shocking Twists"",""Spy Thrillers"",""Mystery"",""Science Fiction"",""Dystopian Fiction"",""Historical Fiction"",""Classics"",""British Classics"",""True Crime"",""Whodunit""]","[""Comedy"",""Romantic Comedy"",""British Comedy"",""Workplace Comedy"",""Romance"",""Crime"",""True Crime"",""Fantasy"",""Family Friendly"",""Sitcoms"",""Disney"",""Action & Adventure"",""Music"",""Reality"",""Reality Dating"",""Competition"",""Home Improvement"",""Food"",""Whodunit""]","[""Comedy"",""Comedian"",""Crime"",""True Crime"",""Unsolved Crime"",""TV & Movies"",""Fiction"",""News"",""Family Friendly""]",undefined,app_user
1050,9,24,Books,Female,35-44,25,0,FALSE,TRUE,"[""Fantasy"",""Magic"",""Epic Fantasy"",""Romance"",""Romantic Comedies"",""Teen Romance"",""Young Adult"",""Coming of Age"",""Comedy"",""Comedian"",""Humor"",""Thriller"",""Shocking Twists"",""Psychological Thrillers"",""Mystery"",""Science Fiction"",""Classics"",""British Classics"",""True Crime"",""Horror"",""Self Help"",""Motivation"",""Whodunit"",""Memoirs"",""Sports""]","[""Comedy"",""Romantic Comedy"",""Workplace Comedy"",""Stoner Comedy"",""Romance"",""Drama"",""Period Dramas"",""Courtroom Dramas"",""Crime"",""True Crime"",""Sports"",""Football"",""Horror"",""Slasher""]","[""Comedy"",""Comedian"",""Crime"",""True Crime"",""Unsolved Crime"",""TV & Movies"",""Music"",""Celebrities"",""Health & Fitness"",""Health"",""Fitness"",""Self Help"",""Beauty"",""Sports"",""Football"",""Science & Technology"",""Science"",""Technology""]",2021-09-30T17:28:05,app_user
1051,10,24,"TV/Movies, Books, Podcasts",Female,45-54,97,0,FALSE,TRUE,"[""Thriller"",""True Crime"",""Romance"",""Psychological Thrillers"",""Shocking Twists"",""Mystery""]","[""Crime"",""Comedy"",""Romantic Comedy"",""Drama"",""Horror"",""Thriller"",""Mystery"",""Psychological Thrillers"",""Suspense"",""Biopic""]",undefined,2021-07-13T18:10:59,app_user
1052,9,24,"TV/Movies, Books",Female,55-64,undefined,undefined,FALSE,FALSE,undefined,undefined,undefined,undefined,app_user
1053,7,24,TV/Movies,Female,18-24,80,1,FALSE,TRUE,"[""Romance"",""Young Adult"",""Poetry"",""Thriller"",""Fantasy""]","[""Romance"",""Horror"",""Documentary"",""Drama"",""Period Dramas"",""Thriller"",""Psychological Thrillers"",""Survival""]",undefined,2024-04-08T19:31:21,app_user
1054,9,24,"TV/Movies, Books",Female,35-44,687,1,FALSE,FALSE,"[""Romance"",""Romantic Comedies"",""Historical Fiction"",""Teen Romance"",""Self Help"",""Motivation""]",undefined,undefined,2020-04-28T15:54:17,app_user
1055,10,24,"TV/Movies, Books",Female,55-64,19,22,FALSE,FALSE,"[""Historical Fiction"",""Self Help"",""Cooking""]","[""Comedy"",""Workplace Comedy"",""British Comedy"",""Spoofs and Mockumentaries"",""Superheroes"",""Action & Adventure"",""Adventure"",""Documentary""]",undefined,2021-10-22T18:52:25,app_user
1056,7,24,Books,Female,18-24,119,5,TRUE,FALSE,"[""Young Adult"",""Fantasy"",""Magic"",""Comedy"",""Whodunit"",""Epic Fantasy"",""Romance"",""Romantic Comedies"",""Science Fiction"",""Dystopian Fiction"",""Historical Fiction"",""Coming of Age"",""Classics"",""British Classics"",""Children's Books""]","[""Comedy"",""Romantic Comedy"",""Spoofs and Mockumentaries"",""British Comedy"",""Whodunit"",""Superheroes"",""Marvel"",""Comic Book Adaptations"",""Teen"",""Fantasy"",""Family Friendly"",""Sitcoms"",""Disney"",""Action & Adventure""]","[""TV & Movies"",""Pop Culture"",""Society & Culture"",""History"",""Fiction"",""Science & Technology"",""Science"",""Interviews"",""Celebrities"",""Comedy""]",2021-09-12T18:02:28,app_user
1057,9,24,"TV/Movies, Books",Female,18-24,75,4,TRUE,FALSE,"[""Fantasy"",""Romance"",""Young Adult"",""Thriller"",""Historical Fiction"",""World War 2"",""True Crime"",""Poetry"",""LGBTQ+"",""Spy Thrillers"",""Shocking Twists"",""Teen Romance"",""Epic Fantasy"",""Magic"",""Dark Fantasy""]","[""Romance"",""LGBTQ+"",""Documentary"",""Reality"",""Competition"",""Anime"",""Teen Romance"",""Fantasy"",""Magic"",""Epic Fantasy""]","[""Family Friendly"",""Interviews"",""Celebrities"",""Crime"",""Unsolved Crime"",""Fiction""]",2021-10-10T06:07:48,app_user
1058,9,24,"TV/Movies, Books, Podcasts",Female,35-44,9,0,FALSE,FALSE,undefined,undefined,undefined,2020-07-06T20:31:12,app_user
1059,7,24,Books,Female,35-44,3,0,FALSE,FALSE,"[""Whodunit"",""True Crime"",""Horror"",""Thriller"",""Tearjerkers""]","[""Comedy"",""Romance"",""Crime"",""Music"",""Thriller"",""Tearjerkers"",""Documentary"",""Horror"",""Reality"",""Whodunit"",""Drama""]",undefined,undefined,app_user
1060,10,24,TV/Movies,Male,45-54,58,0,FALSE,FALSE,undefined,undefined,undefined,undefined,app_user
1061,5,24,TV/Movies,Male,35-44,130,6,FALSE,FALSE,undefined,undefined,undefined,undefined,app_user
1062,5,24,Books,Female,25-34,12,0,TRUE,FALSE,"[""Fantasy"",""High Fantasy"",""Comedy"",""Humor"",""Science Fiction"",""Historical Fiction"",""Classics"",""Whodunit"",""Cooking""]",undefined,undefined,2022-04-04T17:19:08,app_user
1063,8,24,TV/Movies,Female,35-44,171,0,TRUE,FALSE,"[""Romance"",""Young Adult"",""True Crime""]","[""Comedy"",""Romance"",""Crime"",""Family Friendly"",""Tearjerkers""]","[""True Crime"",""Comedy"",""Relationship""]",2021-01-01T06:03:05,app_user
1064,6,24,Books,Male,55-64,null,null,null,null,null,null,null,null,newsletter
1065,9,24,TV/Movies,Male,25-34,8,0,FALSE,FALSE,undefined,undefined,undefined,undefined,app_user
1066,4,24,Books,Male,65+,45,0,FALSE,TRUE,"[""Thriller"",""Mystery""]",undefined,undefined,undefined,app_user
1067,7,24,"TV/Movies, Books, Podcasts",Female,35-44,49,0,TRUE,TRUE,"[""Fantasy"",""Magic"",""Dark Fantasy"",""Epic Fantasy"",""Romance"",""Romantic Comedies"",""Teen Romance"",""Young Adult"",""Thriller"",""Shocking Twists"",""Psychological Thrillers"",""Mystery"",""Spy Thrillers"",""Historical Fiction"",""Classics"",""True Crime"",""Tearjerkers"",""Memoirs""]","[""Comedy"",""Romantic Comedy"",""Romance"",""Teen Romance"",""Drama"",""Family Dramas"",""Tearjerkers"",""Teen"",""Crime"",""High School"",""Fantasy"",""Thriller"",""Suspense"",""Shocking Twists"",""Psychological Thrillers"",""Mystery"",""Family Friendly"",""Disney"",""Music"",""Reality"",""Reality Dating"",""Home Improvement"",""Documentary"",""Competition"",""Food""]",undefined,undefined,app_user
1068,8,24,Books,Female,55-64,42,1,FALSE,TRUE,undefined,"[""Comedy"",""British Comedy"",""Dark Comedy"",""Crime"",""True Crime"",""Superheroes"",""Comic Book Adaptations"",""Marvel"",""Thriller"",""Suspense"",""Shocking Twists"",""Psychological Thrillers"",""Mystery"",""Science Fiction"",""Dystopian"",""Action & Adventure"",""Documentary"",""Reality"",""Docuseries"",""Whodunit"",""Political"",""Biopic""]",undefined,2021-07-20T05:11:42,app_user
1069,10,24,"TV/Movies, Books",Female,45-54,303,0,TRUE,TRUE,"[""Memoirs"",""Cooking"",""Comedy"",""Humor"",""Classics"",""Historical Fiction"",""Whodunit"",""Thriller"",""Shocking Twists"",""Psychological Thrillers""]","[""Comedy"",""Romantic Comedy"",""Dark Comedy"",""Drama"",""Family Dramas"",""Courtroom Dramas"",""Reality"",""Reality Dating"",""Competition"",""Whodunit"",""Romance"",""Crime"",""Teen"",""Thriller"",""Action & Adventure"",""Music"",""Documentary"",""Workplace Comedy"",""British Comedy"",""British Dramas"",""True Crime"",""Dark Crime"",""Vigilante"",""High School"",""Teen Romance"",""Suspense"",""Shocking Twists"",""Psychological Thrillers"",""Mystery"",""Action"",""Adventure"",""Home Improvement"",""Food"",""Docuseries""]",undefined,2022-01-03T19:14:51,app_user
1070,9,24,TV/Movies,Female,45-54,225,19,FALSE,FALSE,undefined,undefined,"[""Comedy"",""Crime"",""Science & Technology"",""History"",""Pop Culture"",""Business""]",2020-04-18T17:40:37,app_user
1071,7,24,"TV/Movies, Books",Female,65+,null,null,null,null,null,null,null,null,newsletter
1072,10,24,"TV/Movies, Books",Female,55-64,175,0,TRUE,TRUE,"[""Comedy"",""Thriller"",""Humor"",""Comedian"",""Shocking Twists"",""Psychological Thrillers"",""Spy Thrillers"",""Classics"",""Horror"",""True Crime"",""Self Help"",""Whodunit"",""Cooking"",""Psychology"",""Holiday Cookbooks"",""Memoirs"",""Sports"",""Mental Health"",""Tearjerkers"",""Science Fiction"",""Mystery"",""Motivation"",""Romance"",""Romantic Comedies"",""Business"",""Entrepreneurship"",""Young Adult"",""Coming of Age"",""Paranormal"",""Slasher"",""British Classics"",""Cookbooks"",""LGBTQ+""]","[""Comedy"",""Romantic Comedy"",""Workplace Comedy"",""Stoner Comedy"",""Dark Comedy"",""Spoofs and Mockumentaries"",""Adult Cartoon"",""Romance"",""Drama"",""Family Dramas"",""Tearjerkers"",""Courtroom Dramas"",""Crime"",""True Crime"",""Dark Crime"",""Heists"",""Vigilante"",""Thriller"",""Superheroes"",""Suspense"",""Marvel"",""Comic Book Adaptations"",""British Comedy"",""British Dramas""]","[""Comedy"",""Comedian"",""Crime"",""True Crime"",""Unsolved Crime"",""TV & Movies"",""Relationship"",""Love"",""Dating"",""Music"",""Celebrities"",""Pop Culture"",""Society & Culture"",""Fiction"",""History"",""Health & Fitness"",""Health"",""Fitness"",""Mental Health"",""Self Help"",""Beauty"",""Meditation"",""Parenting"",""News"",""Interviews"",""Politics"",""Sports"",""Science & Technology"",""Basketball"",""Science"",""Technology"",""Football"",""Business"",""Family Friendly"",""Entrepreneurs"",""Kids""]",2021-08-03T20:50:55,app_user
1073,9,24,"TV/Movies, Books, Podcasts",Female,65+,454,0,TRUE,FALSE,"[""Romance"",""Romantic Comedies"",""Comedy"",""Humor"",""Tearjerkers"",""Self Help"",""Memoirs"",""Comedian""]","[""Comedy"",""Romantic Comedy"",""Drama"",""Music"",""Reality"",""Competition"",""Food"",""Documentary"",""Biopic"",""Family Dramas""]","[""Comedy"",""TV & Movies"",""Relationship"",""Pop Culture"",""Celebrities"",""Interviews""]",2021-03-28T12:39:33,app_user
1074,4,24,TV/Movies,Male,35-44,59,0,TRUE,TRUE,"[""Self Help"",""Psychology"",""True Crime"",""Motivation"",""Mental Health"",""Thriller"",""Shocking Twists""]","[""Horror"",""Black Cinema"",""Romance"",""Comedy"",""Romantic Comedy"",""Slasher"",""Music""]",undefined,undefined,app_user
1075,8,24,TV/Movies,Female,55-64,31,0,TRUE,FALSE,"[""Romance"",""Historical Fiction"",""True Crime"",""Memoirs"",""Whodunit"",""Classics"",""Leadership""]","[""Drama"",""Courtroom Dramas"",""Period Dramas"",""True Crime"",""Documentary"",""Docuseries"",""Comedy"",""Romantic Comedy"",""Workplace Comedy"",""Romance"",""British Dramas""]",undefined,2020-12-20T08:58:16,app_user
1076,6,24,"Books, Podcasts",Female,35-44,39,0,FALSE,FALSE,undefined,"[""Comedy"",""Romance"",""Crime"",""True Crime"",""Dark Comedy"",""British Comedy"",""Workplace Comedy"",""Romantic Comedy"",""Teen Romance"",""Drama"",""British Dramas"",""Courtroom Dramas"",""Thriller"",""Suspense"",""Action & Adventure"",""Action""]","[""Comedy"",""Crime"",""True Crime"",""Interviews""]",2020-08-14T17:56:42,app_user
1077,5,24,TV/Movies,Female,65+,undefined,undefined,FALSE,FALSE,undefined,"[""Comedy"",""Western"",""Action & Adventure"",""Crime"",""Superheroes"",""Thriller"",""Reality"",""Survival"",""Documentary"",""Romantic Comedy"",""Workplace Comedy"",""True Crime"",""Heists"",""Vigilante"",""Marvel"",""Mystery"",""Spy Thrillers"",""Suspense"",""Action"",""Adventure"",""Competition"",""Home Improvement"",""Post Apocalyptic""]",undefined,undefined,app_user
1078,3,24,"TV/Movies, Books, Podcasts",Female,25-34,24,0,FALSE,FALSE,undefined,undefined,"[""Crime""]",2020-01-19T08:17:06,app_user
1079,7,24,Books,Male,18-24,139,0,TRUE,TRUE,"[""Fantasy"",""Dark Fantasy"",""High Fantasy"",""Magic"",""Science Fiction"",""Outer Space"",""Historical Fiction""]","[""Horror"",""Science Fiction"",""Supernatural"",""Slasher"",""Robots"",""Outer Space"",""Alien"",""Anime""]",undefined,undefined,app_user
1080,7,24,TV/Movies,Female,35-44,24,0,FALSE,FALSE,undefined,undefined,undefined,2020-03-12T14:14:11,app_user
1081,10,24,"TV/Movies, Books, Podcasts",Female,45-54,null,null,null,null,null,null,null,null,newsletter
1082,6,24,"TV/Movies, Podcasts",Female,18-24,undefined,undefined,FALSE,FALSE,undefined,undefined,undefined,undefined,app_user
1083,7,24,Books,Female,45-54,97,86,TRUE,TRUE,"[""Thriller"",""Psychological Thrillers"",""Horror"",""Paranormal"",""Science Fiction"",""True Crime"",""Shocking Twists""]",undefined,"[""Comedy"",""Fiction"",""Science & Technology"",""Science"",""Technology"",""Comedian""]",undefined,app_user
1084,7,24,"TV/Movies, Books, Podcasts",Female,55-64,undefined,undefined,FALSE,FALSE,undefined,undefined,undefined,undefined,app_user
1085,8,24,"Books, Podcasts",Female,25-34,31,0,TRUE,FALSE,"[""Romance"",""Historical Fiction"",""True Crime"",""Whodunit""]",undefined,undefined,2021-03-23T10:20:07,app_user
1086,10,24,"TV/Movies, Books",Male,65+,63,0,FALSE,FALSE,undefined,undefined,undefined,2019-11-19T07:50:15,app_user
1087,9,24,"Books, Podcasts",Female,25-34,null,null,null,null,null,null,null,null,newsletter
1088,7,24,"TV/Movies, Books",Female,35-44,1203,52,FALSE,TRUE,"[""Fantasy"",""Magic"",""High Fantasy"",""Urban Fantasy"",""Epic Fantasy"",""Romance"",""Teen Romance"",""Romantic Comedies"",""Young Adult"",""Coming of Age"",""Comedy"",""Humor"",""Science Fiction"",""Dystopian Fiction"",""Time Travel"",""Historical Fiction"",""Classics"",""Whodunit""]","[""Comedy"",""Romantic Comedy"",""Adult Cartoon"",""Fantasy"",""Magic"",""Epic Fantasy"",""Superheroes"",""Marvel"",""Family Friendly"",""Disney"",""Anime"",""Whodunit"",""Documentary"",""Docuseries"",""Teen"",""Science Fiction"",""Time Travel"",""Action & Adventure""]","[""Comedy"",""Pop Culture"",""Family Friendly"",""History"",""Society & Culture"",""TV & Movies""]",undefined,app_user
1089,3,24,"TV/Movies, Books",Female,65+,40,2,FALSE,FALSE,undefined,undefined,undefined,undefined,app_user
1090,8,24,TV/Movies,Female,55-64,521,155,TRUE,TRUE,undefined,undefined,undefined,undefined,app_user
1091,10,24,TV/Movies,Female,55-64,600,0,TRUE,FALSE,undefined,"[""Comedy"",""Romantic Comedy"",""Workplace Comedy"",""British Comedy"",""Dark Comedy"",""Spoofs and Mockumentaries"",""Romance"",""Drama"",""British Dramas"",""Period Dramas"",""Courtroom Dramas"",""Tearjerkers"",""Family Dramas"",""Teen"",""Superheroes"",""Comic Book Adaptations"",""Marvel"",""Thriller"",""Suspense"",""Psychological Thrillers"",""Mystery"",""Spy Thrillers"",""Shocking Twists"",""Horror"",""Family Friendly"",""Supernatural"",""Sitcoms"",""Science Fiction"",""Outer Space"",""Zombie"",""Dystopian"",""Alien"",""Time Travel"",""Anime"",""Action & Adventure"",""Action"",""Music"",""Documentary"",""Reality"",""Competition"",""Food"",""Home Improvement"",""Docuseries"",""Sports"",""Baseball"",""Football"",""War"",""Whodunit"",""Political"",""Biopic""]",undefined,undefined,app_user
1092,6,24,"TV/Movies, Books, Podcasts",Female,55-64,484,5,TRUE,TRUE,"[""Thriller"",""Shocking Twists"",""Psychological Thrillers"",""Mystery"",""Historical Fiction""]","[""Drama"",""Thriller"",""Horror"",""Science Fiction"",""Action & Adventure""]","[""Crime"",""True Crime"",""Unsolved Crime"",""Pop Culture"",""History"",""Relationship""]",2021-07-10T03:53:00,app_user
1093,8,24,TV/Movies,Female,55-64,undefined,undefined,FALSE,FALSE,undefined,"[""Comedy"",""Romance"",""Drama"",""Crime"",""Superheroes"",""Thriller"",""Horror"",""Black Cinema"",""Action & Adventure"",""Music"",""Romantic Comedy"",""Workplace Comedy"",""Courtroom Dramas"",""Tearjerkers"",""Heists"",""Marvel"",""Suspense"",""Psychological Thrillers"",""Shocking Twists"",""Mystery"",""Supernatural""]",undefined,undefined,app_user
1094,10,24,TV/Movies,Female,35-44,96,3,FALSE,FALSE,"[""Romance"",""Romantic Comedies"",""Self Help"",""Mental Health"",""Cooking"",""Cookbooks"",""Holiday Cookbooks"",""Memoirs"",""Comedy"",""Comedian""]","[""Romance"",""Comedy"",""Romantic Comedy"",""Family Friendly"",""Sitcoms"",""Action & Adventure"",""Action"",""Documentary"",""Adventure"",""Reality"",""Drama"",""British Dramas"",""Family Dramas"",""Workplace Comedy"",""Spoofs and Mockumentaries"",""Stoner Comedy""]","[""Comedy"",""TV & Movies"",""Comedian"",""Relationship"",""Pop Culture"",""Celebrities"",""Science & Technology"",""Science"",""Family Friendly"",""Kids"",""Parenting"",""Interviews"",""Society & Culture""]",2022-09-16T10:16:45,app_user
1095,5,24,Books,Female,25-34,25,0,FALSE,FALSE,undefined,undefined,undefined,2020-04-21T06:42:09,app_user
1096,9,24,TV/Movies,Female,25-34,undefined,undefined,FALSE,FALSE,undefined,undefined,undefined,undefined,app_user
1097,10,24,"TV/Movies, Books",Female,45-54,65,0,TRUE,FALSE,"[""Fantasy"",""Young Adult"",""Horror"",""True Crime""]",undefined,"[""Comedy"",""Crime"",""True Crime"",""Unsolved Crime"",""TV & Movies"",""Music"",""Celebrities"",""Science & Technology"",""Science"",""Technology""]",2020-07-09T17:21:04,app_user
1098,5,24,"TV/Movies, Books, Podcasts",Female,25-34,null,null,null,null,null,null,null,null,newsletter
1099,8,24,Books,Female,35-44,95,0,TRUE,TRUE,"[""Fantasy"",""Magic"",""Romance"",""Young Adult"",""Science Fiction""]","[""Romance"",""Comedy"",""Romantic Comedy"",""Drama"",""Fantasy"",""Magic"",""Epic Fantasy"",""Science Fiction"",""Action & Adventure"",""Crime"",""Family Dramas""]",undefined,undefined,app_user
1100,3,24,"TV/Movies, Books, Podcasts",Female,45-54,23,6,TRUE,TRUE,undefined,"[""Comedy"",""Romantic Comedy"",""British Comedy"",""Dark Comedy"",""Spoofs and Mockumentaries"",""Romance"",""Drama"",""Teen Romance"",""British Dramas"",""Family Dramas"",""Period Dramas"",""Courtroom Dramas"",""Tearjerkers"",""Crime"",""Dark Crime"",""True Crime"",""Heists"",""Vigilante"",""Teen"",""High School"",""Fantasy"",""Epic Fantasy"",""Magic"",""Mind Bending"",""Superheroes"",""Thriller"",""Marvel"",""Comic Book Adaptations"",""Suspense"",""Shocking Twists"",""Psychological Thrillers"",""Mystery"",""Spy Thrillers"",""Family Friendly"",""Disney"",""Science Fiction"",""Outer Space"",""Time Travel"",""Black Cinema"",""Action & Adventure"",""Action"",""Adventure"",""Music"",""Reality"",""Reality Dating"",""Competition"",""Food"",""Documentary"",""Survival"",""Docuseries"",""War"",""Whodunit"",""Western"",""Political"",""Biopic"",""Outlaw Western"",""Workplace Comedy"",""Stoner Comedy"",""Sports"",""Football"",""Baseball"",""Basketball"",""Martial Arts"",""Boxing""]","[""Interviews"",""TV & Movies"",""Celebrities"",""History"",""News""]",undefined,app_user
1101,8,24,TV/Movies,Female,25-34,13,1,FALSE,FALSE,"[""Thriller"",""Shocking Twists"",""Psychological Thrillers"",""Science Fiction"",""Dystopian Fiction"",""Memoirs"",""Young Adult"",""Coming of Age"",""Tearjerkers"",""Mystery"",""Comedy"",""Humor"",""Comedian"",""Time Travel"",""Classics"",""Poetry""]","[""Comedy"",""Romantic Comedy"",""Workplace Comedy"",""British Comedy"",""Dark Comedy"",""Crime"",""Heists"",""Fantasy"",""Thriller"",""Shocking Twists"",""Psychological Thrillers"",""Suspense"",""Science Fiction"",""Dystopian"",""Time Travel"",""Outer Space"",""Robots"",""Action & Adventure"",""Action"",""Reality"",""Documentary"",""Docuseries"",""Whodunit"",""Reality Dating"",""Home Improvement"",""Competition"",""Food""]","[""Comedy"",""Comedian"",""Pop Culture"",""Celebrities"",""Interviews""]",2022-04-26T21:26:16,app_user
1102,9,24,TV/Movies,Male,65+,468,14,TRUE,TRUE,undefined,"[""Drama"",""Courtroom Dramas"",""Tearjerkers"",""Crime"",""Thriller"",""Family Friendly"",""Suspense"",""Psychological Thrillers"",""Mystery"",""Shocking Twists"",""Spy Thrillers"",""Reality"",""Music"",""Family Dramas"",""Comedy"",""Whodunit""]",undefined,2022-06-25T14:54:59,app_user
1103,10,24,TV/Movies,Female,35-44,1524,0,FALSE,FALSE,"[""Comedy"",""Romance"",""Young Adult"",""Romantic Comedies"",""Teen Romance"",""Science Fiction"",""Dystopian Fiction""]","[""Comedy"",""Romance"",""Family Friendly"",""Crime"",""Music"",""Science Fiction"",""Teen"",""War"",""Drama""]","[""Celebrities"",""Comedy"",""Parenting"",""Pop Culture"",""TV & Movies""]",2020-10-06T19:20:30,app_user
1104,8,24,"TV/Movies, Books",Female,45-54,274,0,TRUE,TRUE,"[""Thriller"",""Shocking Twists"",""Psychological Thrillers"",""Spy Thrillers"",""Mystery"",""Historical Fiction"",""Memoirs"",""World War 2"",""True Crime"",""Tearjerkers""]","[""Comedy"",""Romantic Comedy"",""Workplace Comedy"",""Family Friendly"",""Sitcoms"",""British Comedy"",""Drama"",""Family Dramas"",""Tearjerkers"",""Crime"",""True Crime""]",undefined,2022-03-25T19:50:38,app_user
1105,0,24,"TV/Movies, Books, Podcasts",Female,65+,undefined,undefined,FALSE,FALSE,undefined,"[""Political"",""Drama"",""Documentary"",""British Dramas"",""Courtroom Dramas""]",undefined,undefined,app_user
1106,7,24,Books,Female,45-54,294,0,TRUE,TRUE,"[""Historical Fiction"",""True Crime"",""Whodunit"",""Comedy"",""Humor"",""Thriller"",""Mystery"",""Shocking Twists"",""Psychological Thrillers"",""Young Adult""]","[""Comedy"",""Dark Comedy"",""Action & Adventure"",""Western"",""Outlaw Western"",""Thriller"",""Mystery"",""Shocking Twists"",""British Comedy""]","[""Comedy"",""Crime"",""True Crime"",""Unsolved Crime"",""Fiction""]",2021-11-02T07:49:46,app_user
1107,8,24,TV/Movies,Female,65+,undefined,undefined,FALSE,FALSE,undefined,"[""Drama"",""Crime"",""Thriller"",""British Dramas"",""Period Dramas"",""Courtroom Dramas"",""Psychological Thrillers"",""Mystery"",""Dark Crime"",""Suspense""]",undefined,undefined,app_user
1108,8,24,"TV/Movies, Books",Female,35-44,undefined,undefined,FALSE,FALSE,undefined,undefined,undefined,undefined,app_user
1109,6,24,Books,Female,35-44,293,2,TRUE,TRUE,"[""Fantasy"",""Magic"",""Dark Fantasy"",""Romance"",""Romantic Comedies"",""Teen Romance"",""Young Adult"",""Comedy"",""Science Fiction"",""Comedian"",""Dystopian Fiction"",""Time Travel"",""Outer Space"",""Historical Fiction"",""LGBTQ+"",""Self Help"",""Motivation"",""Psychology"",""Cooking"",""Holiday Cookbooks"",""Cookbooks"",""Memoirs"",""Children's Books"",""Horror"",""Paranormal"",""Humor""]","[""Comedy"",""Romantic Comedy"",""Workplace Comedy"",""British Comedy"",""Dark Comedy"",""Spoofs and Mockumentaries"",""Adult Cartoon"",""Romance"",""Superheroes"",""Fantasy"",""Magic"",""Comic Book Adaptations"",""Marvel"",""Thriller"",""Suspense"",""Shocking Twists"",""Psychological Thrillers"",""Mystery"",""Horror"",""Supernatural"",""Family Friendly"",""Sitcoms"",""Disney"",""Science Fiction"",""Outer Space"",""Time Travel"",""Robots"",""Zombie"",""Dystopian"",""Alien"",""Black Cinema"",""Action & Adventure"",""Action"",""Adventure"",""Documentary"",""LGBTQ+"",""Mind Bending"",""Teen"",""Epic Fantasy""]","[""TV & Movies"",""News"",""Politics"",""Health & Fitness"",""Health"",""Mental Health"",""Self Help"",""Meditation""]",undefined,app_user
1110,9,24,"TV/Movies, Books",Female,55-64,46,3,FALSE,FALSE,"[""Thriller"",""Mystery"",""Historical Fiction"",""Shocking Twists"",""True Crime""]","[""Comedy"",""Romantic Comedy"",""British Comedy"",""Dark Comedy"",""Workplace Comedy"",""Thriller"",""Drama"",""Shocking Twists"",""Psychological Thrillers"",""Black Cinema"",""Music"",""Documentary"",""Reality"",""Docuseries"",""Mystery""]",undefined,2022-10-30T04:08:29,app_user
1111,5,24,TV/Movies,Female,65+,undefined,undefined,FALSE,FALSE,undefined,"[""Drama"",""Crime"",""Thriller"",""Reality"",""Documentary"",""Whodunit"",""British Dramas"",""Period Dramas"",""Courtroom Dramas"",""True Crime"",""Suspense"",""Shocking Twists"",""Psychological Thrillers"",""Mystery"",""Competition"",""Home Improvement"",""Food"",""Docuseries""]",undefined,undefined,app_user
1112,10,24,TV/Movies,Male,25-34,3339,832,TRUE,TRUE,undefined,"[""Comedy"",""Romantic Comedy"",""Workplace Comedy"",""Drama"",""Period Dramas"",""Crime"",""Heists"",""Teen"",""Fantasy"",""Teen Romance"",""High School"",""Epic Fantasy"",""Superheroes"",""Marvel"",""Comic Book Adaptations"",""Science Fiction"",""Outer Space"",""Time Travel"",""Robots"",""Alien"",""Dystopian"",""Action & Adventure"",""Action"",""Adventure"",""Western"",""Outlaw Western"",""War"",""British Comedy"",""Dark Comedy"",""Romance"",""Vigilante"",""Mind Bending"",""Thriller"",""Spy Thrillers"",""Suspense"",""Psychological Thrillers"",""Mystery"",""Political""]","[""TV & Movies"",""Comedy"",""Comedian"",""Music"",""Pop Culture""]",undefined,app_user
1113,3,24,"TV/Movies, Books, Podcasts",Male,55-64,63,1,FALSE,FALSE,undefined,undefined,undefined,undefined,app_user
1114,9,24,TV/Movies,Male,65+,85,0,FALSE,FALSE,undefined,undefined,undefined,2020-01-30T16:16:01,app_user
1115,9,24,"TV/Movies, Books",Female,45-54,160,0,TRUE,FALSE,"[""Romance"",""Historical Fiction"",""World War 2"",""Classics"",""Tearjerkers"",""True Crime"",""Memoirs"",""Romantic Comedies"",""Thriller"",""Psychological Thrillers"",""Mystery""]","[""Comedy"",""Romantic Comedy"",""Spoofs and Mockumentaries"",""Romance"",""Drama"",""Family Dramas"",""Period Dramas"",""Tearjerkers"",""Mystery"",""Family Friendly"",""Sitcoms"",""Disney"",""Political"",""Documentary"",""Reality"",""Food"",""Home Improvement"",""Reality Dating""]","[""Crime"",""Unsolved Crime"",""Comedy"",""Comedian"",""True Crime"",""History"",""Health & Fitness"",""Mental Health"",""Beauty"",""Health"",""Interviews"",""Politics""]",undefined,app_user
1116,8,24,TV/Movies,Female,55-64,107,0,FALSE,FALSE,undefined,"[""Comedy"",""Romance"",""Crime"",""Family Friendly"",""Thriller"",""Science Fiction"",""Horror"",""LGBTQ+"",""Whodunit"",""Drama"",""True Crime"",""Suspense"",""Psychological Thrillers"",""Shocking Twists"",""Slasher"",""Supernatural"",""Alien""]",undefined,2024-01-10T12:25:43,app_user
1117,6,24,"TV/Movies, Books, Podcasts",Prefer not to answer,25-34,23,0,FALSE,TRUE,"[""Fantasy"",""Romance"",""Thriller"",""Mystery"",""Science Fiction""]","[""Comedy"",""Romantic Comedy"",""Dark Comedy"",""Workplace Comedy"",""Romance"",""Drama"",""Crime"",""True Crime"",""Fantasy"",""Superheroes"",""Epic Fantasy"",""Magic"",""Comic Book Adaptations"",""Marvel"",""Thriller"",""Suspense"",""Shocking Twists"",""Mystery"",""Psychological Thrillers"",""Horror"",""Supernatural"",""Slasher"",""Science Fiction"",""Outer Space"",""Time Travel"",""Robots"",""Zombie"",""Dystopian"",""Alien"",""Action & Adventure"",""Action"",""Adventure"",""Whodunit""]","[""Comedy"",""Crime"",""Pop Culture"",""Fiction"",""History""]",2021-05-04T17:15:28,app_user
1118,8,24,"TV/Movies, Books",Female,35-44,undefined,undefined,FALSE,FALSE,undefined,undefined,undefined,undefined,app_user
1119,5,24,TV/Movies,Male,65+,undefined,undefined,FALSE,FALSE,undefined,undefined,undefined,undefined,app_user
1120,4,24,"TV/Movies, Books",Female,65+,83,0,FALSE,FALSE,"[""Comedy"",""Romance"",""Self Help"",""Historical Fiction""]",undefined,undefined,2020-09-16T08:42:03,app_user
1121,6,24,TV/Movies,Male,55-64,4,0,FALSE,FALSE,undefined,"[""Comedy"",""Superheroes"",""Thriller"",""Horror"",""Science Fiction"",""Action & Adventure"",""Marvel"",""Suspense"",""Psychological Thrillers"",""Supernatural"",""Dystopian"",""Action""]",undefined,undefined,app_user
1122,7,24,"TV/Movies, Books",Female,55-64,55,0,FALSE,FALSE,undefined,"[""Comedy"",""Crime"",""Thriller"",""Science Fiction"",""Biopic"",""Horror"",""Whodunit"",""Drama""]",undefined,undefined,app_user
1123,10,24,"TV/Movies, Books",Female,55-64,8,0,FALSE,FALSE,undefined,undefined,undefined,undefined,app_user
1124,8,24,TV/Movies,Female,45-54,416,1,FALSE,FALSE,"[""True Crime"",""Thriller"",""Shocking Twists"",""Psychological Thrillers"",""Fantasy"",""Young Adult""]",undefined,undefined,undefined,app_user
1125,10,24,TV/Movies,Male,65+,17,0,FALSE,FALSE,undefined,undefined,undefined,undefined,app_user
1126,8,24,TV/Movies,Male,55-64,5,0,FALSE,FALSE,undefined,"[""Drama"",""Comedy"",""Crime"",""Thriller"",""Suspense"",""Shocking Twists"",""Spy Thrillers"",""Psychological Thrillers"",""Action & Adventure"",""Music"",""Action"",""Adventure"",""Documentary"",""Docuseries"",""Sports"",""War"",""Biopic""]",undefined,2024-06-10T15:51:26,app_user
1127,5,24,"TV/Movies, Books",Female,65+,undefined,0,FALSE,FALSE,undefined,undefined,undefined,undefined,app_user
1128,8,24,Books,Female,45-54,16,0,TRUE,TRUE,"[""Thriller"",""Shocking Twists"",""Mystery"",""Science Fiction"",""Horror"",""Fantasy"",""Young Adult"",""Magic"",""Romance"",""Dystopian Fiction"",""Time Travel""]","[""Comedy"",""Romantic Comedy"",""Superheroes"",""Fantasy"",""Drama"",""Horror"",""Thriller"",""Supernatural"",""Science Fiction"",""Action & Adventure"",""Dystopian"",""Spy Thrillers"",""Psychological Thrillers"",""Shocking Twists"",""Suspense""]",undefined,2022-02-27T11:00:56,app_user
1129,9,24,TV/Movies,Female,25-34,null,null,null,null,null,null,null,null,newsletter
1130,6,24,TV/Movies,Male,65+,null,null,null,null,null,null,null,null,newsletter
1131,5,24,TV/Movies,Male,65+,185,0,TRUE,TRUE,undefined,"[""Thriller"",""Horror"",""Action & Adventure"",""Supernatural"",""Crime"",""Comedy""]",undefined,2022-02-08T09:30:26,app_user
1132,6,24,"TV/Movies, Books",Female,35-44,23,0,TRUE,FALSE,"[""Thriller"",""Psychological Thrillers"",""Shocking Twists"",""Science Fiction"",""Mystery"",""Dystopian Fiction"",""Time Travel"",""Outer Space"",""Classics"",""Horror"",""Slasher"",""True Crime"",""Paranormal"",""Fantasy"",""Magic"",""Dark Fantasy"",""Comedy"",""Humor""]","[""Comedy"",""Workplace Comedy"",""British Comedy"",""Dark Comedy"",""Spoofs and Mockumentaries"",""Adult Cartoon"",""Drama"",""British Dramas"",""Period Dramas"",""Courtroom Dramas"",""Crime"",""Dark Crime"",""True Crime"",""Heists"",""Vigilante"",""Fantasy"",""Epic Fantasy"",""Magic"",""Mind Bending"",""Thriller"",""Suspense"",""Shocking Twists"",""Psychological Thrillers"",""Mystery"",""Horror"",""Supernatural"",""Slasher"",""Science Fiction"",""Outer Space"",""Time Travel"",""Alien"",""Anime"",""Action & Adventure"",""Action"",""Adventure"",""Music"",""Reality"",""Food"",""Documentary"",""Docuseries"",""Political""]","[""Crime"",""True Crime"",""Unsolved Crime"",""TV & Movies"",""Pop Culture"",""Society & Culture"",""Fiction"",""Interviews""]",2021-03-30T16:17:35,app_user
1133,10,24,TV/Movies,Male,25-34,331,0,TRUE,FALSE,"[""Fantasy"",""Magic"",""High Fantasy"",""Urban Fantasy"",""Dark Fantasy"",""Epic Fantasy"",""Young Adult"",""Coming of Age"",""Comedy"",""Comedian"",""Humor"",""Thriller"",""Shocking Twists"",""Psychological Thrillers"",""Spy Thrillers"",""Mystery"",""Science Fiction"",""Dystopian Fiction"",""Time Travel"",""Historical Fiction"",""Outer Space"",""World War 2"",""Classics"",""Horror"",""Tearjerkers"",""Paranormal"",""Slasher"",""True Crime"",""Self Help"",""Motivation"",""Mental Health"",""Psychology"",""Poetry"",""Whodunit"",""Cooking"",""Cookbooks"",""Holiday Cookbooks"",""Business"",""Entrepreneurship"",""Leadership"",""Memoirs"",""Sports""]","[""Comedy"",""Workplace Comedy"",""Stoner Comedy"",""Dark Comedy"",""Spoofs and Mockumentaries"",""Adult Cartoon"",""Drama"",""Family Dramas"",""British Dramas"",""Period Dramas"",""Courtroom Dramas"",""Tearjerkers"",""Crime"",""Dark Crime"",""True Crime"",""Heists"",""Vigilante"",""Teen"",""Fantasy"",""Epic Fantasy"",""Magic"",""Mind Bending"",""Superheroes"",""Comic Book Adaptations"",""Marvel"",""Thriller"",""Suspense"",""Shocking Twists"",""Psychological Thrillers"",""Mystery"",""Spy Thrillers"",""Horror"",""Supernatural"",""Slasher"",""Family Friendly"",""Sitcoms"",""Disney"",""Science Fiction"",""Outer Space"",""Time Travel"",""Robots"",""Zombie"",""Dystopian"",""Alien"",""Anime"",""Action & Adventure"",""Action"",""Adventure"",""Music"",""Reality"",""Reality Dating"",""Competition"",""Home Improvement"",""Food"",""Documentary"",""Docuseries"",""Survival"",""Post Apocalyptic"",""Sports"",""Football"",""Baseball"",""Basketball"",""Martial Arts"",""Golf"",""Boxing"",""War"",""Whodunit"",""Western"",""Outlaw Western"",""Political"",""Biopic""]","[""Comedy"",""Comedian"",""Crime"",""True Crime"",""Unsolved Crime"",""TV & Movies"",""Music"",""Pop Culture"",""Society & Culture"",""Celebrities"",""History"",""Fiction"",""Health & Fitness"",""Health"",""Fitness"",""Mental Health"",""Self Help"",""Meditation"",""Interviews"",""News"",""Politics"",""Business"",""Entrepreneurs"",""Sports"",""Football"",""Basketball"",""Science & Technology"",""Science"",""Technology""]",undefined,app_user
1134,8,24,Books,Female,25-34,undefined,0,TRUE,TRUE,"[""Fantasy"",""Horror"",""Romance"",""Romantic Comedies"",""Paranormal"",""Whodunit"",""Tearjerkers"",""Slasher"",""Science Fiction"",""Magic"",""High Fantasy"",""Dark Fantasy"",""Urban Fantasy"",""Epic Fantasy"",""Outer Space"",""Time Travel"",""Dystopian Fiction"",""Thriller"",""Shocking Twists"",""Psychological Thrillers"",""Mystery"",""Memoirs""]","[""Comedy"",""Romantic Comedy"",""Workplace Comedy"",""Stoner Comedy"",""Dark Comedy"",""British Comedy"",""Spoofs and Mockumentaries"",""Adult Cartoon"",""Romance"",""Fantasy"",""Thriller"",""Suspense"",""Shocking Twists"",""Psychological Thrillers"",""Mystery"",""Horror"",""Supernatural"",""Slasher"",""Science Fiction"",""Family Friendly"",""Sitcoms"",""Outer Space"",""Time Travel"",""Robots"",""Zombie"",""Dystopian"",""Alien"",""Anime"",""Black Cinema"",""Action & Adventure""]","[""News"",""Comedy"",""Pop Culture""]",undefined,app_user
1135,7,24,TV/Movies,Male,55-64,undefined,undefined,FALSE,FALSE,undefined,"[""Comedy"",""Family Friendly"",""Action & Adventure"",""Music"",""Sports"",""War"",""Action"",""Football"",""Baseball"",""Basketball"",""Sitcoms""]",undefined,undefined,app_user
1136,8,24,"TV/Movies, Books, Podcasts",Prefer not to answer,25-34,null,null,null,null,null,null,null,null,newsletter
1137,7,24,TV/Movies,Female,55-64,151,3,TRUE,TRUE,"[""Thriller"",""Shocking Twists"",""Psychological Thrillers"",""Historical Fiction"",""Self Help""]","[""Drama"",""Crime"",""True Crime"",""Heists"",""Period Dramas"",""Action & Adventure"",""Action"",""Reality"",""Reality Dating"",""Documentary"",""Docuseries""]","[""Crime"",""Relationship"",""Celebrities"",""History""]",2022-01-18T18:05:29,app_user
1138,4,24,Books,Female,35-44,null,null,null,null,null,null,null,null,newsletter
1139,7,24,Books,Non-binary,35-44,439,1,FALSE,FALSE,undefined,undefined,undefined,undefined,app_user
1140,9,24,TV/Movies,Female,45-54,null,null,null,null,null,null,null,null,newsletter
1141,10,24,"TV/Movies, Books, Podcasts",Female,45-54,undefined,undefined,FALSE,FALSE,undefined,"[""Comedy"",""Romance"",""Teen"",""Superheroes"",""Fantasy"",""Family Friendly"",""Action & Adventure"",""Reality"",""Whodunit"",""Romantic Comedy"",""Teen Romance"",""Comic Book Adaptations"",""Marvel"",""Disney"",""Sitcoms"",""Action"",""Adventure"",""Reality Dating"",""Home Improvement"",""Food""]",undefined,undefined,app_user
1142,8,24,Books,Female,25-34,10,0,FALSE,FALSE,undefined,undefined,undefined,2020-06-29T16:01:40,app_user
1143,7,24,Books,Female,45-54,57,0,TRUE,TRUE,"[""Thriller"",""True Crime"",""Psychological Thrillers"",""Whodunit"",""Business"",""Entrepreneurship"",""Classics"",""Historical Fiction"",""Self Help"",""Psychology"",""Memoirs"",""Shocking Twists"",""Mystery"",""Tearjerkers"",""Comedy""]",undefined,"[""Pop Culture"",""Science & Technology"",""Interviews"",""Society & Culture""]",2021-05-28T16:54:33,app_user
1144,10,24,TV/Movies,Male,45-54,undefined,undefined,FALSE,FALSE,undefined,undefined,undefined,undefined,app_user
1145,10,24,"TV/Movies, Books",Female,25-34,473,24,FALSE,TRUE,"[""Romance"",""Young Adult"",""Thriller"",""Shocking Twists"",""Psychological Thrillers"",""Mystery"",""True Crime"",""Whodunit""]","[""Crime"",""Dark Crime"",""True Crime"",""Vigilante"",""Thriller"",""Shocking Twists"",""Psychological Thrillers"",""Mystery"",""Spy Thrillers"",""Suspense"",""Action & Adventure"",""Action"",""Whodunit""]","[""Crime"",""True Crime"",""Unsolved Crime""]",2023-04-12T19:25:21,app_user
1146,5,24,TV/Movies,Female,55-64,undefined,undefined,FALSE,FALSE,undefined,undefined,undefined,undefined,app_user
1147,7,24,Books,Female,45-54,131,0,TRUE,TRUE,"[""Romance"",""Romantic Comedies"",""Thriller"",""Historical Fiction"",""Psychological Thrillers"",""Spy Thrillers""]","[""Comedy"",""Romantic Comedy"",""Romance"",""Family Friendly"",""Drama"",""Period Dramas"",""Thriller"",""Psychological Thrillers""]",undefined,undefined,app_user
1148,10,24,TV/Movies,Male,45-54,832,1,TRUE,TRUE,"[""Science Fiction"",""Fantasy"",""Memoirs""]","[""Science Fiction"",""Superheroes"",""Marvel"",""Action & Adventure"",""Western"",""Zombie"",""Comic Book Adaptations"",""Fantasy""]","[""Basketball"",""Pop Culture"",""TV & Movies"",""Fiction"",""History""]",2021-09-18T20:08:34,app_user
1149,7,24,TV/Movies,Male,65+,undefined,undefined,FALSE,FALSE,undefined,undefined,undefined,undefined,app_user
1150,10,24,TV/Movies,Female,45-54,277,17,TRUE,TRUE,"[""Romance"",""Romantic Comedies"",""Young Adult"",""Comedy"",""Thriller"",""Humor"",""Shocking Twists"",""Psychological Thrillers"",""Spy Thrillers"",""Mystery"",""Whodunit""]",undefined,undefined,2022-10-20T13:01:09,app_user
1151,7,24,TV/Movies,Female,35-44,3,0,FALSE,FALSE,"[""Fantasy"",""Historical Fiction"",""Romance"",""Young Adult""]","[""Comedy"",""Romantic Comedy"",""Romance"",""Fantasy"",""Action & Adventure"",""Family Friendly"",""Disney""]",undefined,undefined,app_user
1152,4,24,TV/Movies,Female,55-64,2,0,FALSE,FALSE,undefined,undefined,undefined,2020-02-03T21:11:33,app_user
1153,8,24,"TV/Movies, Books, Podcasts",Female,45-54,226,25,TRUE,TRUE,"[""Comedy"",""Comedian"",""Young Adult"",""Historical Fiction"",""Coming of Age"",""Classics"",""Poetry"",""Children's Books"",""Cooking"",""Cookbooks"",""Books for Kids"",""Sports"",""Whodunit""]","[""Comedy"",""Spoofs and Mockumentaries"",""Drama"",""Tearjerkers"",""Courtroom Dramas"",""Family Friendly"",""Family Dramas"",""Period Dramas"",""Disney"",""Documentary"",""Docuseries"",""War"",""Whodunit"",""Action & Adventure"",""Reality"",""Sports"",""Baseball"",""Food"",""Football"",""Romantic Comedy"",""Fantasy"",""Magic"",""Epic Fantasy"",""Sitcoms"",""Music"",""Political"",""Biopic""]","[""Health & Fitness"",""Fiction"",""Mental Health"",""Comedy"",""Music"",""TV & Movies"",""Celebrities"",""Comedian"",""Sports""]",2021-04-03T07:34:55,app_user
1154,5,24,"TV/Movies, Books",Non-binary,35-44,267,0,TRUE,TRUE,"[""Fantasy"",""Romance"",""Young Adult"",""Magic"",""Romantic Comedies"",""LGBTQ+""]","[""Comedy"",""Fantasy"",""Family Friendly"",""Magic"",""Adventure"",""LGBTQ+"",""Disney"",""Action & Adventure""]",undefined,undefined,app_user
1155,8,24,Books,Female,45-54,undefined,undefined,FALSE,FALSE,undefined,undefined,undefined,undefined,app_user
1156,9,24,"TV/Movies, Books",Female,55-64,7,0,FALSE,FALSE,"[""Historical Fiction"",""Self Help"",""Motivation"",""Romance"",""Fantasy"",""Magic"",""Urban Fantasy"",""World War 2"",""Classics"",""Tearjerkers"",""Psychology"",""Memoirs"",""Romantic Comedies""]","[""Comedy"",""Romantic Comedy"",""Workplace Comedy"",""Stoner Comedy"",""British Comedy"",""Spoofs and Mockumentaries"",""Romance"",""Drama"",""British Dramas"",""Period Dramas"",""Courtroom Dramas"",""Documentary"",""Docuseries"",""Fantasy"",""Magic"",""Mind Bending"",""Tearjerkers""]","[""Crime"",""Unsolved Crime"",""True Crime"",""History""]",undefined,app_user
1157,8,24,TV/Movies,Female,55-64,74,0,TRUE,TRUE,"[""Fantasy"",""Magic"",""Epic Fantasy"",""Romance"",""Thriller"",""Psychological Thrillers"",""Spy Thrillers"",""Mystery"",""Science Fiction"",""Dystopian Fiction"",""Time Travel"",""Historical Fiction"",""World War 2"",""Classics"",""British Classics"",""Tearjerkers"",""Self Help"",""Mental Health"",""Whodunit""]","[""Comedy"",""Romantic Comedy"",""British Comedy"",""Spoofs and Mockumentaries"",""Crime"",""True Crime"",""Superheroes"",""Comic Book Adaptations"",""Marvel"",""Thriller"",""Suspense"",""Mystery"",""Science Fiction"",""Outer Space"",""Time Travel"",""Whodunit"",""Dark Comedy"",""Adult Cartoon"",""Drama"",""British Dramas"",""Courtroom Dramas"",""Tearjerkers"",""Psychological Thrillers"",""Spy Thrillers"",""Horror"",""Supernatural"",""Zombie"",""Dystopian"",""Political"",""Biopic""]","[""Comedy"",""Comedian"",""TV & Movies"",""Music"",""Pop Culture"",""Society & Culture"",""Celebrities"",""Interviews"",""Relationship"",""Family Friendly""]",2021-04-24T14:33:08,app_user
1158,10,24,Books,Female,35-44,22,0,FALSE,FALSE,"[""Romance"",""Tearjerkers"",""Memoirs"",""Romantic Comedies""]","[""Romantic Comedy"",""Drama"",""Romance"",""Family Dramas"",""Tearjerkers"",""Documentary"",""Reality"",""Docuseries"",""Comedy"",""Crime""]",undefined,2021-04-10T12:33:12,app_user
1159,9,24,TV/Movies,Female,55-64,271,1,FALSE,FALSE,undefined,undefined,undefined,2019-10-27T14:10:15,app_user
1160,10,24,TV/Movies,Female,45-54,null,null,null,null,null,null,null,null,newsletter
1161,9,24,Books,Female,35-44,2183,29,TRUE,FALSE,"[""Young Adult"",""Fantasy"",""Historical Fiction"",""Whodunit"",""True Crime"",""Horror"",""Coming of Age"",""LGBTQ+"",""Memoirs"",""Comedy"",""Thriller""]","[""Comedy"",""Crime"",""Thriller"",""Fantasy"",""Teen"",""Horror"",""Whodunit"",""Dark Comedy"",""Spoofs and Mockumentaries"",""Magic"",""Suspense"",""Psychological Thrillers"",""Mystery"",""Supernatural""]","[""Crime"",""True Crime"",""Unsolved Crime""]",undefined,app_user
1162,6,24,TV/Movies,Female,35-44,undefined,undefined,FALSE,FALSE,undefined,undefined,undefined,undefined,app_user
1163,8,24,Books,Female,45-54,34,0,FALSE,FALSE,undefined,undefined,undefined,2021-04-30T18:08:19,app_user
1164,10,24,"TV/Movies, Books",Female,45-54,36,0,TRUE,TRUE,"[""Thriller"",""Shocking Twists"",""Psychological Thrillers"",""Mystery"",""True Crime"",""Memoirs"",""Fantasy""]","[""Crime"",""Dark Crime"",""True Crime"",""Thriller"",""Suspense"",""Psychological Thrillers"",""Superheroes"",""Marvel"",""Comic Book Adaptations"",""Mystery"",""Horror"",""Supernatural"",""Science Fiction"",""Time Travel"",""Dystopian"",""Drama"",""Courtroom Dramas""]","[""Crime"",""True Crime"",""Unsolved Crime"",""TV & Movies"",""Music"",""History"",""Health & Fitness"",""Mental Health"",""Fitness"",""Science & Technology"",""Science"",""Technology""]",2022-04-14T08:36:13,app_user
1165,10,24,"TV/Movies, Books",Female,45-54,389,67,FALSE,FALSE,undefined,undefined,"[""True Crime"",""Interviews""]",2020-05-01T21:46:03,app_user
1166,7,24,Books,Female,45-54,91,0,TRUE,TRUE,"[""Thriller"",""Shocking Twists"",""Psychological Thrillers"",""Mystery"",""Historical Fiction"",""World War 2"",""True Crime"",""Whodunit"",""Memoirs"",""Tearjerkers"",""Comedy"",""Humor"",""Spy Thrillers"",""Classics""]","[""Comedy"",""Romantic Comedy"",""Dark Comedy"",""Drama"",""Family Dramas"",""Courtroom Dramas"",""Tearjerkers"",""Crime"",""Heists"",""Thriller"",""Suspense"",""Shocking Twists"",""True Crime"",""Psychological Thrillers"",""Mystery"",""Spy Thrillers"",""Black Cinema"",""Action & Adventure"",""Action"",""Adventure"",""Music"",""Reality"",""Competition"",""Food"",""Documentary"",""Survival"",""Sports"",""Football"",""Whodunit"",""Biopic"",""Workplace Comedy"",""Docuseries""]","[""Comedy"",""Crime"",""True Crime"",""Unsolved Crime"",""Health & Fitness"",""Health"",""Fitness"",""Science & Technology"",""Science"",""Pop Culture"",""Society & Culture""]",2021-07-13T05:14:48,app_user
1167,9,24,TV/Movies,Male,55-64,undefined,undefined,FALSE,FALSE,undefined,undefined,undefined,undefined,app_user
1168,10,24,"TV/Movies, Books, Podcasts",Female,35-44,null,null,null,null,null,null,null,null,newsletter
1169,6,24,Books,Female,45-54,143,0,TRUE,TRUE,"[""Classics"",""Thriller"",""Science Fiction"",""True Crime"",""Shocking Twists"",""Psychological Thrillers"",""Mystery"",""Dystopian Fiction"",""Time Travel""]","[""LGBTQ+"",""Documentary"",""Reality"",""Competition"",""Home Improvement"",""Comedy"",""Dark Comedy"",""Crime"",""Dark Crime"",""Heists"",""Thriller"",""Psychological Thrillers"",""Shocking Twists"",""Mystery"",""Suspense"",""Science Fiction"",""Dystopian"",""Black Cinema"",""Docuseries"",""Romantic Comedy""]","[""Crime"",""True Crime"",""Health & Fitness"",""Fitness"",""Fiction"",""Science & Technology"",""Science""]",undefined,app_user
1170,8,24,TV/Movies,Female,35-44,12,0,FALSE,FALSE,undefined,"[""Fantasy"",""Crime"",""Superheroes"",""Thriller"",""Marvel"",""Spy Thrillers"",""Psychological Thrillers"",""Horror"",""Science Fiction"",""Supernatural"",""Time Travel"",""Zombie"",""Robots"",""Dystopian"",""Alien"",""Vigilante"",""Epic Fantasy"",""Magic"",""Mind Bending"",""Suspense"",""Shocking Twists"",""Outer Space"",""Mystery"",""Family Friendly"",""Comedy"",""Dark Comedy"",""British Comedy"",""Workplace Comedy"",""Adult Cartoon"",""Drama"",""Courtroom Dramas"",""Action & Adventure"",""Action"",""Adventure"",""Whodunit""]",undefined,undefined,app_user
1171,6,24,"TV/Movies, Books, Podcasts",Female,45-54,null,null,null,null,null,null,null,null,newsletter
1172,6,24,"TV/Movies, Books",Female,55-64,17,0,FALSE,FALSE,undefined,undefined,undefined,2020-03-07T09:22:15,app_user
1173,8,24,Books,Female,45-54,152,2,TRUE,TRUE,"[""Romance"",""Romantic Comedies"",""Historical Fiction"",""Thriller"",""Psychological Thrillers"",""Mystery"",""Whodunit""]","[""Drama"",""Family Dramas"",""Romance"",""Period Dramas"",""British Dramas""]",undefined,2021-08-26T19:59:33,app_user
1174,7,24,"TV/Movies, Books",Female,25-34,15,0,FALSE,FALSE,"[""Romance"",""Fantasy"",""Magic"",""High Fantasy"",""Epic Fantasy"",""Romantic Comedies"",""Young Adult"",""Thriller"",""Shocking Twists"",""Psychological Thrillers"",""Mystery"",""Whodunit"",""Science Fiction"",""Time Travel"",""Dystopian Fiction""]","[""Comedy"",""Romantic Comedy"",""Workplace Comedy"",""Stoner Comedy"",""Dark Comedy"",""Romance"",""Adult Cartoon"",""Drama"",""Family Dramas"",""Courtroom Dramas"",""Crime"",""Tearjerkers"",""Dark Crime"",""Superheroes"",""Fantasy"",""Epic Fantasy"",""Mind Bending"",""Magic"",""Vigilante"",""Marvel"",""Thriller"",""Suspense"",""Shocking Twists"",""Spy Thrillers"",""Mystery"",""Science Fiction"",""Dystopian"",""Time Travel"",""Outer Space"",""Action & Adventure"",""Action"",""Adventure"",""Whodunit""]","[""TV & Movies"",""Relationship"",""Dating"",""Health & Fitness"",""Mental Health"",""Fitness"",""Beauty"",""Business""]",2023-01-21T03:30:33,app_user
1175,6,24,TV/Movies,Female,25-34,68,0,FALSE,FALSE,"[""Young Adult"",""Teen Romance"",""Coming of Age"",""Classics"",""Tearjerkers"",""Poetry"",""Business"",""Entrepreneurship"",""Leadership""]","[""Comedy"",""Romantic Comedy"",""Workplace Comedy"",""Music"",""Reality"",""Home Improvement"",""Food""]",undefined,2022-05-31T16:43:04,app_user
1176,8,24,TV/Movies,Female,35-44,244,0,FALSE,FALSE,undefined,undefined,undefined,2020-03-21T05:35:10,app_user
1177,7,24,TV/Movies,Female,65+,29,0,FALSE,FALSE,undefined,undefined,undefined,2024-08-12T16:19:20,app_user
1178,5,24,TV/Movies,Male,65+,undefined,undefined,FALSE,FALSE,undefined,"[""Comedy"",""Romance"",""Crime"",""Fantasy"",""Family Friendly"",""Science Fiction"",""Action & Adventure"",""Documentary"",""Sports"",""War"",""Western"",""Political"",""British Comedy"",""Disney"",""Sitcoms"",""Outer Space"",""Time Travel"",""Robots"",""Alien"",""Docuseries"",""Baseball"",""Golf"",""Football""]",undefined,undefined,app_user
1179,0,24,TV/Movies,Female,55-64,undefined,undefined,FALSE,FALSE,undefined,undefined,undefined,undefined,app_user
1180,5,24,TV/Movies,Male,35-44,48,1,TRUE,FALSE,undefined,undefined,undefined,undefined,app_user
1181,6,24,TV/Movies,Female,55-64,137,1,TRUE,FALSE,undefined,undefined,undefined,2020-07-05T19:05:42,app_user
1182,6,24,Books,Female,18-24,63,0,FALSE,FALSE,"[""Young Adult"",""Fantasy"",""LGBTQ+"",""Horror"",""True Crime"",""Slasher"",""Classics"",""Sports"",""Memoirs"",""Whodunit"",""Tearjerkers"",""Paranormal"",""Science Fiction"",""Dystopian Fiction"",""Historical Fiction"",""World War 2"",""Thriller"",""Shocking Twists"",""Spy Thrillers"",""Mystery"",""Psychological Thrillers"",""High Fantasy"",""Dark Fantasy"",""Urban Fantasy"",""Epic Fantasy"",""Coming of Age"",""Time Travel""]",undefined,undefined,2022-04-11T06:20:26,app_user
1183,10,24,TV/Movies,Female,65+,115,0,FALSE,FALSE,undefined,undefined,undefined,2019-08-03T13:03:56,app_user
1184,5,24,Books,Female,65+,undefined,undefined,FALSE,FALSE,undefined,"[""Drama"",""Thriller"",""Crime"",""Action & Adventure""]",undefined,undefined,app_user
1185,5,24,"TV/Movies, Books",Female,45-54,17,0,FALSE,FALSE,undefined,undefined,undefined,2020-03-01T18:00:39,app_user
1186,5,24,TV/Movies,Male,65+,95,0,FALSE,FALSE,undefined,undefined,undefined,2020-04-02T09:26:04,app_user
1187,10,24,"TV/Movies, Books",Female,45-54,undefined,undefined,FALSE,FALSE,undefined,"[""Comedy"",""Action & Adventure"",""Whodunit"",""Romance"",""Drama"",""Crime"",""Fantasy"",""Superheroes"",""Thriller"",""Horror"",""Family Friendly"",""Science Fiction"",""Documentary"",""War"",""Romantic Comedy"",""Workplace Comedy"",""British Comedy"",""Family Dramas"",""British Dramas"",""Tearjerkers"",""True Crime"",""Dark Crime"",""Heist"",""Vigilante"",""Epic Fantasy"",""Mind Bending"",""Comic Book Adaptations"",""Marvel"",""Suspense"",""Shocking Twists"",""Psychological Thrillers"",""Mystery"",""Spy Thrillers"",""Supernatural"",""Slasher"",""Outer Space"",""Time Travel"",""Robots"",""Zombie"",""Alien"",""Action"",""Adventure"",""Docuseries""]",undefined,undefined,app_user
1188,5,24,"TV/Movies, Books, Podcasts",Female,65+,undefined,undefined,FALSE,FALSE,undefined,undefined,undefined,undefined,app_user
1189,10,24,"TV/Movies, Books",Female,18-24,null,null,null,null,null,null,null,null,newsletter
1190,8,24,"TV/Movies, Books",Prefer not to answer,18-24,31,0,FALSE,FALSE,"[""Romance"",""Young Adult"",""Comedy"",""Thriller"",""Mystery""]","[""Teen"",""Reality"",""Family Friendly"",""Sitcoms"",""Thriller"",""Romance"",""Comedy""]",undefined,2021-05-21T15:45:32,app_user
1191,7,24,Books,Male,25-34,10,1,FALSE,FALSE,undefined,undefined,undefined,undefined,app_user
1192,4,24,TV/Movies,Male,65+,null,null,null,null,null,null,null,null,newsletter
1193,10,24,"TV/Movies, Podcasts",Female,35-44,44,0,FALSE,FALSE,undefined,undefined,undefined,2020-05-06T12:31:43,app_user
1194,7,24,"TV/Movies, Books",Male,65+,36,2,FALSE,FALSE,undefined,"[""Drama"",""Whodunit"",""Political"",""Reality"",""Western"",""Survival"",""War"",""Biopic"",""Documentary"",""Superheroes"",""Fantasy"",""Science Fiction"",""Tearjerkers"",""Thriller"",""Sports"",""Music"",""Crime"",""Family Friendly"",""Romance"",""Comedy""]",undefined,2020-08-25T21:01:42,app_user
1195,8,24,"TV/Movies, Books",Female,25-34,8,1,FALSE,FALSE,"[""Fantasy"",""Magic"",""Romance"",""Romantic Comedies"",""Teen Romance"",""Young Adult"",""Coming of Age"",""Comedy"",""Science Fiction"",""Classics"",""LGBTQ+"",""Cooking"",""Memoirs""]","[""Comedy"",""Romantic Comedy"",""Romance"",""Teen"",""Fantasy"",""Superheroes"",""Teen Romance"",""Drama"",""Marvel"",""LGBTQ+""]",undefined,2021-11-26T16:50:06,app_user
1196,7,24,"Books, Podcasts",Female,35-44,8,0,FALSE,FALSE,"[""Thriller"",""Psychological Thrillers"",""Mystery"",""Historical Fiction"",""Sports""]",undefined,"[""History"",""Sports"",""Football""]",2022-02-05T06:48:25,app_user
1197,8,24,TV/Movies,Female,55-64,undefined,undefined,FALSE,FALSE,undefined,undefined,undefined,undefined,app_user
1198,8,24,"TV/Movies, Books",Female,55-64,35,0,FALSE,FALSE,"[""Historical Fiction"",""Classics"",""Young Adult"",""Whodunit"",""Cooking"",""Memoirs""]","[""Comedy"",""Spoofs and Mockumentaries"",""Family Friendly"",""Documentary""]","[""Comedy"",""Crime"",""Science & Technology"",""Science"",""True Crime""]",2023-02-03T08:06:22,app_user
1199,10,24,"TV/Movies, Books",Female,35-44,1371,68,TRUE,TRUE,"[""Young Adult"",""Fantasy"",""Epic Fantasy"",""Urban Fantasy"",""Magic"",""High Fantasy"",""Dark Fantasy"",""Romance"",""Teen Romance"",""Coming of Age"",""Historical Fiction"",""Thriller"",""Mystery""]","[""Comedy"",""Dark Comedy"",""Romantic Comedy"",""Adult Cartoon"",""Romance"",""Teen Romance"",""Teen"",""Drama"",""Family Dramas"",""Courtroom Dramas"",""Fantasy"",""Science Fiction"",""Anime""]",undefined,undefined,app_user
1200,5,24,"TV/Movies, Books, Podcasts",Female,55-64,99,46,TRUE,TRUE,"[""Comedy"",""Humor"",""Comedian"",""Tearjerkers"",""Self Help"",""Motivation"",""Mental Health"",""Psychology"",""Cooking"",""Cookbooks"",""Holiday Cookbooks"",""Children's Books"",""Books for Kids""]","[""Comedy"",""Romantic Comedy"",""British Comedy"",""Romance"",""Drama"",""Family Dramas"",""British Dramas"",""Courtroom Dramas"",""Tearjerkers"",""Family Friendly"",""Sitcoms"",""Disney"",""Documentary"",""Reality"",""Competition"",""Home Improvement"",""Food"",""Docuseries"",""Whodunit"",""Political"",""Biopic""]","[""Crime"",""Comedy"",""True Crime"",""Comedian"",""Unsolved Crime"",""TV & Movies"",""Music"",""Relationship"",""Pop Culture"",""Love"",""Celebrities"",""Health & Fitness"",""Fiction"",""Fitness"",""Mental Health"",""Health"",""Self Help"",""Beauty"",""Meditation"",""Interviews"",""News"",""Parenting"",""Family Friendly"",""Kids"",""Politics""]",2022-02-24T15:39:56,app_user
1201,10,24,Books,Female,35-44,620,1,FALSE,FALSE,"[""Young Adult"",""True Crime"",""Coming of Age"",""Memoirs"",""Self Help"",""Comedy"",""LGBTQ+"",""Thriller""]","[""Comedy"",""Crime"",""Music"",""Documentary"",""Whodunit""]","[""Crime"",""True Crime"",""Unsolved Crime"",""Pop Culture"",""Health & Fitness"",""Meditation"",""Beauty"",""Self Help"",""Mental Health""]",undefined,app_user
1202,7,24,"TV/Movies, Books, Podcasts",Male,45-54,8,0,FALSE,TRUE,undefined,"[""Comedy"",""Dark Comedy"",""Spoofs and Mockumentaries"",""Adult Cartoon"",""Workplace Comedy"",""British Comedy"",""Anime"",""Family Friendly"",""Disney"",""Action & Adventure"",""Sitcoms"",""Action"",""Adventure"",""Music""]","[""Comedy"",""Comedian"",""TV & Movies"",""Music"",""Pop Culture"",""Sports"",""Football"",""Science & Technology"",""Science"",""Technology""]",undefined,app_user
1203,9,24,TV/Movies,Male,65+,4,0,FALSE,FALSE,undefined,"[""Comedy"",""Superheroes"",""Marvel"",""Thriller"",""Suspense"",""Spy Thrillers"",""Family Friendly"",""Western"",""Whodunit"",""War"",""Sports"",""Documentary"",""Music"",""Action & Adventure"",""Black Cinema"",""Science Fiction"",""Psychological Thrillers"",""Shocking Twists"",""Mystery"",""Outer Space"",""Time Travel"",""Robots"",""Zombie"",""Dystopian"",""Alien"",""Action"",""Adventure"",""Docuseries"",""Football"",""Basketball"",""Outlaw Western"",""Drama"",""Crime""]",undefined,undefined,app_user
1204,5,24,"TV/Movies, Podcasts",Male,65+,undefined,undefined,FALSE,FALSE,undefined,undefined,undefined,undefined,app_user
1205,8,24,"TV/Movies, Books",Female,55-64,677,1,FALSE,FALSE,undefined,undefined,undefined,undefined,app_user
1206,10,24,"TV/Movies, Books, Podcasts",Female,35-44,6,0,FALSE,FALSE,"[""Young Adult"",""Self Help"",""Mental Health"",""Motivation"",""Fantasy"",""Magic"",""Comedy"",""Historical Fiction"",""World War 2""]",undefined,undefined,2022-01-20T15:42:01,app_user
1207,7,24,"TV/Movies, Books, Podcasts",Male,55-64,21,0,TRUE,FALSE,"[""Thriller"",""Shocking Twists"",""Psychological Thrillers"",""Comedy"",""Mystery"",""Spy Thrillers"",""Science Fiction"",""Historical Fiction"",""Whodunit"",""Comedian"",""Humor""]","[""Comedy"",""Romantic Comedy"",""Workplace Comedy"",""Dark Comedy"",""Spoofs and Mockumentaries"",""Drama"",""Family Dramas"",""British Dramas"",""Crime"",""Dark Crime"",""Heists"",""Vigilante"",""Superheroes"",""Comic Book Adaptations"",""Thriller"",""Suspense"",""Shocking Twists"",""Psychological Thrillers"",""Mystery"",""Spy Thrillers"",""Horror"",""Science Fiction"",""Outer Space"",""Time Travel"",""Action & Adventure"",""Action"",""Adventure"",""Sports"",""Baseball"",""Football""]",undefined,2022-07-21T14:36:31,app_user
1208,0,24,"TV/Movies, Books, Podcasts",Female,65+,undefined,undefined,FALSE,FALSE,undefined,"[""Comedy"",""Romance"",""Crime"",""Family Friendly"",""Thriller"",""Tearjerkers"",""Fantasy"",""Documentary"",""Biopic"",""War"",""Western"",""Reality"",""Whodunit"",""Drama"",""Action & Adventure"",""Black Cinema""]",undefined,undefined,app_user
1209,7,24,"TV/Movies, Books, Podcasts",Female,18-24,24,0,FALSE,TRUE,"[""Romance"",""Young Adult"",""Teen Romance"",""Fantasy"",""Romantic Comedies"",""Historical Fiction""]","[""Romance"",""Teen Romance"",""Romantic Comedy"",""Drama"",""Period Dramas"",""Tearjerkers"",""Teen"",""High School"",""Fantasy"",""Comedy"",""Superheroes"",""Marvel""]",undefined,undefined,app_user
1210,7,24,"TV/Movies, Books",Female,25-34,1320,0,TRUE,FALSE,undefined,undefined,undefined,2020-07-03T22:46:11,app_user
1211,7,24,Books,Female,35-44,15,0,FALSE,TRUE,"[""Young Adult"",""Historical Fiction"",""Classics"",""Tearjerkers"",""Memoirs""]","[""Romance"",""Drama"",""Family Friendly"",""Action & Adventure"",""Documentary""]",undefined,2022-03-22T17:30:36,app_user
1212,10,24,"TV/Movies, Books",Female,45-54,3,undefined,FALSE,FALSE,undefined,undefined,undefined,2019-08-02T19:30:44,app_user
1213,3,24,Books,Male,55-64,91,0,TRUE,TRUE,"[""Thriller"",""Mystery"",""Horror"",""Psychological Thrillers"",""Spy Thrillers"",""Comedy""]","[""Workplace Comedy"",""Dark Comedy"",""Thriller"",""Suspense"",""Psychological Thrillers"",""Spy Thrillers"",""Shocking Twists"",""Horror"",""Action & Adventure"",""Reality"",""Documentary"",""Survival""]","[""Crime"",""True Crime"",""Unsolved Crime"",""Interviews""]",2022-03-23T20:20:08,app_user
1214,10,24,"TV/Movies, Books",Female,55-64,undefined,undefined,FALSE,FALSE,undefined,undefined,undefined,undefined,app_user
1215,10,24,"TV/Movies, Books, Podcasts",Male,45-54,undefined,undefined,FALSE,FALSE,undefined,undefined,undefined,undefined,app_user
1216,4,24,"TV/Movies, Books",Female,35-44,89,0,TRUE,TRUE,"[""Fantasy"",""Romance"",""Young Adult"",""Historical Fiction"",""Memoirs"",""Science Fiction""]","[""Comedy"",""Romance"",""Drama"",""War"",""Documentary"",""Action & Adventure"",""Romantic Comedy"",""Workplace Comedy"",""British Comedy"",""Dark Comedy"",""Spoofs and Mockumentaries"",""Family Dramas"",""British Dramas"",""Period Dramas"",""Tearjerkers""]","[""Comedy"",""TV & Movies"",""Pop Culture"",""Parenting"",""Society & Culture""]",2021-05-09T18:01:41,app_user
1217,9,24,Books,Female,45-54,68,0,TRUE,TRUE,"[""Thriller"",""Psychological Thrillers"",""Mystery"",""Historical Fiction"",""World War 2"",""True Crime""]","[""Thriller"",""Suspense"",""Psychological Thrillers"",""Mystery"",""Drama""]",undefined,2022-01-02T13:08:41,app_user
1218,10,24,Books,Male,35-44,undefined,0,FALSE,FALSE,"[""Fantasy"",""Thriller"",""Shocking Twists"",""Psychological Thrillers"",""Mystery"",""Horror""]",undefined,undefined,undefined,app_user
1219,2,24,Books,Female,35-44,21,0,TRUE,FALSE,"[""Comedy"",""Whodunit"",""Thriller"",""Memoirs"",""Coming of Age""]",undefined,undefined,2020-08-29T22:59:05,app_user
1220,5,24,"TV/Movies, Books, Podcasts",Female,35-44,undefined,undefined,FALSE,FALSE,undefined,"[""Comedy"",""Romance"",""Drama"",""Teen"",""Music"",""Reality"",""Documentary"",""Biopic"",""Romantic Comedy"",""Teen Romance"",""Family Dramas"",""Tearjerkers"",""Reality Dating"",""Competition"",""Home Improvement"",""Food"",""Docuseries""]",undefined,undefined,app_user
1221,10,24,"TV/Movies, Books",Female,25-34,80,2,FALSE,FALSE,"[""Romance"",""Romantic Comedies"",""Young Adult"",""Coming of Age"",""Comedy"",""Thriller"",""Humor"",""Shocking Twists"",""Psychological Thrillers"",""Mystery"",""LGBTQ+"",""Tearjerkers"",""Memoirs""]","[""Comedy"",""Romance"",""LGBTQ+"",""Music"",""Family Friendly"",""Teen Romance"",""Reality"",""Documentary"",""Romantic Comedy""]",undefined,undefined,app_user
1222,9,24,TV/Movies,Female,35-44,2064,5,FALSE,FALSE,undefined,undefined,undefined,2020-01-05T21:04:31,app_user
1223,6,24,"TV/Movies, Books",Female,65+,null,null,null,null,null,null,null,null,newsletter
1224,8,24,Books,Female,45-54,15,0,TRUE,FALSE,"[""Romance"",""Young Adult"",""Tearjerkers"",""Romantic Comedies""]",undefined,undefined,2022-12-28T10:43:39,app_user
1225,6,24,TV/Movies,Female,55-64,62,0,FALSE,FALSE,undefined,undefined,undefined,2020-04-29T20:56:51,app_user
1226,2,24,Books,Female,35-44,25,0,TRUE,TRUE,"[""Historical Fiction"",""World War 2"",""Romance"",""Comedy"",""Fantasy"",""Epic Fantasy"",""Magic"",""Classics"",""British Classics"",""Young Adult""]","[""Comedy"",""Spoofs and Mockumentaries"",""Fantasy"",""Epic Fantasy"",""Superheroes"",""Marvel"",""Science Fiction"",""Dystopian"",""Action & Adventure"",""Adventure"",""Action"",""Sports"",""Football"",""Romantic Comedy"",""Stoner Comedy"",""Workplace Comedy"",""British Comedy"",""Dark Comedy"",""Adult Cartoon"",""Drama"",""Period Dramas"",""Romance"",""Family Friendly"",""Disney"",""Sitcoms""]","[""Comedy"",""TV & Movies"",""Family Friendly"",""Kids"",""Sports"",""Football"",""Interviews"",""Celebrities"",""Parenting"",""Comedian"",""Pop Culture"",""Fiction""]",2021-09-29T17:00:01,app_user
1227,9,24,"Books, Podcasts",Male,35-44,42,7,TRUE,FALSE,"[""Fantasy"",""Magic"",""High Fantasy"",""Romance"",""Epic Fantasy"",""Romantic Comedies"",""Young Adult"",""Science Fiction"",""Coming of Age"",""Teen Romance"",""Thriller"",""Historical Fiction"",""LGBTQ+"",""Children's Books""]","[""Comedy"",""Romantic Comedy"",""Workplace Comedy"",""British Comedy"",""Spoofs and Mockumentaries"",""Adult Cartoon"",""Romance"",""Fantasy"",""Teen"",""Epic Fantasy"",""Magic"",""Superheroes"",""Comic Book Adaptations"",""Marvel"",""Thriller"",""Suspense"",""Mystery"",""Anime"",""Action & Adventure"",""LGBTQ+"",""Adventure""]","[""Comedy"",""Pop Culture"",""Relationship"",""History"",""Health & Fitness"",""Mental Health"",""Science & Technology""]",2022-12-30T13:31:14,app_user
1228,10,24,"TV/Movies, Books",Female,45-54,55,1,TRUE,TRUE,"[""Romance"",""Thriller"",""Shocking Twists"",""Psychological Thrillers"",""Mystery"",""True Crime"",""Tearjerkers"",""Whodunit"",""Memoirs""]","[""Comedy"",""Romantic Comedy"",""Romance"",""Crime"",""True Crime"",""Documentary"",""Reality"",""Docuseries"",""Whodunit"",""Science Fiction"",""Time Travel"",""Dystopian"",""Action & Adventure""]","[""Crime"",""True Crime"",""Pop Culture""]",2022-04-20T16:36:57,app_user
1229,4,24,TV/Movies,Female,18-24,56,0,FALSE,TRUE,"[""Young Adult"",""Coming of Age"",""Historical Fiction"",""Classics"",""British Classics"",""Tearjerkers"",""Poetry"",""Memoirs"",""Science Fiction"",""Dystopian Fiction""]","[""Documentary"",""Survival"",""Teen"",""Dystopian"",""Fantasy"",""Family Friendly"",""Disney"",""Science Fiction"",""Drama"",""Period Dramas"",""British Dramas"",""Family Dramas"",""Comedy"",""Spoofs and Mockumentaries"",""Romantic Comedy"",""High School"",""Thriller"",""Shocking Twists"",""Suspense"",""Mystery"",""Reality"",""Home Improvement"",""Docuseries"",""Post Apocalyptic"",""Western""]","[""History"",""Music"",""Fiction"",""Interviews"",""Comedy"",""Family Friendly"",""Science"",""Science & Technology""]",2022-01-09T17:14:01,app_user
1230,10,24,"TV/Movies, Podcasts",Female,55-64,undefined,undefined,FALSE,FALSE,undefined,"[""Comedy"",""Music"",""Tearjerkers"",""Superheroes"",""Documentary"",""Biopic"",""Whodunit"",""Drama""]",undefined,undefined,app_user
1231,8,24,"TV/Movies, Books, Podcasts",Female,65+,undefined,undefined,FALSE,FALSE,undefined,undefined,undefined,undefined,app_user
1232,10,24,TV/Movies,Female,18-24,7338,167,TRUE,TRUE,undefined,"[""Comedy"",""Romance"",""Thriller"",""Mystery"",""Family Friendly"",""Disney"",""Sitcoms"",""Action & Adventure"",""Whodunit""]",undefined,2022-09-07T08:34:45,app_user
1233,7,24,TV/Movies,Male,65+,undefined,undefined,FALSE,FALSE,undefined,undefined,undefined,undefined,app_user
1234,9,24,"TV/Movies, Books",Male,65+,undefined,undefined,FALSE,FALSE,undefined,undefined,undefined,undefined,app_user
1235,9,24,"TV/Movies, Books",Female,35-44,2006,33,TRUE,FALSE,"[""Comedy"",""Romance"",""Young Adult"",""Fantasy"",""Historical Fiction"",""Classics"",""Science Fiction"",""Whodunit"",""Horror"",""Thriller"",""Memoirs"",""True Crime""]",undefined,"[""True Crime"",""Comedy"",""Celebrities"",""Fiction"",""Pop Culture"",""Health & Fitness"",""TV & Movies"",""Music""]",2020-09-10T18:52:05,app_user
1236,10,24,TV/Movies,Female,65+,null,null,null,null,null,null,null,null,newsletter
1237,8,24,TV/Movies,Male,45-54,154,1,FALSE,FALSE,undefined,"[""Comedy"",""Workplace Comedy"",""Stoner Comedy"",""Dark Comedy"",""Spoofs and Mockumentaries"",""Drama"",""Crime"",""True Crime"",""Heists"",""Thriller"",""Shocking Twists"",""Suspense"",""Mystery"",""Spy Thrillers"",""Science Fiction"",""Outer Space"",""Time Travel"",""Robots"",""Alien"",""Action & Adventure"",""Action"",""Music"",""Documentary"",""Sports"",""Golf"",""Basketball"",""War"",""Whodunit""]","[""Crime"",""True Crime"",""Unsolved Crime"",""Comedy"",""Comedian"",""TV & Movies"",""Music"",""Pop Culture"",""History"",""News"",""Politics"",""Business""]",2024-05-26T17:05:14,app_user
1238,5,24,TV/Movies,Male,45-54,undefined,undefined,FALSE,FALSE,undefined,undefined,undefined,undefined,app_user
1239,10,24,TV/Movies,Female,35-44,406,1,TRUE,TRUE,"[""Memoirs"",""Historical Fiction"",""Young Adult"",""Teen Romance"",""Fantasy"",""Magic"",""Self Help"",""Motivation"",""Psychology""]","[""Comedy"",""Romantic Comedy"",""Family Friendly"",""Disney"",""Sitcoms"",""Documentary"",""Reality"",""Music"",""British Comedy"",""Adult Cartoon"",""Fantasy"",""Magic"",""Docuseries""]","[""Interviews"",""Celebrities"",""Pop Culture""]",2021-04-19T19:52:36,app_user
1240,10,24,"TV/Movies, Books",Female,45-54,185,0,TRUE,TRUE,"[""Memoirs"",""Comedy"",""Thriller"",""Psychological Thrillers"",""Classics"",""Humor"",""Mystery"",""Self Help"",""Motivation"",""Mental Health"",""Whodunit"",""Psychology"",""Cooking"",""Historical Fiction"",""Spy Thrillers"",""Shocking Twists"",""Comedian"",""Horror"",""Cookbooks"",""Tearjerkers""]","[""Comedy"",""Drama"",""Romance"",""Tearjerkers"",""Thriller"",""Horror"",""Shocking Twists"",""Suspense"",""Psychological Thrillers"",""Mystery"",""Family Friendly"",""Action & Adventure"",""Adventure"",""Action"",""Documentary"",""Survival"",""Biopic"",""Docuseries"",""Music""]","[""Comedy"",""Comedian"",""Pop Culture"",""Celebrities"",""Society & Culture"",""History"",""Health & Fitness"",""Health"",""Mental Health"",""Self Help"",""Interviews"",""TV & Movies""]",2021-05-02T07:33:22,app_user
1241,8,24,Books,Female,45-54,19,0,TRUE,TRUE,"[""Young Adult"",""Comedy"",""Thriller"",""Humor"",""Psychological Thrillers"",""Mystery"",""Historical Fiction"",""Classics"",""Horror"",""Whodunit"",""British Classics"",""Slasher"",""Paranormal""]","[""Comedy"",""Romantic Comedy"",""British Comedy"",""Dark Comedy"",""Spoofs and Mockumentaries"",""Romance"",""Family Friendly"",""Horror"",""Thriller"",""Suspense"",""Shocking Twists"",""Psychological Thrillers"",""Mystery"",""Slasher"",""Supernatural"",""Sitcoms"",""Disney"",""Action & Adventure"",""Adventure"",""Music"",""Whodunit""]",undefined,2022-04-14T21:59:49,app_user
1242,5,24,Books,Female,65+,undefined,undefined,FALSE,FALSE,"[""Romance"",""Historical Fiction"",""Whodunit"",""Thriller"",""Memoirs"",""Tearjerkers"",""Coming of Age""]",undefined,undefined,undefined,app_user
1243,9,24,Books,Female,55-64,15,3,TRUE,FALSE,"[""Young Adult"",""Fantasy"",""Science Fiction"",""Whodunit"",""Thriller"",""Horror"",""Historical Fiction""]",undefined,undefined,undefined,app_user
1244,9,24,TV/Movies,Male,65+,12,1,FALSE,FALSE,undefined,undefined,undefined,2020-01-12T17:11:02,app_user
1245,7,24,Books,Female,25-34,16,0,FALSE,FALSE,"[""Thriller"",""Psychological Thrillers"",""Shocking Twists"",""Mystery"",""Historical Fiction"",""World War 2"",""Horror"",""Tearjerkers"",""True Crime"",""Paranormal""]",undefined,undefined,2021-08-21T17:37:31,app_user
1246,4,24,"TV/Movies, Books",Female,55-64,33,0,FALSE,FALSE,"[""Romance"",""Romantic Comedies"",""Historical Fiction"",""Tearjerkers""]","[""Comedy"",""Romantic Comedy"",""Workplace Comedy"",""Romance"",""Drama"",""Action & Adventure"",""Action""]",undefined,2022-08-14T19:19:20,app_user
1247,6,24,TV/Movies,Female,45-54,281,1,TRUE,FALSE,undefined,undefined,"[""Comedy"",""History""]",2020-07-25T17:46:25,app_user
1248,7,24,TV/Movies,Male,65+,undefined,undefined,FALSE,FALSE,undefined,undefined,undefined,undefined,app_user
1249,7,24,"TV/Movies, Books, Podcasts",Non-binary,25-34,undefined,undefined,FALSE,FALSE,undefined,undefined,undefined,undefined,app_user
1250,3,24,"TV/Movies, Books",Female,65+,undefined,undefined,FALSE,FALSE,"[""Comedy"",""Romance"",""Historical Fiction"",""Classics"",""Science Fiction"",""Whodunit"",""True Crime"",""Thriller""]",undefined,undefined,undefined,app_user
1251,9,24,TV/Movies,Female,25-34,1998,1060,TRUE,TRUE,"[""Poetry"",""True Crime"",""Historical Fiction"",""Comedy"",""Romance"",""Fantasy"",""Urban Fantasy"",""High Fantasy"",""Dark Fantasy"",""Magic"",""Epic Fantasy"",""Romantic Comedies"",""Teen Romance"",""Young Adult"",""Coming of Age"",""Comedian"",""Humor"",""Thriller"",""Shocking Twists"",""Psychological Thrillers"",""Science Fiction"",""Mystery"",""Spy Thrillers"",""Dystopian Fiction"",""World War 2"",""Time Travel"",""Classics"",""British Classics"",""Self Help"",""Mental Health"",""Psychology"",""Motivation"",""Cooking"",""Cookbooks"",""Children's Books"",""Books for Kids""]","[""Teen"",""Romance"",""Comedy"",""Romantic Comedy"",""Drama"",""Family Dramas"",""Period Dramas"",""Crime"",""Courtroom Dramas"",""Heists"",""True Crime"",""Dark Crime"",""Vigilante"",""Adult Cartoon"",""Dark Comedy"",""Workplace Comedy"",""Spoofs and Mockumentaries"",""High School"",""Thriller"",""Shocking Twists"",""Psychological Thrillers"",""Suspense"",""Spy Thrillers"",""Horror"",""Mystery"",""Teen Romance"",""Fantasy"",""Mind Bending"",""Magic"",""Epic Fantasy"",""Biopic"",""Political"",""Science Fiction"",""Zombie"",""Time Travel"",""Dystopian"",""Alien"",""Action & Adventure"",""Adventure"",""Action"",""Whodunit""]","[""Comedy"",""TV & Movies"",""Crime"",""Comedian"",""Unsolved Crime"",""True Crime"",""News"",""Politics"",""Health & Fitness"",""Mental Health"",""Meditation"",""Beauty"",""Self Help"",""History"",""Music"",""Pop Culture"",""Society & Culture"",""Business"",""Entrepreneurs"",""Science & Technology"",""Science"",""Technology"",""Interviews""]",2021-06-03T08:52:36,app_user
1252,8,24,Books,Female,65+,16,0,FALSE,FALSE,undefined,"[""Comedy"",""Documentary"",""Biopic"",""Reality"",""Drama"",""Science Fiction"",""British Dramas""]",undefined,2023-06-03T01:01:17,app_user
1253,5,24,TV/Movies,Male,55-64,96,3,TRUE,TRUE,undefined,"[""Comedy"",""Romantic Comedy"",""British Comedy"",""Dark Comedy"",""Stoner Comedy"",""Workplace Comedy"",""Superheroes"",""Crime"",""Adult Cartoon"",""Spoofs and Mockumentaries"",""Vigilante"",""Western"",""Action & Adventure"",""Science Fiction"",""Thriller"",""Suspense"",""Fantasy"",""Teen"",""True Crime"",""Dark Crime"",""Drama"",""British Dramas"",""Period Dramas"",""Zombie"",""Dystopian"",""Outer Space"",""Alien"",""Action"",""Adventure"",""Survival"",""Outlaw Western"",""Post Apocalyptic"",""Sports""]",undefined,2022-04-16T07:05:01,app_user
1254,8,24,Books,Female,35-44,88,0,FALSE,FALSE,"[""Romance"",""Romantic Comedies"",""Young Adult"",""Coming of Age"",""Comedy"",""Humor"",""Thriller"",""Shocking Twists"",""Psychological Thrillers"",""Classics"",""True Crime"",""Self Help"",""Whodunit""]","[""Comedy"",""Romantic Comedy"",""Workplace Comedy"",""British Comedy"",""Dark Comedy"",""Adult Cartoon"",""Romance"",""Drama"",""Family Dramas"",""British Dramas"",""Period Dramas"",""Courtroom Dramas"",""Crime"",""True Crime"",""Family Friendly"",""Reality"",""Documentary"",""Whodunit""]","[""Crime"",""True Crime"",""Pop Culture"",""Society & Culture"",""Unsolved Crime"",""Celebrities"",""History"",""TV & Movies"",""News""]",undefined,app_user
1255,8,24,TV/Movies,Male,45-54,18,0,FALSE,FALSE,undefined,"[""Comedy"",""British Comedy"",""Romantic Comedy"",""Workplace Comedy"",""Dark Comedy"",""Spoofs and Mockumentaries"",""Adult Cartoon"",""Family Friendly"",""Sitcoms"",""Disney"",""Music"",""Science Fiction""]",undefined,2021-06-27T21:39:52,app_user
1256,10,24,Books,Female,55-64,3,0,FALSE,FALSE,"[""Young Adult"",""Fantasy"",""Science Fiction"",""Horror"",""Romance"",""Outer Space"",""Classics"",""Paranormal"",""British Classics""]","[""Comedy"",""Fantasy"",""Horror"",""Science Fiction"",""Black Cinema"",""Action & Adventure""]",undefined,2023-07-20T12:21:53,app_user
1257,10,24,"TV/Movies, Books",Male,45-54,undefined,undefined,FALSE,FALSE,undefined,undefined,undefined,undefined,app_user
1258,0,24,TV/Movies,Male,65+,66,1,FALSE,FALSE,undefined,undefined,undefined,2019-06-29T16:02:53,app_user
1259,10,24,"TV/Movies, Books",Female,65+,undefined,undefined,FALSE,FALSE,"[""Historical Fiction"",""Classics"",""Science Fiction"",""Whodunit"",""Tearjerkers"",""Coming of Age""]",undefined,undefined,undefined,app_user
1260,9,24,TV/Movies,Female,45-54,22,1,FALSE,FALSE,undefined,undefined,undefined,undefined,app_user
1261,9,24,"TV/Movies, Books, Podcasts",Female,25-34,3124,1,FALSE,FALSE,undefined,undefined,"[""True Crime"",""Comedy"",""Health & Fitness"",""Fiction"",""Music"",""TV & Movies""]",2019-12-29T19:14:31,app_user
1262,8,24,"TV/Movies, Books, Podcasts",Female,25-34,undefined,undefined,FALSE,FALSE,undefined,undefined,undefined,undefined,app_user
1263,7,24,TV/Movies,Male,65+,undefined,undefined,FALSE,FALSE,undefined,"[""Action & Adventure"",""Drama"",""History"",""Political"",""War"",""Thriller"",""Western""]",undefined,undefined,app_user
1264,10,24,"TV/Movies, Books",Female,35-44,92,1,FALSE,TRUE,"[""Romance"",""Thriller"",""Horror"",""True Crime"",""Historical Fiction"",""LGBTQ+""]","[""Thriller"",""Fantasy"",""Superheroes"",""Science Fiction"",""LGBTQ+"",""Action & Adventure"",""Documentary"",""Whodunit"",""Crime"",""Romance"",""Marvel"",""True Crime""]",undefined,2024-03-14T06:09:10,app_user
1265,7,24,TV/Movies,Male,65+,undefined,undefined,FALSE,FALSE,undefined,undefined,undefined,undefined,app_user
1266,10,24,TV/Movies,Female,65+,undefined,undefined,FALSE,FALSE,undefined,undefined,undefined,undefined,app_user
1267,8,24,"Books, Podcasts",Female,35-44,11,0,TRUE,FALSE,"[""Science Fiction"",""Thriller"",""Fantasy"",""Magic"",""Epic Fantasy"",""Dark Fantasy"",""Shocking Twists"",""Psychological Thrillers"",""Mystery"",""Dystopian Fiction"",""Time Travel"",""Outer Space"",""Historical Fiction"",""World War 2"",""Classics"",""Horror"",""Paranormal"",""True Crime"",""Self Help"",""Mental Health"",""Motivation"",""Psychology"",""Whodunit"",""Business"",""Leadership""]","[""Comedy"",""Workplace Comedy"",""Dark Comedy"",""Adult Cartoon"",""Drama"",""Period Dramas"",""Crime"",""Dark Crime"",""True Crime"",""Fantasy"",""Magic"",""Epic Fantasy"",""Mind Bending"",""Thriller"",""Suspense"",""Shocking Twists"",""Psychological Thrillers"",""Mystery"",""Horror"",""Supernatural"",""Science Fiction"",""Outer Space"",""Time Travel"",""Dystopian"",""Action & Adventure"",""Action"",""Adventure"",""Reality"",""Home Improvement"",""Documentary"",""Whodunit""]","[""Comedy"",""History"",""Health & Fitness"",""Self Help"",""Mental Health"",""Crime"",""Fiction"",""Interviews"",""News"",""Parenting"",""Business"",""Science & Technology"",""Science"",""Technology""]",2021-10-05T08:36:12,app_user
1268,6,24,Books,Prefer not to answer,25-34,null,null,null,null,null,null,null,null,newsletter
1269,10,24,TV/Movies,Female,65+,243,0,FALSE,FALSE,undefined,"[""Comedy"",""Reality"",""Survival"",""Western"",""Food"",""Action & Adventure"",""Drama""]",undefined,2022-04-20T19:39:58,app_user
1270,8,24,"TV/Movies, Books",Prefer not to answer,35-44,null,null,null,null,null,null,null,null,newsletter
1271,6,24,TV/Movies,Male,35-44,322,6,FALSE,FALSE,undefined,undefined,undefined,2020-03-31T19:28:40,app_user
1272,2,24,Books,Female,35-44,35,3,FALSE,FALSE,undefined,undefined,undefined,undefined,app_user
1273,5,24,TV/Movies,Female,55-64,undefined,undefined,FALSE,FALSE,undefined,undefined,undefined,undefined,app_user
1274,8,24,TV/Movies,Female,55-64,31,3,FALSE,FALSE,undefined,"[""Comedy"",""Fantasy"",""Superheroes"",""Whodunit"",""Adult Cartoon"",""Comic Book Adaptations"",""Marvel"",""Family Friendly"",""Disney"",""Sitcoms"",""Science Fiction"",""Outer Space"",""Time Travel"",""Action & Adventure"",""Romantic Comedy""]","[""Comedy"",""Crime"",""TV & Movies"",""Pop Culture"",""History"",""Society & Culture"",""Science & Technology"",""News""]",undefined,app_user
1275,8,24,"TV/Movies, Books, Podcasts",Female,65+,undefined,undefined,FALSE,FALSE,undefined,"[""Action & Adventure"",""Thriller"",""Comedy"",""Drama"",""Family Friendly"",""Documentary"",""Whodunit"",""Political"",""Biopic""]",undefined,undefined,app_user
1276,10,24,"TV/Movies, Books",Female,65+,78,0,FALSE,FALSE,undefined,undefined,undefined,2019-08-29T22:41:04,app_user
1277,8,24,Books,Female,25-34,159,0,FALSE,FALSE,undefined,undefined,undefined,undefined,app_user
1278,7,24,TV/Movies,Male,45-54,undefined,undefined,FALSE,FALSE,undefined,"[""Comedy"",""Thriller"",""Science Fiction"",""Crime"",""Action & Adventure"",""Family Friendly""]",undefined,undefined,app_user
1279,9,24,TV/Movies,Male,25-34,undefined,5,FALSE,FALSE,"[""Fantasy"",""Epic Fantasy"",""High Fantasy"",""Dark Fantasy"",""Science Fiction"",""Time Travel"",""Dystopian Fiction"",""Thriller"",""Shocking Twists"",""Psychological Thrillers"",""Mystery"",""Horror"",""Paranormal"",""Slasher"",""Whodunit""]","[""Comedy"",""Thriller"",""Superheroes"",""Horror"",""Whodunit"",""Science Fiction"",""Mystery"",""Marvel"",""Shocking Twists"",""Suspense"",""Psychological Thrillers"",""Dark Comedy"",""Stoner Comedy"",""Workplace Comedy"",""Slasher"",""Supernatural"",""Comic Book Adaptations"",""Spoofs and Mockumentaries"",""Adult Cartoon"",""Fantasy"",""Epic Fantasy"",""Mind Bending"",""Crime"",""Dark Crime"",""Anime"",""Time Travel"",""Alien"",""Dystopian"",""Outer Space"",""Action & Adventure"",""Action"",""Adventure""]",undefined,undefined,app_user
1280,10,24,"TV/Movies, Books",Female,65+,100,0,FALSE,TRUE,"[""Romance"",""Historical Fiction"",""World War 2"",""Mystery"",""Comedy"",""Shocking Twists""]","[""Comedy"",""Romantic Comedy"",""Workplace Comedy"",""British Comedy"",""Drama"",""British Dramas"",""Tearjerkers"",""Reality"",""Survival""]",undefined,2022-05-10T05:01:27,app_user
1281,8,24,TV/Movies,Female,35-44,72,0,FALSE,FALSE,"[""Thriller"",""True Crime"",""Memoirs"",""Horror"",""Science Fiction"",""Comedy""]","[""Comedy"",""Crime"",""Thriller"",""Science Fiction"",""Documentary"",""Horror"",""Survival"",""Reality"",""Whodunit"",""Drama""]","[""Comedy"",""True Crime""]",2020-12-27T11:14:32,app_user
1282,9,24,"TV/Movies, Podcasts",Female,45-54,null,null,null,null,null,null,null,null,newsletter
1283,10,24,"TV/Movies, Books",Female,35-44,8,0,FALSE,FALSE,undefined,undefined,undefined,2019-11-13T16:50:02,app_user
1284,8,24,Books,Female,25-34,12,0,TRUE,FALSE,undefined,"[""Comedy"",""Romantic Comedy"",""Workplace Comedy"",""Spoofs and Mockumentaries"",""Romance"",""Teen Romance"",""Drama"",""Crime"",""True Crime"",""Period Dramas"",""Family Dramas"",""Courtroom Dramas"",""Tearjerkers"",""Heists"",""Teen"",""High School"",""Thriller"",""Suspense"",""Shocking Twists"",""Psychological Thrillers"",""Mystery"",""Science Fiction"",""Family Friendly"",""Sitcoms"",""Disney"",""Outer Space"",""Time Travel"",""Robots"",""Dystopian"",""Alien"",""Action & Adventure"",""Adventure"",""Music"",""Documentary"",""Biopic""]",undefined,undefined,app_user
1285,7,24,TV/Movies,Female,25-34,null,null,null,null,null,null,null,null,newsletter
1286,10,24,"TV/Movies, Books",Female,65+,undefined,undefined,FALSE,FALSE,undefined,undefined,undefined,undefined,app_user
1287,7,24,TV/Movies,Female,65+,1,0,FALSE,FALSE,undefined,undefined,undefined,2019-07-27T15:38:28,app_user
1288,7,24,"TV/Movies, Books",Male,45-54,304,1,TRUE,FALSE,"[""Fantasy"",""Science Fiction"",""Comedy"",""Young Adult"",""Classics"",""Horror"",""Thriller""]","[""Comedy"",""Crime"",""Science Fiction"",""Fantasy"",""Superheroes"",""Western"",""Horror"",""Whodunit"",""Drama"",""Sports"",""Thriller""]",undefined,2020-08-28T16:36:27,app_user
1289,10,24,TV/Movies,Female,35-44,926,95,TRUE,TRUE,"[""Memoirs"",""Self Help"",""Comedy"",""Mental Health"",""Motivation"",""Psychology"",""Humor"",""Comedian""]","[""Comedy"",""Workplace Comedy"",""Spoofs and Mockumentaries"",""Adult Cartoon"",""Drama"",""Crime"",""Heists"",""Vigilante"",""Fantasy"",""Epic Fantasy"",""Mind Bending"",""Superheroes"",""Comic Book Adaptations"",""Marvel"",""Thriller"",""Suspense"",""Shocking Twists"",""Psychological Thrillers"",""Mystery"",""Spy Thrillers"",""Family Friendly"",""Sitcoms"",""Disney"",""Science Fiction"",""Outer Space"",""Time Travel"",""Robots"",""Alien"",""Action & Adventure"",""Action"",""Adventure"",""Music"",""Documentary"",""Docuseries"",""Whodunit"",""Biopic""]","[""Comedy"",""TV & Movies"",""Music"",""Interviews"",""Science & Technology"",""Science""]",2021-06-02T21:32:11,app_user
1290,6,24,"TV/Movies, Books",Female,65+,350,0,TRUE,TRUE,"[""Historical Fiction"",""Whodunit""]","[""Thriller"",""Mystery"",""Psychological Thrillers"",""Documentary"",""Docuseries"",""British Comedy"",""Workplace Comedy"",""Whodunit"",""Drama""]","[""Unsolved Crime"",""History"",""TV & Movies""]",2021-09-26T10:20:59,app_user
1291,4,24,Books,Female,55-64,null,null,null,null,null,null,null,null,newsletter
1292,8,24,"TV/Movies, Books, Podcasts",Female,65+,undefined,undefined,FALSE,FALSE,undefined,undefined,undefined,undefined,app_user
1293,6,24,TV/Movies,Male,65+,undefined,undefined,FALSE,FALSE,undefined,"[""Drama"",""Thriller"",""Horror"",""Science Fiction"",""Comedy"",""Crime"",""Superheroes"",""Action & Adventure"",""Political"",""Biopic"",""Whodunit""]",undefined,undefined,app_user
1294,7,24,TV/Movies,Female,55-64,406,0,FALSE,TRUE,undefined,"[""Drama"",""Family Dramas"",""British Dramas"",""Period Dramas"",""Tearjerkers"",""Mystery"",""Documentary"",""Whodunit"",""Biopic""]","[""Comedy"",""Comedian"",""Interviews""]",2022-06-06T09:17:08,app_user
1295,9,24,"TV/Movies, Books",Female,65+,82,0,TRUE,TRUE,"[""Thriller"",""Shocking Twists"",""Mystery"",""Psychological Thrillers"",""Whodunit""]","[""Thriller"",""Suspense"",""Shocking Twists"",""Psychological Thrillers"",""Mystery"",""Whodunit"",""Western"",""Outlaw Western"",""Comedy"",""British Comedy"",""Drama"",""British Dramas"",""Crime"",""Heists""]",undefined,2021-08-17T07:10:56,app_user
1296,6,24,TV/Movies,Female,65+,51,2,FALSE,FALSE,undefined,undefined,undefined,2020-03-21T13:45:16,app_user
1297,10,24,"TV/Movies, Books",Female,35-44,15,0,FALSE,FALSE,undefined,undefined,undefined,2020-05-25T05:57:33,app_user
1298,7,24,TV/Movies,Male,65+,29,1,FALSE,FALSE,"[""Comedy"",""Thriller"",""Shocking Twists"",""Psychological Thrillers"",""Spy Thrillers"",""Mystery"",""Science Fiction"",""Dystopian Fiction"",""Time Travel"",""Outer Space"",""Historical Fiction"",""World War 2"",""True Crime"",""Whodunit"",""Sports""]","[""Comedy"",""British Comedy"",""Drama"",""Workplace Comedy"",""Crime"",""True Crime"",""Heists"",""Vigilante"",""Superheroes"",""Marvel"",""Thriller"",""Suspense"",""Shocking Twists"",""Psychological Thrillers"",""Mystery"",""Spy Thrillers"",""Science Fiction"",""Outer Space"",""Time Travel"",""Robots"",""Zombie"",""Dystopian"",""Alien"",""Action & Adventure"",""Action"",""Adventure"",""Sports"",""Football"",""Basketball"",""Golf"",""Whodunit""]",undefined,2024-08-26T14:39:52,app_user
1299,5,24,"TV/Movies, Books, Podcasts",Female,18-24,3,0,FALSE,FALSE,undefined,"[""Comedy"",""Romantic Comedy"",""British Comedy"",""Romance"",""Teen Romance"",""Family Friendly"",""Fantasy"",""Drama"",""British Dramas"",""Tearjerkers"",""Family Dramas"",""Period Dramas"",""Courtroom Dramas"",""Crime"",""Superheroes"",""Marvel"",""Disney"",""Science Fiction"",""Time Travel"",""Outer Space"",""Action & Adventure"",""Action"",""Adventure""]",undefined,2021-10-07T23:32:44,app_user
1300,0,24,"TV/Movies, Books, Podcasts",Female,18-24,4,0,FALSE,FALSE,"[""Thriller"",""Shocking Twists"",""Mystery"",""Horror"",""True Crime""]",undefined,undefined,2022-01-06T13:23:18,app_user
1301,8,24,"TV/Movies, Books, Podcasts",Female,35-44,88,0,TRUE,TRUE,"[""Historical Fiction"",""Thriller"",""Mystery"",""Shocking Twists"",""Horror"",""Fantasy"",""Urban Fantasy"",""Psychological Thrillers"",""Whodunit""]","[""Comedy"",""Workplace Comedy"",""Dark Comedy"",""British Comedy"",""Spoofs and Mockumentaries"",""Thriller"",""Shocking Twists"",""Psychological Thrillers"",""Mystery"",""Spy Thrillers"",""Science Fiction"",""Time Travel"",""Outer Space"",""Zombie"",""Dystopian"",""Alien"",""Action & Adventure"",""Action"",""Adventure""]","[""Comedy"",""Comedian"",""History""]",undefined,app_user
1302,6,24,Books,Female,35-44,null,null,null,null,null,null,null,null,newsletter
1303,8,24,TV/Movies,Female,45-54,488,4,FALSE,FALSE,"[""Thriller"",""Shocking Twists"",""Psychological Thrillers"",""Mystery"",""True Crime"",""Whodunit"",""Memoirs""]",undefined,"[""Crime"",""TV & Movies"",""True Crime"",""Unsolved Crime"",""Pop Culture"",""Celebrities"",""Fiction""]",undefined,app_user
1304,9,24,TV/Movies,Female,65+,undefined,undefined,FALSE,FALSE,undefined,undefined,undefined,undefined,app_user
1305,10,24,"TV/Movies, Books, Podcasts",Female,45-54,undefined,undefined,FALSE,FALSE,undefined,undefined,undefined,undefined,app_user
1306,5,24,"TV/Movies, Books, Podcasts",Male,65+,52,0,FALSE,FALSE,undefined,undefined,undefined,undefined,app_user
1307,7,24,TV/Movies,Female,65+,8,0,FALSE,FALSE,undefined,undefined,undefined,undefined,app_user
1308,7,24,"TV/Movies, Books",Female,25-34,undefined,0,FALSE,FALSE,undefined,"[""Comedy"",""Romance"",""Drama"",""Crime"",""Teen"",""Fantasy"",""Superheroes"",""Thriller"",""Horror"",""Science Fiction"",""Black Cinema"",""Action & Adventure"",""Music"",""LGBTQ+"",""Whodunit"",""Political"",""Biopic"",""Survival"",""War"",""Romantic Comedy"",""British Comedy"",""Dark Comedy"",""Teen Romance"",""Period Dramas"",""Courtroom Dramas"",""Heists"",""Vigilante"",""High School"",""Epic Fantasy"",""Magic"",""Mind Bending"",""Comic Book Adaptations"",""Marvel"",""Suspense"",""Shocking Twists"",""Psychological Thrillers"",""Mystery"",""Spy Thrillers"",""Supernatural"",""Slasher"",""Outer Space"",""Time Travel"",""Robots"",""Zombie"",""Dystopian"",""Alien"",""Action"",""Adventure""]",undefined,undefined,app_user
1309,5,24,"TV/Movies, Books",Male,65+,undefined,undefined,FALSE,FALSE,undefined,undefined,undefined,undefined,app_user
1310,7,24,"TV/Movies, Books, Podcasts",Female,35-44,2,0,FALSE,FALSE,undefined,undefined,undefined,2020-07-26T14:38:12,app_user
1311,5,24,"TV/Movies, Podcasts",Female,55-64,54,0,TRUE,TRUE,"[""Romance"",""Romantic Comedies"",""Comedy"",""Humor"",""Historical Fiction"",""Classics"",""Cooking"",""Cookbooks"",""Holiday Cookbooks""]","[""Comedy"",""Romantic Comedy"",""Workplace Comedy"",""Romance"",""Drama"",""British Dramas"",""Period Dramas"",""Courtroom Dramas"",""Music"",""Documentary"",""Docuseries"",""Whodunit"",""Political"",""Biopic""]","[""Comedy"",""Crime"",""Pop Culture"",""News"",""Politics""]",2022-03-19T11:05:46,app_user
1312,9,24,"TV/Movies, Podcasts",Female,35-44,28,1,FALSE,FALSE,undefined,undefined,undefined,2019-12-20T15:04:43,app_user
1313,10,24,"TV/Movies, Books",Male,65+,undefined,undefined,FALSE,FALSE,undefined,undefined,undefined,undefined,app_user
1314,8,24,TV/Movies,Male,65+,undefined,undefined,FALSE,FALSE,undefined,undefined,undefined,undefined,app_user
1315,8,24,TV/Movies,Male,45-54,29,1,FALSE,TRUE,undefined,"[""Comedy"",""Workplace Comedy"",""Stoner Comedy"",""British Comedy"",""Dark Comedy"",""Spoofs and Mockumentaries"",""Adult Cartoon"",""Crime"",""Dark Crime"",""True Crime"",""Heists"",""Vigilante"",""Fantasy"",""Superheroes"",""Comic Book Adaptations"",""Marvel"",""Thriller"",""Suspense"",""Shocking Twists"",""Psychological Thrillers"",""Mystery"",""Spy Thrillers"",""Horror"",""Supernatural"",""Slasher"",""Science Fiction"",""Outer Space"",""Time Travel"",""Zombie"",""Action & Adventure"",""Action"",""Adventure"",""Whodunit""]",undefined,2023-02-12T10:47:19,app_user
1316,5,24,TV/Movies,Male,65+,null,null,null,null,null,null,null,null,newsletter
1317,10,24,"TV/Movies, Books",Female,45-54,194,5,FALSE,TRUE,"[""Fantasy"",""Romance"",""Romantic Comedies"",""Comedy"",""Humor"",""Thriller"",""Shocking Twists"",""Psychological Thrillers"",""Mystery"",""Historical Fiction"",""World War 2"",""Horror"",""Paranormal"",""Whodunit""]","[""Drama"",""Comedy"",""Crime"",""Fantasy"",""Thriller"",""Suspense"",""Shocking Twists"",""Psychological Thrillers"",""Mystery"",""Horror"",""Supernatural"",""Action & Adventure"",""Romance"",""Dark Crime"",""True Crime""]",undefined,2024-01-27T06:59:33,app_user
1318,9,24,TV/Movies,Female,55-64,282,0,TRUE,FALSE,undefined,"[""Comedy"",""Romance"",""Thriller"",""Documentary"",""Drama""]",undefined,undefined,app_user
1319,9,24,TV/Movies,Male,65+,28,0,TRUE,TRUE,undefined,"[""Political"",""Biopic"",""Comedy"",""Stoner Comedy"",""British Comedy"",""Dark Comedy"",""Spoofs and Mockumentaries"",""Adult Cartoon"",""Drama"",""British Dramas"",""Period Dramas"",""Courtroom Dramas"",""Tearjerkers"",""Crime"",""Dark Crime"",""True Crime"",""Heists"",""Vigilante"",""Fantasy"",""Epic Fantasy"",""Mind Bending"",""Superheroes"",""Comic Book Adaptations"",""Marvel"",""Thriller"",""Suspense"",""Psychological Thrillers"",""Shocking Twists"",""Mystery"",""Spy Thrillers"",""Science Fiction"",""Outer Space"",""Time Travel"",""Robots"",""Dystopian"",""Alien"",""Action & Adventure"",""Action"",""Adventure"",""Music"",""Food"",""Documentary"",""War"",""Whodunit"",""LGBTQ+"",""Docuseries"",""Workplace Comedy""]",undefined,undefined,app_user
1320,5,24,"TV/Movies, Books, Podcasts",Female,18-24,9,0,TRUE,TRUE,"[""Fantasy"",""Magic"",""High Fantasy"",""Urban Fantasy"",""Dark Fantasy"",""Epic Fantasy"",""Romance"",""Teen Romance"",""Young Adult"",""Comedy"",""Humor"",""Thriller"",""Shocking Twists"",""Psychological Thrillers"",""Spy Thrillers"",""Mystery"",""Science Fiction"",""Dystopian Fiction"",""Time Travel"",""Outer Space"",""Historical Fiction"",""World War 2"",""Classics"",""Horror"",""Slasher"",""Paranormal"",""True Crime"",""Tearjerkers"",""Self Help"",""Mental Health"",""LGBTQ+"",""Whodunit"",""Cooking"",""Cookbooks"",""Holiday Cookbooks"",""Memoirs"",""Children's Books""]","[""Comedy"",""Crime"",""True Crime"",""Teen"",""High School"",""Fantasy"",""Magic"",""Superheroes"",""Marvel"",""Thriller"",""Suspense"",""Shocking Twists"",""Psychological Thrillers"",""Mystery"",""Spy Thrillers"",""Horror"",""Supernatural"",""Slasher"",""Family Friendly"",""Disney"",""Science Fiction"",""Outer Space"",""Time Travel"",""Robots"",""Zombie"",""Dystopian"",""Alien"",""Action & Adventure"",""Action"",""Adventure"",""Music"",""Reality"",""Competition"",""Food"",""Documentary"",""Docuseries"",""Survival"",""LGBTQ+"",""War"",""Whodunit""]","[""Comedy"",""Crime"",""True Crime"",""Unsolved Crime"",""Pop Culture"",""Society & Culture"",""History"",""Fiction""]",undefined,app_user
1321,7,24,"TV/Movies, Books, Podcasts",Female,35-44,15,0,FALSE,FALSE,"[""Young Adult"",""Science Fiction""]",undefined,undefined,undefined,app_user
1322,10,24,"TV/Movies, Books",Female,45-54,24,0,FALSE,FALSE,"[""Historical Fiction""]","[""Comedy"",""Drama"",""Period Dramas"",""Superheroes"",""Marvel""]",undefined,2022-12-30T15:48:09,app_user
1323,8,24,"Books, Podcasts",Male,45-54,null,null,null,null,null,null,null,null,newsletter
1324,5,24,"Books, Podcasts",Female,65+,undefined,undefined,FALSE,FALSE,undefined,undefined,undefined,undefined,app_user
1325,8,24,Books,Male,35-44,23,0,FALSE,FALSE,"[""Fantasy""]",undefined,undefined,undefined,app_user
1326,8,24,"TV/Movies, Books",Female,25-34,1299,9,TRUE,TRUE,"[""Fantasy"",""High Fantasy"",""Urban Fantasy"",""Dark Fantasy"",""Epic Fantasy"",""Young Adult"",""Coming of Age"",""Thriller"",""Shocking Twists"",""Science Fiction"",""Dystopian Fiction"",""Mystery"",""Horror"",""Historical Fiction"",""Magic"",""Classics"",""Slasher"",""Time Travel"",""Outer Space"",""Paranormal"",""Comedy"",""Tearjerkers"",""True Crime"",""Whodunit"",""Children's Books"",""Teen Romance"",""Humor"",""Psychological Thrillers"",""British Classics"",""LGBTQ+"",""Romance"",""Romantic Comedies"",""Comedian"",""Spy Thrillers"",""World War 2"",""Self Help"",""Mental Health"",""Motivation"",""Poetry"",""Psychology"",""Business"",""Cooking"",""Holiday Cookbooks"",""Cookbooks"",""Entrepreneurship"",""Leadership"",""Memoirs"",""Books for Kids"",""Sports""]","[""Fantasy"",""Superheroes"",""Magic"",""Comic Book Adaptations"",""Marvel"",""Horror"",""Supernatural"",""Thriller"",""Slasher"",""Anime"",""Science Fiction"",""Time Travel"",""Black Cinema"",""Dystopian"",""Zombie"",""Outer Space"",""Whodunit"",""Comedy"",""Romantic Comedy"",""Workplace Comedy"",""Stoner Comedy"",""Dark Comedy"",""Spoofs and Mockumentaries"",""Teen"",""High School"",""Epic Fantasy"",""Mind Bending"",""Family Friendly"",""Sitcoms"",""Disney"",""British Comedy"",""Adult Cartoon"",""Drama"",""Family Dramas"",""Period Dramas"",""Courtroom Dramas"",""Tearjerkers"",""Crime"",""Dark Crime"",""True Crime"",""Heists"",""Vigilante"",""Mystery"",""Action & Adventure"",""Robots"",""Alien"",""Teen Romance"",""Action"",""Adventure"",""Documentary"",""Docuseries"",""Survival"",""Post Apocalyptic"",""LGBTQ+""]","[""Crime"",""True Crime"",""TV & Movies"",""Fiction""]",2021-07-29T15:11:52,app_user
1327,10,24,TV/Movies,Male,55-64,455,0,FALSE,FALSE,undefined,undefined,undefined,undefined,app_user
1328,8,24,"TV/Movies, Books",Female,45-54,39,0,TRUE,FALSE,"[""Young Adult"",""Science Fiction"",""Dystopian Fiction"",""Time Travel"",""Outer Space"",""Historical Fiction"",""Classics"",""Tearjerkers"",""LGBTQ+""]","[""Comedy"",""Romantic Comedy"",""Workplace Comedy"",""Dark Comedy"",""British Comedy"",""Spoofs and Mockumentaries"",""Drama"",""Family Dramas"",""British Dramas"",""Period Dramas"",""Tearjerkers"",""Teen"",""Fantasy"",""Epic Fantasy"",""Mind Bending"",""Magic"",""Superheroes"",""Comic Book Adaptations"",""Marvel"",""Family Friendly"",""Sitcoms"",""Science Fiction"",""Outer Space"",""Time Travel"",""Robots"",""Zombie"",""Dystopian"",""Alien"",""Black Cinema"",""Action & Adventure"",""Adventure"",""Music"",""Documentary"",""Docuseries"",""LGBTQ+"",""Biopic""]","[""Fiction"",""News"",""Science & Technology"",""Science"",""Relationship"",""Pop Culture"",""Society & Culture"",""History"",""Interviews"",""Family Friendly""]",2023-01-03T19:41:26,app_user
1329,7,24,"TV/Movies, Books, Podcasts",Male,65+,13,0,FALSE,FALSE,"[""Whodunit""]","[""Whodunit"",""Thriller""]",undefined,2020-12-25T06:39:09,app_user
1330,10,24,Books,Female,65+,undefined,undefined,FALSE,FALSE,undefined,undefined,undefined,undefined,app_user
1331,1,24,"Books, Podcasts",Female,55-64,2,undefined,FALSE,FALSE,undefined,undefined,undefined,2022-04-14T20:48:10,app_user
1332,7,24,"TV/Movies, Books",Female,45-54,undefined,undefined,FALSE,FALSE,undefined,"[""Comedy"",""Romance"",""Drama"",""Crime"",""Teen"",""Thriller"",""Horror"",""Science Fiction"",""Black Cinema"",""Action & Adventure"",""Documentary"",""Survival"",""War"",""Whodunit"",""Political"",""Workplace Comedy"",""British Comedy"",""Dark Comedy"",""Spoofs and Mockumentaries"",""Family Dramas"",""British Dramas"",""Courtroom Dramas"",""Dark Crime"",""True Crime"",""Heists"",""Vigilante"",""Suspense"",""Shocking Twists"",""Psychological Thrillers"",""Mystery"",""Spy Thrillers"",""Supernatural"",""Slasher"",""Outer Space"",""Time Travel"",""Zombie"",""Dystopian"",""Alien"",""Action"",""Adventure"",""Docuseries"",""Post Apocalyptic"",""Fantasy"",""Biopic"",""Epic Fantasy"",""Magic"",""Mind Bending"",""Robots""]",undefined,undefined,app_user
1333,6,24,Books,Prefer not to answer,35-44,893,0,FALSE,TRUE,"[""Romance"",""Romantic Comedies""]","[""Romance"",""Romantic Comedy""]","[""Comedy"",""Relationship"",""Family Friendly""]",2022-12-04T09:39:20,app_user
1334,9,24,"TV/Movies, Books, Podcasts",Female,35-44,10,1,FALSE,FALSE,"[""Historical Fiction"",""Cooking"",""Classics"",""Whodunit"",""Memoirs""]","[""Whodunit"",""Family Friendly"",""Documentary"",""Docuseries"",""Comedy"",""British Comedy""]",undefined,undefined,app_user
1335,6,24,TV/Movies,Male,55-64,undefined,undefined,FALSE,FALSE,undefined,undefined,undefined,undefined,app_user
1336,8,24,Books,Female,25-34,16,0,FALSE,FALSE,"[""Fantasy"",""Magic"",""Urban Fantasy"",""Epic Fantasy"",""Young Adult"",""Cooking"",""Self Help"",""Comedy"",""Humor"",""Thriller"",""Science Fiction"",""Horror"",""Slasher"",""Paranormal"",""Cookbooks""]","[""Comedy"",""Workplace Comedy"",""Stoner Comedy"",""British Comedy"",""Dark Comedy"",""Adult Cartoon"",""Teen"",""Superheroes"",""Marvel"",""Fantasy"",""Horror"",""Slasher"",""Anime"",""Action & Adventure"",""Action"",""Adventure"",""Survival"",""Thriller"",""Spy Thrillers"",""Supernatural""]",undefined,2023-01-13T16:58:56,app_user
1337,10,24,TV/Movies,Female,55-64,266,0,TRUE,TRUE,"[""Romance"",""True Crime"",""Tearjerkers"",""Whodunit"",""Romantic Comedies"",""Historical Fiction"",""Memoirs""]","[""Comedy"",""Romantic Comedy"",""Workplace Comedy"",""Romance"",""Drama"",""Crime"",""True Crime"",""Action & Adventure"",""Action"",""Family Dramas"",""Courtroom Dramas"",""Whodunit"",""Tearjerkers"",""Period Dramas"",""Heists""]",undefined,2021-06-07T19:52:18,app_user
1338,7,24,"TV/Movies, Books",Female,55-64,167,1,FALSE,FALSE,undefined,undefined,"[""History"",""True Crime"",""Crime"",""TV & Movies""]",2020-06-14T21:45:54,app_user
1339,8,24,"Books, Podcasts",Female,65+,39,0,FALSE,FALSE,"[""Romance"",""Thriller"",""Shocking Twists"",""Psychological Thrillers"",""Spy Thrillers"",""Mystery"",""Historical Fiction"",""World War 2"",""True Crime"",""Self Help"",""Motivation""]","[""Comedy"",""Romantic Comedy"",""Workplace Comedy"",""Romance"",""Drama"",""Family Dramas"",""Period Dramas"",""Courtroom Dramas"",""Crime"",""True Crime""]",undefined,2022-03-22T07:31:56,app_user
1340,10,24,TV/Movies,Female,45-54,undefined,undefined,FALSE,FALSE,undefined,undefined,undefined,undefined,app_user
1341,6,24,Books,Female,55-64,11,0,FALSE,FALSE,undefined,"[""Drama"",""Crime"",""Science Fiction"",""Action & Adventure"",""Music"",""War"",""Western"",""Romance"",""British Dramas"",""Outer Space"",""Time Travel"",""Robots"",""Dystopian"",""Action"",""Adventure""]",undefined,2021-09-07T13:53:38,app_user
1342,10,24,"TV/Movies, Books, Podcasts",Male,55-64,51,1,FALSE,FALSE,undefined,undefined,undefined,2020-05-23T20:55:33,app_user
1343,6,24,TV/Movies,Male,65+,undefined,undefined,FALSE,FALSE,undefined,undefined,undefined,undefined,app_user
1344,5,24,"TV/Movies, Books, Podcasts",Male,65+,undefined,undefined,FALSE,FALSE,undefined,undefined,undefined,undefined,app_user
1345,9,24,"TV/Movies, Books, Podcasts",Female,35-44,166,0,FALSE,FALSE,undefined,undefined,undefined,undefined,app_user
1346,7,24,"TV/Movies, Books, Podcasts",Female,25-34,34,0,FALSE,FALSE,undefined,undefined,undefined,2020-04-09T00:04:10,app_user
1347,7,24,Books,Female,65+,1486,0,FALSE,FALSE,"[""Fantasy"",""Thriller"",""Shocking Twists"",""Science Fiction"",""Time Travel"",""Psychological Thrillers"",""Mystery"",""Classics"",""British Classics""]",undefined,undefined,2020-05-25T07:26:45,app_user
1348,8,24,TV/Movies,Male,35-44,1568,24,TRUE,TRUE,undefined,"[""Comedy"",""Romantic Comedy"",""Workplace Comedy"",""Stoner Comedy"",""Dark Comedy"",""Spoofs and Mockumentaries"",""Drama"",""Crime"",""Dark Crime"",""True Crime"",""Heists"",""Vigilante"",""Thriller"",""Suspense"",""Shocking Twists"",""Psychological Thrillers"",""Mystery"",""Spy Thrillers"",""Action & Adventure"",""Action"",""Adventure"",""Documentary"",""Docuseries"",""War"",""Whodunit"",""Western"",""Outlaw Western"",""Biopic"",""Political""]","[""Comedy"",""Comedian"",""Crime"",""True Crime"",""Unsolved Crime"",""TV & Movies"",""Music"",""Pop Culture"",""Interviews""]",undefined,app_user
1349,9,24,TV/Movies,Male,55-64,50,1,FALSE,FALSE,undefined,"[""Comedy"",""Romantic Comedy"",""Workplace Comedy"",""British Comedy"",""Dark Comedy"",""Thriller"",""Superheroes"",""Crime"",""Drama"",""Family Dramas"",""British Dramas"",""Period Dramas"",""Dark Crime"",""True Crime"",""Vigilante"",""Heists"",""Marvel"",""Comic Book Adaptations"",""Suspense"",""Shocking Twists"",""Psychological Thrillers"",""Spy Thrillers"",""Horror"",""Supernatural"",""Slasher"",""Science Fiction"",""Outer Space"",""Time Travel"",""Robots"",""Zombie"",""Dystopian"",""Alien"",""Music"",""Sports"",""Baseball"",""Basketball""]",undefined,2023-07-07T08:34:14,app_user
1350,5,24,"Books, Podcasts",Female,35-44,undefined,undefined,FALSE,FALSE,undefined,undefined,undefined,undefined,app_user
1351,9,24,"TV/Movies, Books, Podcasts",Male,65+,6,0,FALSE,FALSE,undefined,undefined,undefined,2019-11-07T11:11:00,app_user
1352,5,24,Books,Female,55-64,16,0,FALSE,FALSE,undefined,undefined,undefined,2020-03-27T15:07:27,app_user
1353,7,24,"TV/Movies, Books",Female,35-44,43,0,FALSE,FALSE,"[""Romance"",""Romantic Comedies"",""Young Adult"",""Comedy"",""Fantasy"",""Whodunit""]",undefined,undefined,undefined,app_user
1354,8,24,Books,Female,45-54,29,0,FALSE,FALSE,"[""Fantasy"",""Romance"",""Science Fiction"",""Historical Fiction""]",undefined,undefined,undefined,app_user
1355,8,24,Books,Female,25-34,672,7,FALSE,FALSE,undefined,undefined,"[""Crime"",""History"",""Business"",""Science & Technology"",""Science""]",undefined,app_user
1356,9,24,"TV/Movies, Books",Female,45-54,145,48,FALSE,FALSE,"[""Shocking Twists"",""Romantic Comedies"",""Psychological Thrillers"",""Horror"",""Tearjerkers"",""Whodunit"",""Thriller"",""Romance""]",undefined,"[""Comedy"",""Relationship"",""TV & Movies"",""Celebrities"",""Pop Culture"",""Society & Culture""]",2019-09-05T16:07:56,app_user
1357,9,24,"TV/Movies, Books",Female,65+,156,0,TRUE,TRUE,undefined,"[""Thriller"",""Suspense"",""Shocking Twists"",""Psychological Thrillers""]",undefined,undefined,app_user
1358,10,24,"TV/Movies, Podcasts",Female,35-44,814,7,TRUE,FALSE,undefined,undefined,undefined,2020-07-05T10:51:50,app_user
1359,9,24,"TV/Movies, Books",Female,65+,335,0,FALSE,FALSE,"[""True Crime"",""Historical Fiction"",""Memoirs"",""World War 2"",""Classics""]","[""Romance"",""Drama"",""Crime"",""Family Dramas"",""British Dramas"",""Courtroom Dramas"",""True Crime"",""Documentary"",""Docuseries"",""Romantic Comedy"",""Political"",""Western"",""Biopic""]","[""Crime"",""True Crime"",""Relationship"",""Dating"",""Love"",""Health & Fitness"",""Mental Health""]",undefined,app_user
1360,8,24,"TV/Movies, Books",Female,25-34,1500,20,TRUE,FALSE,"[""Fantasy"",""Young Adult"",""Romance"",""Dark Fantasy"",""Magic"",""Urban Fantasy"",""Teen Romance"",""Thriller"",""Spy Thrillers"",""Science Fiction"",""Mystery"",""Psychological Thrillers"",""Shocking Twists"",""Romantic Comedies"",""Time Travel"",""Historical Fiction"",""Outer Space"",""Dystopian Fiction"",""Classics"",""World War 2"",""British Classics"",""True Crime"",""Poetry"",""Whodunit""]","[""Romance"",""Romantic Comedy"",""Teen Romance"",""Teen"",""Fantasy"",""Epic Fantasy"",""Magic"",""Drama"",""Tearjerkers"",""Crime"",""Heists"",""Superheroes"",""Marvel"",""Family Friendly"",""Comic Book Adaptations"",""Thriller"",""Psychological Thrillers"",""Spy Thrillers"",""Mystery"",""Horror"",""Slasher"",""Shocking Twists"",""Science Fiction"",""Time Travel"",""Outer Space"",""Dystopian"",""Disney"",""Action & Adventure"",""Reality"",""Documentary"",""Docuseries"",""Whodunit"",""Music"",""Action"",""Alien"",""Zombie""]",undefined,2021-02-04T15:37:51,app_user
1361,10,24,"TV/Movies, Books",Prefer not to answer,18-24,368,24,TRUE,TRUE,"[""Young Adult"",""Thriller"",""Classics"",""LGBTQ+""]","[""Documentary"",""Docuseries"",""Horror"",""Black Cinema"",""Anime"",""Thriller"",""Psychological Thrillers"",""Shocking Twists"",""Suspense"",""Slasher"",""Crime"",""True Crime"",""Dark Crime"",""Spoofs and Mockumentaries"",""Dark Comedy"",""Adult Cartoon"",""Family Friendly"",""Sitcoms"",""Disney"",""Comedy"",""Stoner Comedy"",""Romance"",""LGBTQ+"",""Political""]","[""Comedy"",""Crime"",""True Crime"",""Unsolved Crime"",""Relationship"",""Pop Culture"",""Society & Culture"",""Health & Fitness"",""Mental Health"",""Self Help"",""Health"",""Fitness"",""News"",""Politics"",""Science & Technology""]",2022-02-28T11:39:58,app_user
1362,3,24,TV/Movies,Male,65+,6,2,FALSE,FALSE,undefined,undefined,undefined,undefined,app_user
1363,6,24,"TV/Movies, Books",Female,35-44,161,1,TRUE,TRUE,"[""Romance"",""Thriller"",""Shocking Twists"",""Mystery"",""Historical Fiction"",""Spy Thrillers"",""Romantic Comedies"",""Young Adult"",""Classics"",""Teen Romance"",""British Classics""]","[""Comedy"",""Romantic Comedy"",""Romance"",""Crime"",""Drama"",""British Dramas"",""Action & Adventure"",""Music"",""Action"",""Adventure""]",undefined,undefined,app_user
1364,6,24,TV/Movies,Female,65+,undefined,undefined,FALSE,FALSE,undefined,undefined,undefined,undefined,app_user
1365,10,24,Books,Female,55-64,133,0,TRUE,TRUE,undefined,undefined,undefined,undefined,app_user
1366,4,24,Books,Female,35-44,22,0,TRUE,FALSE,"[""Romance"",""Thriller"",""Psychological Thrillers"",""Spy Thrillers"",""Shocking Twists"",""Mystery"",""Historical Fiction"",""Classics"",""British Classics"",""Whodunit"",""Science Fiction"",""Time Travel"",""Dystopian Fiction""]","[""Drama"",""Crime"",""Dark Crime"",""True Crime"",""Period Dramas"",""Action & Adventure"",""Adventure"",""Fantasy"",""Mind Bending"",""Horror"",""Science Fiction"",""Outer Space"",""Time Travel"",""Zombie"",""Dystopian"",""Documentary"",""Docuseries"",""Whodunit"",""Thriller"",""Psychological Thrillers"",""Shocking Twists"",""Mystery"",""British Dramas"",""Comedy"",""Dark Comedy""]","[""Crime"",""True Crime"",""Unsolved Crime"",""Pop Culture"",""Society & Culture"",""Science & Technology"",""Science"",""News"",""Politics"",""History"",""Health & Fitness"",""Mental Health"",""Meditation"",""Self Help""]",2021-05-02T05:59:17,app_user
1367,9,24,"TV/Movies, Books",Female,25-34,undefined,undefined,FALSE,FALSE,"[""Romance"",""Young Adult"",""Tearjerkers"",""LGBTQ+"",""Coming of Age""]",undefined,undefined,undefined,app_user
1368,6,24,Books,Female,35-44,23,0,FALSE,FALSE,"[""Romance"",""Romantic Comedies"",""Horror"",""Paranormal"",""Slasher"",""Science Fiction"",""Dystopian Fiction"",""Thriller"",""Psychological Thrillers"",""Mystery""]",undefined,undefined,2024-03-31T07:02:51,app_user
1369,6,24,TV/Movies,Male,45-54,undefined,undefined,FALSE,FALSE,undefined,undefined,undefined,undefined,app_user
1370,7,24,TV/Movies,Male,65+,109,0,FALSE,FALSE,undefined,undefined,undefined,2020-05-22T18:10:17,app_user
1371,5,24,TV/Movies,Female,55-64,null,null,null,null,null,null,null,null,newsletter
1372,7,24,TV/Movies,Male,55-64,69,1,FALSE,FALSE,undefined,undefined,undefined,2020-06-01T15:59:33,app_user
1373,7,24,TV/Movies,Female,65+,765,1,FALSE,FALSE,"[""Fantasy"",""Magic"",""Romance"",""Young Adult"",""Comedy"",""Thriller"",""Shocking Twists"",""Psychological Thrillers"",""Spy Thrillers"",""Mystery"",""Historical Fiction"",""True Crime"",""Tearjerkers"",""Whodunit""]","[""Comedy"",""Romantic Comedy"",""British Comedy"",""Dark Comedy"",""Drama"",""British Dramas"",""Family Dramas"",""Courtroom Dramas"",""Crime"",""True Crime"",""Vigilante"",""Dark Crime"",""Fantasy"",""Thriller"",""Suspense"",""Superheroes"",""Magic"",""Comic Book Adaptations"",""Marvel"",""Shocking Twists"",""Psychological Thrillers"",""Mystery"",""Horror"",""Spy Thrillers"",""Supernatural"",""Action & Adventure"",""Documentary"",""Docuseries"",""Whodunit""]",undefined,2023-01-07T14:08:21,app_user
1374,5,24,TV/Movies,Male,65+,12,0,FALSE,FALSE,undefined,"[""Science Fiction"",""Horror"",""Fantasy""]",undefined,2022-04-22T12:28:40,app_user
1375,6,24,Books,Female,25-34,25,1,FALSE,FALSE,"[""Fantasy"",""Magic"",""High Fantasy"",""Dark Fantasy"",""Epic Fantasy"",""Urban Fantasy"",""Comedy"",""Comedian"",""Humor"",""Thriller"",""Shocking Twists"",""Psychological Thrillers"",""Spy Thrillers"",""Mystery"",""Science Fiction"",""Dystopian Fiction"",""Outer Space"",""Time Travel"",""Historical Fiction"",""World War 2"",""Self Help"",""Mental Health"",""Motivation"",""Psychology"",""Whodunit"",""Memoirs""]","[""Comedy"",""Romantic Comedy"",""Workplace Comedy"",""Drama"",""Family Dramas"",""Period Dramas"",""Tearjerkers"",""Crime"",""Romance"",""Heists"",""Fantasy"",""Magic"",""Mind Bending"",""Epic Fantasy"",""Superheroes"",""Comic Book Adaptations"",""Marvel"",""Thriller"",""Suspense"",""Mystery"",""Shocking Twists"",""Spy Thrillers"",""Family Friendly"",""Sitcoms"",""Disney"",""Action & Adventure"",""Action"",""Adventure"",""Music"",""Reality"",""Competition"",""Home Improvement"",""Reality Dating"",""Food"",""Survival"",""Post Apocalyptic"",""Dystopian"",""Whodunit""]","[""Comedy"",""Comedian"",""News"",""Science & Technology"",""Science"",""Relationship"",""Love"",""Dating"",""Business"",""Celebrities""]",2022-05-09T10:32:53,app_user
1376,9,24,TV/Movies,Male,55-64,15,0,FALSE,FALSE,"[""Business"",""Memoirs"",""Sports"",""Self Help"",""Comedy"",""Humor"",""Comedian"",""Science Fiction"",""Time Travel"",""Mental Health"",""Motivation""]","[""Comedy"",""Stoner Comedy"",""Drama"",""Courtroom Dramas"",""Dark Comedy"",""Crime"",""Heists"",""Vigilante"",""Superheroes"",""Comic Book Adaptations"",""Action & Adventure"",""Music"",""Sports"",""Baseball"",""Western"",""Outlaw Western""]","[""Comedy"",""Comedian"",""Crime"",""Unsolved Crime"",""True Crime"",""Music"",""Sports"",""Science & Technology"",""Technology"",""Fiction""]",undefined,app_user
1377,10,24,TV/Movies,Female,55-64,null,null,null,null,null,null,null,null,newsletter
1378,8,24,Books,Male,18-24,27,1,FALSE,FALSE,"[""Fantasy"",""Romance"",""Dark Fantasy"",""Teen Romance"",""Science Fiction"",""Time Travel"",""Outer Space"",""Historical Fiction"",""World War 2"",""True Crime"",""LGBTQ+"",""Tearjerkers"",""Whodunit"",""Cooking"",""Holiday Cookbooks""]","[""Comedy"",""Romantic Comedy"",""British Comedy"",""Dark Comedy"",""Romance"",""Teen Romance"",""Drama"",""British Dramas"",""Family Dramas"",""Tearjerkers"",""Crime"",""Dark Crime"",""True Crime"",""Horror"",""Supernatural"",""Slasher"",""Black Cinema"",""Action & Adventure"",""Adventure"",""Action"",""LGBTQ+"",""Survival"",""War"",""Whodunit"",""Western"",""Outlaw Western""]",undefined,undefined,app_user
1379,5,24,Books,Male,55-64,undefined,undefined,FALSE,FALSE,"[""Historical Fiction"",""Classics"",""Science Fiction"",""True Crime"",""Thriller"",""Coming of Age""]",undefined,undefined,undefined,app_user
1380,5,24,"TV/Movies, Books",Female,25-34,101,0,FALSE,TRUE,"[""Fantasy"",""Magic"",""Epic Fantasy"",""Young Adult"",""Romance"",""Science Fiction"",""Dystopian Fiction"",""Outer Space"",""Time Travel""]","[""Superheroes"",""Fantasy"",""Magic"",""Epic Fantasy"",""Marvel"",""Science Fiction"",""Outer Space"",""Dystopian"",""Action & Adventure"",""Action"",""Adventure""]","[""Fiction""]",undefined,app_user
1381,6,24,"TV/Movies, Books",Male,65+,undefined,undefined,FALSE,FALSE,undefined,undefined,undefined,undefined,app_user
1382,0,24,"Books, Podcasts",Female,65+,14,0,TRUE,FALSE,"[""Fantasy"",""Historical Fiction"",""Tearjerkers"",""Self Help"",""Mental Health""]","[""Comedy"",""Drama"",""Music""]","[""Music"",""Crime"",""History"",""Fiction""]",2022-06-03T18:07:40,app_user
1383,7,24,TV/Movies,Female,55-64,undefined,undefined,FALSE,FALSE,undefined,undefined,undefined,undefined,app_user
1384,8,24,Books,Female,65+,285,22,FALSE,TRUE,"[""Historical Fiction"",""Tearjerkers"",""Classics"",""Romance"",""Memoirs""]","[""Romantic Comedy"",""Romance"",""Drama"",""Period Dramas"",""Comedy"",""Family Dramas"",""Documentary"",""Docuseries""]","[""Comedy"",""Comedian"",""History"",""Interviews"",""Relationship""]",2022-09-21T04:28:54,app_user
1385,7,24,"TV/Movies, Books",Male,35-44,62,0,FALSE,FALSE,"[""Fantasy"",""Magic"",""High Fantasy"",""Dark Fantasy"",""Epic Fantasy"",""Comedy"",""Humor"",""Thriller"",""Shocking Twists"",""Psychological Thrillers"",""Mystery"",""Science Fiction"",""Dystopian Fiction"",""Time Travel"",""Historical Fiction"",""Classics"",""Outer Space"",""Horror"",""Slasher"",""Paranormal"",""True Crime"",""Whodunit""]","[""Teen"",""Comedy"",""Stoner Comedy"",""Dark Comedy"",""Spoofs and Mockumentaries"",""Workplace Comedy"",""Adult Cartoon"",""Drama"",""Period Dramas"",""Crime"",""Dark Crime"",""Vigilante"",""Heists"",""True Crime"",""Fantasy"",""Epic Fantasy"",""Mind Bending"",""Magic"",""Superheroes"",""Marvel"",""Comic Book Adaptations"",""Thriller"",""Horror"",""Suspense"",""Shocking Twists"",""Psychological Thrillers"",""Mystery"",""Spy Thrillers"",""Supernatural"",""Slasher"",""Science Fiction"",""Outer Space"",""Zombie"",""Robots"",""Time Travel"",""Dystopian"",""Alien"",""Anime"",""Action & Adventure"",""Black Cinema"",""Action"",""Adventure"",""Music"",""Food"",""Documentary"",""Docuseries"",""War"",""Whodunit"",""Western"",""Outlaw Western"",""Political"",""Biopic"",""Sports"",""Baseball""]",undefined,undefined,app_user
1386,10,24,TV/Movies,Male,55-64,undefined,undefined,FALSE,FALSE,undefined,undefined,undefined,undefined,app_user
1387,9,24,TV/Movies,Male,45-54,135,0,FALSE,FALSE,undefined,undefined,undefined,2020-01-18T09:05:34,app_user
1388,5,24,TV/Movies,Female,55-64,13,0,FALSE,FALSE,undefined,undefined,undefined,2020-04-14T10:51:04,app_user
1389,5,24,TV/Movies,Male,35-44,undefined,undefined,FALSE,FALSE,undefined,"[""Sports"",""Superheroes"",""Crime"",""Drama""]",undefined,undefined,app_user
1390,9,24,"TV/Movies, Books, Podcasts",Male,55-64,undefined,0,FALSE,FALSE,undefined,"[""Comedy""]",undefined,undefined,app_user
1391,7,24,Books,Male,25-34,5,1,FALSE,FALSE,"[""Thriller"",""Fantasy"",""Psychological Thrillers"",""Magic"",""Urban Fantasy"",""Shocking Twists"",""Horror"",""Paranormal"",""Mystery"",""Dark Fantasy""]",undefined,undefined,undefined,app_user
1392,6,24,"TV/Movies, Books",Female,18-24,null,null,null,null,null,null,null,null,newsletter
1393,10,24,"TV/Movies, Books",Female,45-54,22,1,FALSE,FALSE,"[""Comedy"",""Romance"",""Romantic Comedies"",""Young Adult"",""Comedian"",""Humor"",""Thriller"",""Psychological Thrillers"",""Shocking Twists"",""Mystery"",""Memoirs""]",undefined,undefined,2021-05-21T11:35:47,app_user
1394,10,24,TV/Movies,Female,25-34,32,0,TRUE,FALSE,undefined,"[""Thriller"",""Shocking Twists"",""Psychological Thrillers"",""Horror"",""Slasher"",""Mystery"",""Science Fiction"",""Black Cinema"",""Action & Adventure"",""Action"",""Music"",""Reality"",""Reality Dating"",""Competition"",""Food"",""Documentary"",""Docuseries"",""LGBTQ+"",""Crime"",""Dark Crime"",""True Crime"",""Drama""]",undefined,2023-01-01T07:36:23,app_user
1395,8,24,TV/Movies,Female,45-54,29,0,TRUE,TRUE,undefined,"[""Comedy"",""Crime"",""True Crime"",""Whodunit"",""Documentary"",""Family Friendly"",""Sitcoms""]",undefined,undefined,app_user
1396,4,24,"TV/Movies, Books, Podcasts",Female,55-64,22,1,FALSE,FALSE,undefined,undefined,undefined,2019-10-02T18:52:29,app_user
1397,9,24,"TV/Movies, Books",Female,18-24,undefined,undefined,FALSE,FALSE,undefined,"[""Romance"",""Drama"",""Family Friendly"",""Teen"",""Teen Romance"",""Disney"",""High School""]",undefined,undefined,app_user
1398,5,24,"TV/Movies, Books, Podcasts",Female,18-24,undefined,undefined,FALSE,FALSE,undefined,undefined,undefined,undefined,app_user
1399,10,24,TV/Movies,Female,25-34,12,undefined,FALSE,FALSE,undefined,undefined,undefined,undefined,app_user
1400,6,24,"TV/Movies, Books, Podcasts",Female,35-44,11,0,FALSE,FALSE,"[""Fantasy"",""Science Fiction"",""Romance"",""Comedy"",""Outer Space"",""Dystopian Fiction"",""Time Travel"",""Historical Fiction"",""Romantic Comedies"",""Epic Fantasy"",""Magic"",""Self Help"",""Urban Fantasy"",""High Fantasy"",""Young Adult"",""Coming of Age"",""Mental Health"",""Motivation"",""Psychology"",""Cooking""]",undefined,undefined,2022-01-17T11:49:29,app_user
1401,5,24,TV/Movies,Female,65+,undefined,undefined,FALSE,FALSE,undefined,undefined,undefined,undefined,app_user
1402,10,24,Books,Female,35-44,62,0,TRUE,TRUE,"[""Thriller"",""Shocking Twists"",""Psychological Thrillers"",""Mystery"",""True Crime"",""Romance"",""Romantic Comedies""]","[""Crime"",""True Crime"",""Dark Crime"",""Heists"",""Thriller"",""Suspense"",""Shocking Twists"",""Psychological Thrillers"",""Mystery"",""Documentary"",""Docuseries"",""Survival"",""Sports"",""Football"",""Whodunit"",""Action & Adventure"",""Action"",""Adventure"",""Reality"",""Reality Dating"",""Competition"",""Home Improvement"",""Food"",""Horror"",""Supernatural"",""Drama"",""Family Dramas"",""Courtroom Dramas"",""Tearjerkers"",""British Dramas"",""Comedy"",""Romantic Comedy"",""Workplace Comedy"",""Romance"",""Teen Romance"",""Family Friendly"",""Sitcoms""]","[""Comedy"",""Relationship"",""Pop Culture"",""Celebrities"",""Health & Fitness"",""Health"",""Fitness"",""Beauty"",""Crime"",""True Crime"",""Unsolved Crime"",""Dating"",""Love""]",2022-03-17T12:03:41,app_user
1403,10,24,"TV/Movies, Books, Podcasts",Female,55-64,undefined,undefined,FALSE,FALSE,undefined,undefined,undefined,undefined,app_user
1404,4,24,"TV/Movies, Books, Podcasts",Female,55-64,null,null,null,null,null,null,null,null,newsletter
1405,2,24,TV/Movies,Female,45-54,undefined,undefined,FALSE,FALSE,undefined,undefined,undefined,undefined,app_user
1406,1,24,TV/Movies,Male,18-24,null,null,null,null,null,null,null,null,newsletter
1407,10,24,TV/Movies,Female,25-34,577,0,FALSE,FALSE,undefined,undefined,undefined,2020-05-31T10:57:19,app_user
1408,8,24,"TV/Movies, Books, Podcasts",Male,55-64,12,2,FALSE,FALSE,undefined,"[""Comedy"",""Romantic Comedy"",""Workplace Comedy"",""British Comedy"",""Dark Comedy"",""Spoofs and Mockumentaries"",""Drama"",""British Dramas"",""Period Dramas"",""Fantasy"",""Epic Fantasy"",""Magic"",""Mind Bending"",""Superheroes"",""Comic Book Adaptations"",""Marvel"",""Thriller"",""Suspense"",""Mystery"",""Family Friendly"",""Science Fiction"",""Action & Adventure"",""Reality"",""Documentary"",""Docuseries"",""Sports""]",undefined,2021-03-27T12:26:23,app_user
1409,8,24,"Books, Podcasts",Female,35-44,null,null,null,null,null,null,null,null,newsletter
1410,7,24,"TV/Movies, Books",Female,35-44,7,0,FALSE,TRUE,"[""Young Adult"",""Self Help"",""Leadership"",""Whodunit"",""True Crime""]","[""Comedy"",""Whodunit"",""Workplace Comedy"",""British Comedy"",""Crime"",""True Crime"",""Heists"",""Family Friendly"",""Sitcoms""]","[""Crime"",""True Crime"",""Unsolved Crime"",""Health & Fitness"",""Health"",""Fitness"",""Beauty"",""Meditation"",""Science & Technology"",""Science""]",2023-11-02T19:15:07,app_user
1411,3,24,"TV/Movies, Books, Podcasts",Male,65+,2,0,FALSE,FALSE,undefined,"[""Drama"",""Teen"",""Crime"",""Heists"",""True Crime"",""Dark Crime"",""Courtroom Dramas"",""Thriller"",""Superheroes"",""Marvel"",""Shocking Twists"",""Psychological Thrillers"",""Mystery"",""Horror"",""Black Cinema"",""Action & Adventure"",""Documentary"",""Sports"",""LGBTQ+"",""Boxing"",""Whodunit"",""Biopic"",""Basketball"",""Action"",""Adventure"",""Music""]",undefined,undefined,app_user
1412,5,24,"TV/Movies, Books",Female,35-44,undefined,undefined,FALSE,FALSE,undefined,undefined,undefined,undefined,app_user
1413,1,24,"Books, Podcasts",Non-binary,25-34,null,null,null,null,null,null,null,null,newsletter
1414,4,24,TV/Movies,Female,55-64,undefined,undefined,FALSE,FALSE,undefined,undefined,undefined,undefined,app_user
1415,8,24,Books,Female,18-24,96,1,FALSE,TRUE,"[""Fantasy"",""Dark Fantasy"",""Romance"",""Horror"",""Thriller"",""Spy Thrillers"",""Mystery"",""Historical Fiction"",""Paranormal"",""True Crime"",""World War 2"",""Children's Books"",""Memoirs"",""Books for Kids"",""Magic""]","[""Comedy"",""Drama"",""Crime"",""Dark Crime"",""Teen"",""Superheroes"",""Fantasy"",""Thriller"",""Horror"",""Mystery"",""Spy Thrillers"",""Music"",""War""]",undefined,2021-11-18T05:40:28,app_user
1416,10,24,Books,Female,35-44,undefined,undefined,FALSE,FALSE,undefined,undefined,undefined,undefined,app_user
1417,9,24,Books,Female,35-44,505,0,FALSE,TRUE,"[""Fantasy"",""Epic Fantasy"",""Romance"",""Romantic Comedies"",""Comedy"",""Humor"",""Thriller"",""Shocking Twists"",""Spy Thrillers"",""Mystery"",""Science Fiction"",""Dystopian Fiction"",""Outer Space"",""Time Travel"",""Historical Fiction"",""World War 2"",""Classics"",""British Classics"",""Horror"",""Slasher"",""Paranormal"",""Self Help"",""Mental Health"",""Motivation"",""Psychology"",""Poetry"",""Whodunit"",""Cooking"",""Cookbooks"",""Holiday Cookbooks"",""Business"",""Entrepreneurship"",""Leadership"",""Memoirs"",""Children's Books"",""Books for Kids""]","[""Comedy"",""Romantic Comedy"",""Workplace Comedy"",""British Comedy"",""Dark Comedy"",""Spoofs and Mockumentaries"",""Romance"",""Drama"",""Family Dramas"",""Courtroom Dramas"",""Crime"",""Dark Crime"",""Heists"",""Vigilante"",""Fantasy"",""Epic Fantasy"",""Magic"",""Mind Bending"",""Superheroes"",""Comic Book Adaptations"",""Marvel"",""Science Fiction"",""Thriller"",""Suspense"",""Shocking Twists"",""Mystery"",""Spy Thrillers"",""Family Friendly"",""Sitcoms"",""Disney"",""Outer Space"",""Time Travel"",""Robots"",""Dystopian"",""Alien"",""Action & Adventure"",""Action"",""Adventure"",""Music"",""Documentary"",""Docuseries"",""Survival"",""Post Apocalyptic"",""War"",""Whodunit"",""Western"",""Outlaw Western"",""Biopic""]","[""Comedy"",""Parenting"",""Relationship"",""News"",""TV & Movies"",""History"",""Health & Fitness"",""Fiction"",""Comedian"",""Family Friendly"",""Kids"",""Science & Technology"",""Science"",""Technology"",""Health"",""Fitness"",""Mental Health""]",undefined,app_user
1418,10,24,"TV/Movies, Books, Podcasts",Female,55-64,251,0,TRUE,TRUE,"[""Romance"",""Romantic Comedies"",""Tearjerkers"",""Classics""]","[""Comedy"",""Romantic Comedy"",""Romance"",""Drama"",""Family Dramas"",""Tearjerkers"",""Family Friendly"",""Disney"",""Sitcoms""]","[""Crime"",""Health & Fitness"",""Health"",""Fitness"",""Beauty"",""True Crime"",""Unsolved Crime"",""TV & Movies"",""Comedy"",""Family Friendly""]",2021-05-24T18:20:59,app_user
1419,8,24,"TV/Movies, Books",Female,45-54,undefined,undefined,FALSE,FALSE,undefined,undefined,undefined,undefined,app_user
1420,5,24,Books,Female,65+,undefined,undefined,FALSE,FALSE,undefined,undefined,undefined,undefined,app_user
1421,2,24,TV/Movies,Female,55-64,undefined,undefined,FALSE,FALSE,undefined,"[""Comedy"",""Crime"",""Fantasy"",""Superheroes"",""Thriller"",""Horror"",""Family Friendly"",""Science Fiction"",""Action & Adventure"",""Documentary"",""War"",""Whodunit"",""Western"",""Workplace Comedy"",""British Comedy"",""Spoofs and Mockumentaries"",""Heists"",""Vigilante"",""Epic Fantasy"",""Magic"",""Mind Bending"",""Marvel"",""Suspense"",""Shocking Twists"",""Psychological Thrillers"",""Mystery"",""Spy Thrillers"",""Supernatural"",""Slasher"",""Disney"",""Outer Space"",""Time Travel"",""Robots"",""Dystopian"",""Alien"",""Action"",""Adventure"",""Docuseries"",""Outlaw Western""]",undefined,undefined,app_user
1422,8,24,TV/Movies,Male,45-54,null,null,null,null,null,null,null,null,newsletter
1423,9,24,Books,Female,18-24,63,21,TRUE,FALSE,"[""Romance"",""Romantic Comedies"",""Teen Romance"",""Young Adult"",""Coming of Age"",""Comedy"",""Humor"",""Thriller"",""Shocking Twists"",""Psychological Thrillers"",""Historical Fiction"",""World War 2"",""Classics"",""Tearjerkers"",""Self Help"",""Mental Health"",""Motivation"",""Psychology"",""Memoirs""]","[""Comedy"",""Romantic Comedy"",""Stoner Comedy"",""Dark Comedy"",""Romance"",""Drama"",""Family Dramas"",""Courtroom Dramas"",""Tearjerkers"",""Teen Romance"",""High School"",""Superheroes"",""Comic Book Adaptations"",""Marvel"",""Thriller"",""Shocking Twists"",""Psychological Thrillers"",""Spy Thrillers"",""Anime"",""Black Cinema"",""Action & Adventure"",""Action"",""Music"",""Reality"",""Reality Dating"",""Competition"",""Food"",""Biopic""]","[""Relationship"",""Love"",""Dating"",""TV & Movies"",""Health & Fitness"",""Mental Health"",""Self Help"",""News"",""Politics"",""Pop Culture"",""Society & Culture"",""Music"",""Celebrities"",""Health""]",2023-08-23T22:14:58,app_user
1424,10,24,"TV/Movies, Books, Podcasts",Female,25-34,undefined,undefined,FALSE,FALSE,undefined,undefined,undefined,undefined,app_user
1425,6,24,"TV/Movies, Books",Female,45-54,undefined,undefined,FALSE,FALSE,undefined,undefined,undefined,undefined,app_user
1426,9,24,TV/Movies,Female,65+,undefined,undefined,FALSE,FALSE,undefined,undefined,undefined,undefined,app_user
1427,8,24,"TV/Movies, Books",Male,65+,undefined,undefined,FALSE,FALSE,undefined,undefined,undefined,undefined,app_user
1428,1,24,"TV/Movies, Books, Podcasts",Male,65+,undefined,undefined,FALSE,FALSE,undefined,undefined,undefined,undefined,app_user
1429,6,24,TV/Movies,Male,65+,84,4,FALSE,TRUE,undefined,undefined,undefined,2022-03-21T23:14:38,app_user
1430,9,24,"TV/Movies, Books",Male,45-54,56,0,FALSE,TRUE,"[""Thriller"",""Science Fiction"",""Psychological Thrillers"",""Classics""]","[""Science Fiction"",""Horror"",""Thriller"",""Suspense"",""Psychological Thrillers""]",undefined,undefined,app_user
1431,3,24,"TV/Movies, Books, Podcasts",Female,25-34,null,null,null,null,null,null,null,null,newsletter
1432,7,24,TV/Movies,Male,25-34,8,0,FALSE,FALSE,undefined,"[""Comedy"",""Spoofs and Mockumentaries"",""Fantasy"",""Superheroes"",""Comic Book Adaptations"",""Marvel"",""Family Friendly"",""War"",""Action & Adventure"",""Adventure"",""Action"",""Magic"",""Dark Comedy""]",undefined,undefined,app_user
1433,7,24,"TV/Movies, Books",Male,45-54,5,0,TRUE,TRUE,"[""Thriller"",""Young Adult"",""Mystery"",""Psychological Thrillers"",""Spy Thrillers"",""Science Fiction"",""LGBTQ+"",""Whodunit"",""Shocking Twists"",""Coming of Age"",""Dystopian Fiction"",""Time Travel"",""Outer Space""]","[""Comedy"",""Romantic Comedy"",""Teen"",""Superheroes"",""Comic Book Adaptations"",""Marvel"",""Science Fiction"",""Outer Space"",""Time Travel"",""Robots"",""Dystopian"",""Whodunit"",""LGBTQ+"",""Drama"",""Tearjerkers"",""Crime""]",undefined,2024-10-08T17:31:19,app_user
1434,7,24,Books,Female,65+,undefined,undefined,FALSE,FALSE,undefined,undefined,undefined,undefined,app_user
1435,7,24,TV/Movies,Male,45-54,undefined,undefined,FALSE,FALSE,undefined,undefined,undefined,undefined,app_user
1436,10,24,TV/Movies,Female,25-34,undefined,undefined,FALSE,FALSE,undefined,undefined,undefined,undefined,app_user
1437,10,24,TV/Movies,Male,35-44,1629,4,FALSE,FALSE,undefined,undefined,undefined,2020-05-12T00:17:33,app_user
1438,4,24,Books,Prefer not to answer,35-44,undefined,undefined,FALSE,FALSE,undefined,undefined,undefined,undefined,app_user
1439,7,24,TV/Movies,Male,65+,41,0,FALSE,TRUE,undefined,"[""Comedy"",""Romantic Comedy"",""British Comedy"",""Dark Comedy"",""Romance"",""Drama"",""British Dramas"",""Courtroom Dramas"",""Fantasy"",""Epic Fantasy"",""Magic"",""Superheroes"",""Marvel"",""Thriller"",""Suspense"",""Shocking Twists"",""Psychological Thrillers"",""Mystery"",""Spy Thrillers"",""Science Fiction"",""Outer Space"",""Time Travel"",""Robots"",""Dystopian"",""Alien"",""Action & Adventure"",""Action"",""Adventure"",""Political"",""Biopic""]",undefined,undefined,app_user
1440,5,24,"TV/Movies, Books, Podcasts",Female,25-34,13,0,FALSE,FALSE,"[""Romance"",""Fantasy"",""Thriller"",""Mystery"",""Historical Fiction"",""Classics"",""Self Help"",""Whodunit""]","[""Comedy"",""Romance"",""Drama""]",undefined,2021-06-14T07:00:25,app_user
1441,10,24,"TV/Movies, Books, Podcasts",Female,55-64,undefined,undefined,FALSE,FALSE,undefined,undefined,undefined,undefined,app_user
1442,5,24,"TV/Movies, Books, Podcasts",Female,65+,undefined,undefined,FALSE,FALSE,undefined,undefined,undefined,undefined,app_user
1443,0,24,"TV/Movies, Books, Podcasts",Male,65+,undefined,undefined,FALSE,FALSE,undefined,undefined,undefined,undefined,app_user
1444,8,24,"TV/Movies, Books, Podcasts",Female,25-34,undefined,undefined,FALSE,FALSE,undefined,undefined,undefined,undefined,app_user
1445,10,24,Books,Female,65+,214,3,TRUE,FALSE,"[""Historical Fiction"",""Comedy"",""Romance"",""Cookbooks"",""True Crime"",""Memoirs"",""Horror"",""Thriller"",""Tearjerkers"",""Coming of Age"",""Whodunit""]","[""Romance"",""Crime"",""Thriller"",""Tearjerkers"",""Documentary"",""Horror"",""Survival"",""Reality"",""Drama"",""Whodunit""]","[""Crime"",""True Crime""]",undefined,app_user
1446,9,24,TV/Movies,Male,45-54,39,0,FALSE,FALSE,undefined,undefined,undefined,2019-07-10T20:58:53,app_user
1447,7,24,"TV/Movies, Books",Female,65+,undefined,undefined,FALSE,FALSE,undefined,undefined,undefined,undefined,app_user
1448,6,24,TV/Movies,Female,55-64,undefined,undefined,FALSE,FALSE,undefined,undefined,undefined,undefined,app_user
1449,7,24,TV/Movies,Male,55-64,undefined,undefined,FALSE,FALSE,undefined,undefined,undefined,undefined,app_user
1450,1,24,"TV/Movies, Books, Podcasts",Female,65+,undefined,undefined,FALSE,FALSE,"[""Self Help"",""Cooking"",""Thriller""]",undefined,undefined,undefined,app_user
1451,8,24,TV/Movies,Female,35-44,undefined,undefined,FALSE,FALSE,undefined,undefined,undefined,undefined,app_user
1452,6,24,TV/Movies,Female,25-34,15,0,FALSE,FALSE,undefined,undefined,undefined,2020-05-03T23:30:07,app_user
1453,0,24,TV/Movies,Male,18-24,null,null,null,null,null,null,null,null,newsletter
1454,10,24,"TV/Movies, Books",Female,65+,91,0,FALSE,FALSE,undefined,"[""Comedy"",""Romance"",""Crime"",""Family Friendly"",""Music"",""Thriller"",""Tearjerkers"",""Documentary"",""Biopic"",""War"",""Survival"",""Whodunit"",""Drama"",""Political""]",undefined,2019-08-26T16:10:06,app_user
1455,10,24,"TV/Movies, Books",Female,45-54,380,1,FALSE,FALSE,"[""Romance"",""Business"",""Young Adult"",""Fantasy"",""Self Help"",""Historical Fiction"",""Science Fiction"",""Horror"",""Thriller""]","[""Comedy"",""Thriller"",""Science Fiction"",""Fantasy"",""Horror"",""Drama""]","[""Fiction""]",undefined,app_user
1456,9,24,"Books, Podcasts",Female,35-44,8,0,FALSE,TRUE,"[""Cooking"",""Cookbooks"",""Mental Health"",""Psychology"",""Horror"",""Slasher"",""Paranormal""]","[""Comedy"",""Dark Comedy"",""Horror"",""Supernatural"",""Slasher"",""Action & Adventure"",""Action"",""Adventure"",""War"",""Political"",""Survival""]","[""Comedy"",""Relationship"",""Dating"",""Love"",""News"",""Politics""]",undefined,app_user
1457,9,24,Books,Female,25-34,undefined,undefined,FALSE,FALSE,undefined,undefined,undefined,undefined,app_user
1458,1,24,"TV/Movies, Books, Podcasts",Male,55-64,null,null,null,null,null,null,null,null,newsletter
1459,6,24,"TV/Movies, Books",Female,35-44,67,0,TRUE,FALSE,"[""Fantasy"",""Thriller"",""Psychological Thrillers"",""Shocking Twists"",""Historical Fiction"",""Classics"",""British Classics"",""True Crime"",""Self Help"",""Psychology"",""Mental Health"",""Whodunit"",""Cooking"",""Cookbooks"",""Memoirs""]","[""Drama"",""British Dramas"",""Period Dramas"",""Courtroom Dramas"",""Crime"",""True Crime"",""Dark Crime"",""Thriller"",""Shocking Twists"",""Psychological Thrillers"",""Suspense"",""Science Fiction"",""Action & Adventure"",""Documentary"",""Docuseries"",""Comedy"",""British Comedy"",""Dark Comedy"",""Romantic Comedy"",""Heists"",""Fantasy"",""Mind Bending"",""Action"",""Whodunit""]","[""Comedy"",""Comedian"",""Crime"",""True Crime"",""Unsolved Crime"",""Interviews"",""Health & Fitness"",""Mental Health"",""Self Help"",""Meditation""]",undefined,app_user
1460,8,24,Books,Female,35-44,104,0,TRUE,FALSE,"[""Romance"",""Young Adult"",""Fantasy""]","[""Fantasy"",""Comedy"",""Family Friendly"",""Music""]",undefined,undefined,app_user
1461,7,24,"TV/Movies, Books, Podcasts",Female,25-34,undefined,undefined,FALSE,FALSE,undefined,undefined,undefined,undefined,app_user
1462,0,24,"TV/Movies, Books, Podcasts",Female,65+,undefined,undefined,FALSE,FALSE,undefined,undefined,undefined,undefined,app_user
1463,10,24,"TV/Movies, Podcasts",Male,65+,undefined,undefined,FALSE,FALSE,undefined,undefined,undefined,undefined,app_user
1464,10,24,"TV/Movies, Books",Female,45-54,undefined,undefined,FALSE,FALSE,undefined,undefined,undefined,undefined,app_user
1465,8,24,Podcasts,Female,45-54,undefined,undefined,FALSE,FALSE,undefined,undefined,undefined,undefined,app_user
1466,9,24,"TV/Movies, Books",Female,35-44,628,9,TRUE,TRUE,"[""Young Adult"",""Coming of Age"",""Comedy"",""Humor"",""Thriller"",""Teen Romance"",""Shocking Twists"",""Psychological Thrillers"",""Spy Thrillers"",""Mystery"",""Historical Fiction"",""World War 2"",""Classics"",""Horror"",""True Crime"",""Tearjerkers"",""Self Help"",""Mental Health"",""Motivation"",""Psychology"",""Whodunit"",""Cooking"",""Cookbooks"",""Holiday Cookbooks"",""Memoirs""]","[""Comedy"",""Romantic Comedy"",""Dark Comedy"",""Spoofs and Mockumentaries"",""Drama"",""Family Dramas"",""Period Dramas"",""Courtroom Dramas"",""Tearjerkers"",""Crime"",""Dark Crime"",""True Crime"",""Teen"",""Superheroes"",""Marvel"",""Thriller"",""Suspense"",""Shocking Twists"",""Psychological Thrillers"",""Spy Thrillers"",""Mystery"",""Family Friendly"",""Disney"",""Action & Adventure"",""Action"",""Music"",""Adventure"",""Reality"",""Competition"",""Food"",""Documentary"",""Docuseries"",""Sports"",""Football"",""Baseball"",""Whodunit"",""Biopic""]","[""Comedy"",""Crime"",""True Crime"",""Unsolved Crime"",""TV & Movies"",""Music"",""Pop Culture"",""Society & Culture"",""Celebrities"",""History"",""Fiction"",""Interviews""]",2022-01-03T20:07:38,app_user
1467,8,24,Books,Female,18-24,null,null,null,null,null,null,null,null,newsletter
1468,5,24,TV/Movies,Female,65+,34,0,FALSE,FALSE,undefined,undefined,undefined,2020-04-30T19:17:48,app_user
1469,7,24,Books,Female,65+,17,1,FALSE,TRUE,"[""Comedy"",""Humor"",""Thriller"",""Psychological Thrillers"",""Mystery"",""Historical Fiction"",""True Crime""]",undefined,undefined,2022-03-25T17:50:44,app_user
1470,7,24,TV/Movies,Female,55-64,undefined,undefined,FALSE,FALSE,undefined,undefined,undefined,undefined,app_user
1471,5,24,Books,Female,35-44,22,0,FALSE,FALSE,"[""Romance"",""Romantic Comedies"",""Historical Fiction"",""True Crime"",""Tearjerkers"",""Whodunit"",""Self Help"",""Memoirs"",""Comedy"",""Humor"",""Motivation""]",undefined,undefined,2022-03-14T11:03:12,app_user
1472,7,24,TV/Movies,Female,65+,undefined,undefined,FALSE,FALSE,undefined,undefined,undefined,undefined,app_user
1473,6,24,"TV/Movies, Books",Female,35-44,13,1,FALSE,FALSE,"[""Fantasy"",""Magic"",""High Fantasy"",""Urban Fantasy"",""Dark Fantasy"",""Epic Fantasy"",""Romance"",""Romantic Comedies"",""Young Adult"",""Comedy"",""Comedian"",""Humor"",""Thriller"",""Shocking Twists"",""Psychological Thrillers"",""Mystery"",""Science Fiction"",""Dystopian Fiction"",""Time Travel"",""Outer Space"",""Historical Fiction"",""Horror"",""Paranormal"",""True Crime"",""Self Help"",""Motivation"",""Psychology"",""Poetry"",""Memoirs""]","[""Comedy"",""Romantic Comedy"",""British Comedy"",""Dark Comedy"",""Adult Cartoon"",""Stoner Comedy"",""Workplace Comedy"",""Spoofs and Mockumentaries"",""Fantasy"",""Epic Fantasy"",""Mind Bending"",""Superheroes"",""Comic Book Adaptations"",""Marvel"",""Thriller"",""Suspense"",""Shocking Twists"",""Psychological Thrillers"",""Mystery"",""Horror"",""Supernatural"",""Magic"",""Crime"",""True Crime"",""Drama"",""Period Dramas"",""Science Fiction"",""Outer Space"",""Time Travel"",""Dystopian"",""Zombie"",""Robots"",""Alien"",""Action & Adventure"",""Adventure"",""Reality"",""Reality Dating"",""Competition"",""Home Improvement"",""Food"",""Documentary"",""Docuseries"",""Whodunit""]","[""Comedy"",""Comedian"",""Crime"",""True Crime"",""Pop Culture"",""TV & Movies"",""Entrepreneurs"",""Technology"",""Interviews"",""Society & Culture""]",2021-08-24T18:46:00,app_user
1474,8,24,Books,Female,45-54,130,0,FALSE,FALSE,"[""Romance"",""Young Adult"",""Fantasy"",""Comedy""]","[""Comedy"",""Romantic Comedy"",""Drama"",""Fantasy"",""Science Fiction"",""Time Travel"",""Family Dramas"",""Courtroom Dramas"",""Magic"",""Action & Adventure"",""Action"",""Adventure""]",undefined,2021-01-26T01:46:18,app_user
1475,7,24,"TV/Movies, Books, Podcasts",Male,65+,null,null,null,null,null,null,null,null,newsletter
1476,10,24,"TV/Movies, Books, Podcasts",Female,55-64,undefined,undefined,FALSE,FALSE,undefined,"[""Crime""]",undefined,undefined,app_user
1477,5,24,"TV/Movies, Books, Podcasts",Female,65+,undefined,undefined,FALSE,FALSE,undefined,undefined,undefined,undefined,app_user
1478,7,24,"TV/Movies, Books",Female,35-44,13,2,TRUE,FALSE,"[""Fantasy"",""Romance"",""Dark Fantasy"",""Historical Fiction"",""Magic"",""Romantic Comedies"",""Whodunit"",""Comedy""]",undefined,undefined,undefined,app_user
1479,6,24,Books,Female,25-34,29,0,TRUE,TRUE,"[""Fantasy"",""Magic"",""High Fantasy"",""Epic Fantasy"",""Dark Fantasy"",""Young Adult"",""Science Fiction"",""Classics"",""Poetry""]","[""Drama"",""British Dramas"",""Period Dramas"",""Superheroes"",""Fantasy"",""Epic Fantasy"",""Magic"",""Marvel"",""Family Friendly"",""Disney"",""Science Fiction"",""Anime"",""Black Cinema"",""Action & Adventure"",""Music"",""Action"",""Documentary"",""Adventure"",""Political""]","[""Crime"",""True Crime"",""TV & Movies"",""Fiction"",""Interviews""]",undefined,app_user
1480,8,24,"TV/Movies, Books",Male,25-34,undefined,undefined,FALSE,FALSE,undefined,undefined,undefined,undefined,app_user
1481,6,24,"TV/Movies, Books",Female,18-24,1,0,FALSE,FALSE,"[""Comedy"",""Romance"",""Young Adult"",""Business"",""Coming of Age"",""Tearjerkers""]","[""Comedy"",""Romance"",""Music"",""Tearjerkers"",""Teen"",""Reality"",""Drama""]",undefined,undefined,app_user
1482,9,24,TV/Movies,Female,35-44,undefined,undefined,FALSE,FALSE,undefined,undefined,undefined,undefined,app_user
1483,5,24,TV/Movies,Female,45-54,undefined,undefined,FALSE,FALSE,undefined,undefined,undefined,undefined,app_user
1484,0,24,"TV/Movies, Books, Podcasts",Female,35-44,5,0,FALSE,FALSE,undefined,undefined,undefined,2020-04-26T19:24:26,app_user
1485,10,24,TV/Movies,Female,35-44,undefined,undefined,FALSE,FALSE,undefined,undefined,undefined,undefined,app_user
1486,4,24,"TV/Movies, Books, Podcasts",Female,18-24,undefined,undefined,FALSE,FALSE,undefined,undefined,undefined,undefined,app_user
1487,3,24,"TV/Movies, Books, Podcasts",Male,45-54,3,0,FALSE,FALSE,undefined,"[""Comedy""]",undefined,undefined,app_user
1488,9,24,"TV/Movies, Books",Female,45-54,undefined,undefined,FALSE,FALSE,undefined,undefined,undefined,undefined,app_user
1489,4,24,"TV/Movies, Books, Podcasts",Male,35-44,30,0,TRUE,TRUE,undefined,"[""Drama"",""Comedy"",""Workplace Comedy"",""LGBTQ+"",""Dark Comedy"",""Stoner Comedy"",""Family Dramas"",""British Dramas"",""Adult Cartoon"",""Crime"",""Heists"",""Vigilante"",""Fantasy"",""Mind Bending"",""Thriller"",""Suspense"",""Shocking Twists"",""Psychological Thrillers"",""Mystery"",""Spy Thrillers"",""Horror"",""Supernatural"",""Action & Adventure"",""Adventure"",""Action"",""Whodunit"",""Political""]",undefined,2021-03-25T17:46:33,app_user
1490,8,24,"TV/Movies, Books, Podcasts",Female,45-54,undefined,undefined,FALSE,FALSE,undefined,undefined,undefined,undefined,app_user
1491,7,24,TV/Movies,Male,35-44,14,2,FALSE,FALSE,undefined,undefined,undefined,undefined,app_user
1492,8,24,"TV/Movies, Books",Male,55-64,null,null,null,null,null,null,null,null,newsletter
1493,0,24,"TV/Movies, Books, Podcasts",Prefer not to answer,25-34,20,0,FALSE,TRUE,"[""Fantasy"",""High Fantasy"",""Urban Fantasy"",""Epic Fantasy"",""Science Fiction"",""Outer Space"",""Dystopian Fiction"",""LGBTQ+"",""Magic""]","[""Comedy"",""Romantic Comedy"",""Workplace Comedy"",""Stoner Comedy"",""British Comedy"",""Spoofs and Mockumentaries"",""Romance"",""Crime"",""Heists"",""Fantasy"",""Mind Bending"",""Epic Fantasy"",""Magic"",""Family Friendly"",""Sitcoms"",""LGBTQ+"",""Documentary""]",undefined,undefined,app_user
1494,8,24,Books,Female,18-24,null,null,null,null,null,null,null,null,newsletter
1495,10,24,TV/Movies,Female,35-44,undefined,undefined,FALSE,FALSE,undefined,undefined,undefined,undefined,app_user
1496,1,24,TV/Movies,Female,65+,undefined,undefined,FALSE,FALSE,undefined,undefined,undefined,undefined,app_user
1497,5,24,Books,Female,35-44,undefined,undefined,FALSE,FALSE,undefined,undefined,undefined,undefined,app_user
1498,8,24,Books,Female,65+,undefined,undefined,FALSE,FALSE,undefined,undefined,undefined,undefined,app_user
1499,10,24,"TV/Movies, Books, Podcasts",Female,25-34,undefined,undefined,FALSE,FALSE,undefined,undefined,undefined,undefined,app_user
1500,7,24,Books,Female,18-24,51,0,FALSE,FALSE,"[""Romance"",""Romantic Comedies"",""Teen Romance"",""Young Adult"",""Comedy"",""Humor"",""Tearjerkers"",""Fantasy"",""Dark Fantasy"",""High Fantasy"",""Magic"",""Coming of Age"",""Science Fiction""]","[""Comedy"",""Romantic Comedy"",""Workplace Comedy"",""British Comedy"",""Stoner Comedy"",""Dark Comedy"",""Spoofs and Mockumentaries"",""Romance"",""Teen Romance"",""Crime"",""True Crime"",""Heists"",""Teen"",""High School"",""Fantasy"",""Epic Fantasy"",""Thriller"",""Suspense"",""Psychological Thrillers"",""Spy Thrillers"",""Science Fiction"",""Anime"",""Action & Adventure"",""Action"",""Adventure"",""Drama"",""Family Dramas""]","[""Comedy"",""TV & Movies"",""Pop Culture"",""Society & Culture"",""Comedian"",""Crime"",""True Crime"",""Unsolved Crime"",""Fiction"",""History"",""Music"",""Love""]",2021-12-21T16:59:04,app_user
1501,4,24,"TV/Movies, Books, Podcasts",Male,35-44,3,0,FALSE,FALSE,undefined,undefined,undefined,undefined,app_user
1502,10,24,"TV/Movies, Books, Podcasts",Female,35-44,1,0,FALSE,FALSE,"[""Self Help"",""Science Fiction"",""Memoirs"",""Leadership"",""Fantasy""]","[""Comedy"",""Romance"",""Science Fiction"",""Documentary"",""Anime"",""Drama"",""Political"",""Family Friendly""]",undefined,undefined,app_user
1503,9,24,"Books, Podcasts",Female,35-44,14,0,TRUE,TRUE,"[""Self Help"",""Mental Health"",""Psychology"",""Motivation"",""Thriller"",""Shocking Twists"",""Psychological Thrillers"",""Mystery"",""Whodunit""]","[""Comedy"",""Dark Comedy"",""Adult Cartoon"",""Drama"",""British Dramas"",""Courtroom Dramas"",""Tearjerkers"",""Crime"",""Dark Crime"",""True Crime"",""Thriller"",""Suspense"",""Shocking Twists"",""Psychological Thrillers"",""Mystery"",""Horror"",""Fantasy"",""Mind Bending"",""Epic Fantasy"",""Magic"",""Supernatural"",""Family Friendly"",""Anime"",""Action & Adventure"",""Action"",""Adventure"",""Science Fiction"",""Time Travel"",""Dystopian"",""Music"",""Documentary"",""Docuseries""]","[""Pop Culture"",""News"",""Parenting"",""Society & Culture"",""Music"",""TV & Movies"",""Crime"",""True Crime"",""Unsolved Crime"",""Comedy"",""Comedian"",""Celebrities"",""Interviews""]",2021-04-24T15:09:32,app_user
1504,8,24,"TV/Movies, Books, Podcasts",Female,55-64,undefined,undefined,FALSE,FALSE,undefined,undefined,undefined,undefined,app_user
1505,5,24,"TV/Movies, Books",Female,55-64,null,null,null,null,null,null,null,null,newsletter
1506,6,24,"TV/Movies, Books",Male,45-54,undefined,undefined,FALSE,FALSE,undefined,undefined,undefined,undefined,app_user
1507,7,24,"TV/Movies, Books, Podcasts",Female,25-34,19,0,FALSE,FALSE,undefined,undefined,undefined,2020-05-12T23:16:43,app_user
1508,7,24,TV/Movies,Female,25-34,6,0,TRUE,TRUE,"[""Memoirs"",""Historical Fiction"",""World War 2"",""Classics"",""Young Adult"",""Romance"",""Poetry"",""True Crime""]",undefined,undefined,2021-05-11T00:05:03,app_user
1509,10,24,"TV/Movies, Books, Podcasts",Male,65+,undefined,undefined,FALSE,FALSE,undefined,undefined,undefined,undefined,app_user
1510,8,24,Books,Male,45-54,undefined,undefined,FALSE,FALSE,undefined,undefined,undefined,undefined,app_user
1511,9,24,TV/Movies,Female,35-44,2,0,FALSE,FALSE,"[""Fantasy"",""Young Adult"",""Comedy"",""Humor"",""Tearjerkers"",""Romance"",""Romantic Comedies"",""Magic""]",undefined,undefined,2021-02-19T08:37:05,app_user
1512,8,24,"TV/Movies, Podcasts",Female,45-54,undefined,undefined,FALSE,FALSE,undefined,undefined,undefined,undefined,app_user
1513,8,24,Books,Female,55-64,9,2,FALSE,FALSE,"[""Fantasy"",""Magic"",""Urban Fantasy"",""Romance"",""Science Fiction"",""Outer Space"",""Horror""]",undefined,"[""Comedy"",""Music"",""News""]",undefined,app_user
1514,10,24,"TV/Movies, Books",Female,18-24,68,0,FALSE,FALSE,"[""Comedy"",""Romance"",""Young Adult"",""Fantasy"",""Historical Fiction"",""Cookbooks"",""Self Help"",""Poetry"",""True Crime"",""Horror"",""Thriller"",""LGBTQ+"",""Coming of Age"",""Science Fiction""]","[""Comedy"",""Crime"",""Family Friendly"",""Music"",""Thriller"",""Science Fiction"",""Fantasy"",""Superheroes"",""Teen"",""Documentary"",""War"",""Anime"",""Horror"",""LGBTQ+"",""Reality"",""Survival"",""Drama"",""Romance""]","[""True Crime"",""Celebrities"",""Comedy"",""Relationship"",""Pop Culture"",""Health & Fitness"",""TV & Movies"",""Music"",""History"",""Interviews"",""Fiction"",""News""]",2021-01-18T15:47:41,app_user
1515,5,24,TV/Movies,Female,25-34,43,0,TRUE,TRUE,"[""Thriller"",""Psychological Thrillers"",""Shocking Twists"",""LGBTQ+"",""Whodunit"",""Cooking"",""Cookbooks"",""Memoirs"",""Young Adult"",""Coming of Age"",""Comedy"",""Comedian""]","[""Whodunit"",""Family Friendly"",""Comedy"",""Workplace Comedy"",""Sitcoms"",""Documentary"",""Docuseries"",""Political"",""Biopic"",""LGBTQ+""]",undefined,undefined,app_user
1516,9,24,"TV/Movies, Books, Podcasts",Female,45-54,undefined,undefined,FALSE,FALSE,undefined,undefined,undefined,undefined,app_user
1517,4,24,TV/Movies,Male,45-54,8,0,FALSE,FALSE,undefined,undefined,undefined,2020-05-03T21:19:12,app_user
1518,7,24,Books,Female,65+,9,0,FALSE,FALSE,"[""Fantasy"",""Comedy"",""Comedian"",""Humor"",""Thriller"",""Psychological Thrillers"",""Science Fiction"",""Mystery"",""Dystopian Fiction"",""Time Travel"",""Memoirs""]","[""Comedy"",""Romantic Comedy"",""British Comedy"",""Spoofs and Mockumentaries"",""Romance"",""Dark Comedy"",""Drama"",""British Dramas"",""Period Dramas"",""Crime"",""Tearjerkers"",""Thriller"",""Psychological Thrillers"",""Mystery"",""Science Fiction"",""Time Travel"",""Robots"",""Dystopian"",""Documentary"",""Biopic""]",undefined,undefined,app_user
1519,6,24,TV/Movies,Female,35-44,19,0,FALSE,FALSE,"[""Horror"",""True Crime"",""Classics"",""Historical Fiction"",""British Classics"",""Paranormal"",""Romantic Comedies"",""Thriller"",""Psychological Thrillers"",""Shocking Twists"",""Mystery""]","[""Horror"",""Documentary"",""Biopic"",""Fantasy"",""Science Fiction"",""Thriller"",""Music"",""Comedy""]","[""True Crime"",""Fiction"",""History"",""Music"",""News""]",undefined,app_user
1520,10,24,TV/Movies,Female,35-44,11,0,FALSE,FALSE,undefined,undefined,undefined,2020-06-18T20:48:04,app_user
1521,8,24,TV/Movies,Female,25-34,124,0,FALSE,TRUE,"[""Romance"",""Fantasy"",""Romantic Comedies"",""Comedy"",""Comedian"",""Poetry"",""Memoirs""]","[""Superheroes"",""Teen"",""Drama"",""Comedy"",""Romantic Comedy"",""Romance"",""Family Dramas"",""Fantasy"",""Epic Fantasy"",""Magic"",""Mind Bending"",""Marvel"",""Science Fiction"",""Time Travel"",""Outer Space"",""Action & Adventure"",""Reality"",""Home Improvement"",""Reality Dating"",""Documentary"",""Docuseries"",""Political""]",undefined,2021-12-30T17:15:31,app_user
1522,9,24,TV/Movies,Male,45-54,28,0,FALSE,TRUE,undefined,"[""Thriller"",""Psychological Thrillers"",""Suspense""]",undefined,undefined,app_user
1523,5,24,"TV/Movies, Podcasts",Female,65+,16,0,TRUE,FALSE,"[""True Crime""]","[""Comedy"",""Documentary"",""Reality"",""Reality Dating"",""Docuseries"",""Home Improvement"",""Food"",""Whodunit""]","[""TV & Movies"",""True Crime"",""Unsolved Crime"",""Celebrities"",""Pop Culture"",""History"",""Interviews""]",2023-01-01T20:00:13,app_user
1524,6,24,"TV/Movies, Books, Podcasts",Female,55-64,null,null,null,null,null,null,null,null,newsletter
1525,7,24,Books,Female,35-44,null,null,null,null,null,null,null,null,newsletter
1526,8,24,"TV/Movies, Books",Male,45-54,undefined,undefined,FALSE,FALSE,undefined,undefined,undefined,undefined,app_user
1527,9,24,"TV/Movies, Books, Podcasts",Female,25-34,4,0,TRUE,TRUE,"[""Horror"",""True Crime"",""Thriller"",""Shocking Twists"",""Psychological Thrillers"",""Mystery"",""Dystopian Fiction"",""Time Travel"",""Historical Fiction"",""World War 2"",""Classics"",""Memoirs"",""Whodunit"",""Poetry""]","[""LGBTQ+"",""Crime"",""True Crime"",""Thriller"",""Suspense"",""Shocking Twists"",""Psychological Thrillers"",""Mystery"",""Horror"",""Anime"",""Documentary"",""Docuseries"",""Political"",""Food"",""Dystopian"",""Time Travel"",""Outer Space""]","[""Interviews"",""History"",""Crime"",""Unsolved Crime"",""True Crime"",""News"",""Politics"",""Science""]",undefined,app_user
1528,9,24,TV/Movies,Female,35-44,null,null,null,null,null,null,null,null,newsletter
1529,8,24,TV/Movies,Male,25-34,undefined,undefined,FALSE,FALSE,undefined,"[""Comedy"",""Crime"",""Sports"",""Music"",""Thriller"",""Superheroes"",""Action & Adventure""]",undefined,undefined,app_user
1530,10,24,Books,Female,18-24,12,0,FALSE,FALSE,"[""Horror"",""Paranormal"",""True Crime"",""Poetry"",""Romance"",""Teen Romance"",""Self Help"",""Mental Health"",""Motivation"",""Whodunit"",""Memoirs"",""Young Adult"",""Coming of Age""]","[""Horror"",""Comedy"",""Drama""]",undefined,2024-06-02T13:08:18,app_user
1531,7,24,"TV/Movies, Books, Podcasts",Female,35-44,63,3,TRUE,TRUE,"[""Romance"",""Memoirs""]","[""Romance"",""Romantic Comedy"",""Drama"",""Period Dramas"",""Reality"",""Documentary"",""Music"",""Biopic""]","[""Relationship"",""Celebrities"",""Pop Culture"",""Society & Culture"",""TV & Movies""]",2022-06-05T18:07:59,app_user
1532,8,24,"TV/Movies, Books",Male,25-34,321,0,FALSE,FALSE,undefined,"[""Comedy"",""Crime"",""Science Fiction"",""Superheroes"",""Documentary"",""Fantasy"",""Drama"",""Whodunit"",""Political"",""War""]",undefined,undefined,app_user
1533,9,24,TV/Movies,Female,18-24,313,6,FALSE,TRUE,undefined,"[""Drama"",""Teen"",""Comedy"",""Teen Romance"",""Thriller"",""Biopic"",""Science Fiction"",""Alien"",""Documentary"",""Docuseries"",""Romantic Comedy""]",undefined,2022-08-04T13:29:04,app_user
1534,10,24,"TV/Movies, Podcasts",Female,18-24,undefined,undefined,FALSE,FALSE,undefined,"[""Crime""]",undefined,undefined,app_user
1535,10,24,"TV/Movies, Books",Female,25-34,15,0,FALSE,FALSE,undefined,undefined,undefined,2020-02-17T18:14:41,app_user
1536,7,24,Books,Female,18-24,68,1,TRUE,TRUE,"[""Romance"",""Young Adult"",""Fantasy"",""Urban Fantasy"",""Dark Fantasy"",""Epic Fantasy"",""High Fantasy"",""Science Fiction"",""Dystopian Fiction""]",undefined,undefined,2022-05-30T13:02:35,app_user
1537,9,24,TV/Movies,Non-binary,55-64,217,3,FALSE,FALSE,"[""Fantasy"",""Dark Fantasy"",""Romance"",""Teen Romance"",""Historical Fiction"",""World War 2"",""Science Fiction"",""Time Travel"",""Outer Space"",""Dystopian Fiction"",""High Fantasy"",""Magic"",""LGBTQ+"",""Horror"",""Paranormal"",""Memoirs""]",undefined,"[""Comedy"",""Crime"",""TV & Movies"",""Music"",""Pop Culture"",""Relationship"",""Dating"",""Love"",""Celebrities"",""History"",""Fiction"",""Science & Technology"",""Science"",""Technology""]",undefined,app_user
1538,1,24,"TV/Movies, Books, Podcasts",Female,45-54,49,1,TRUE,TRUE,"[""Romance"",""Thriller"",""Shocking Twists"",""Psychological Thrillers"",""Mystery"",""Historical Fiction"",""Tearjerkers"",""Whodunit"",""Memoirs""]","[""Drama"",""Period Dramas"",""Thriller"",""Tearjerkers"",""Suspense"",""Shocking Twists"",""Psychological Thrillers"",""Mystery"",""Spy Thrillers"",""Romance"",""Music"",""Survival"",""Reality"",""Dystopian"",""Political""]",undefined,2021-06-16T20:33:19,app_user
1539,8,24,TV/Movies,Female,25-34,48,0,TRUE,FALSE,undefined,"[""Comedy"",""Romantic Comedy"",""LGBTQ+"",""Reality"",""Reality Dating"",""Documentary"",""Docuseries"",""Drama""]",undefined,2022-03-12T10:24:45,app_user
1540,9,24,"TV/Movies, Books",Female,25-34,287,0,TRUE,TRUE,"[""Fantasy"",""Romance"",""Young Adult"",""Comedy"",""Classics"",""Historical Fiction"",""Science Fiction"",""Tearjerkers"",""Poetry"",""Whodunit"",""Children's Books""]","[""Comedy"",""Romantic Comedy"",""Romance"",""Superheroes"",""Fantasy"",""Marvel"",""Family Friendly"",""Disney"",""Sitcoms"",""Action & Adventure"",""Reality"",""Home Improvement"",""Competition"",""Food"",""Documentary"",""Whodunit""]","[""Comedy"",""Crime"",""History"",""Fiction"",""Parenting"",""Family Friendly"",""Kids"",""Science & Technology"",""Science"",""Technology"",""Unsolved Crime"",""True Crime"",""Comedian""]",undefined,app_user
